seed,held_out,train_worlds,policy,hide_dest,runs,goals,goal_rate,avg_energy,energy_score,gap_to_opt,ltm_or_keys,votes_or_pref,rules_or_votes
101,Terrain-A,Terrain-B+Terrain-C+Terrain-D+Terrain-01+Terrain-02+Terrain-03+Terrain-04+Terrain-05+Terrain-06+Terrain-07+Terrain-08+Terrain-09+Terrain-10+Terrain-11+Terrain-12+Terrain-13+Terrain-14+Terrain-15+Terrain-16,SuccessWeighted,0,30,30,1,29.1528,29.1528,5.1812,512,885,512
101,Terrain-A,Terrain-B+Terrain-C+Terrain-D+Terrain-01+Terrain-02+Terrain-03+Terrain-04+Terrain-05+Terrain-06+Terrain-07+Terrain-08+Terrain-09+Terrain-10+Terrain-11+Terrain-12+Terrain-13+Terrain-14+Terrain-15+Terrain-16,TabularNgramBC,0,30,30,1,83.2277,83.2277,14.7916,289,225417,289
101,Terrain-A,Terrain-B+Terrain-C+Terrain-D+Terrain-01+Terrain-02+Terrain-03+Terrain-04+Terrain-05+Terrain-06+Terrain-07+Terrain-08+Terrain-09+Terrain-10+Terrain-11+Terrain-12+Terrain-13+Terrain-14+Terrain-15+Terrain-16,EmptyLTM,0,30,30,1,120.429,120.429,21.4033,0,0,0
202,Terrain-A,Terrain-B+Terrain-C+Terrain-D+Terrain-01+Terrain-02+Terrain-03+Terrain-04+Terrain-05+Terrain-06+Terrain-07+Terrain-08+Terrain-09+Terrain-10+Terrain-11+Terrain-12+Terrain-13+Terrain-14+Terrain-15+Terrain-16,SuccessWeighted,0,30,30,1,34.3341,34.3341,6.102,512,901,512
202,Terrain-A,Terrain-B+Terrain-C+Terrain-D+Terrain-01+Terrain-02+Terrain-03+Terrain-04+Terrain-05+Terrain-06+Terrain-07+Terrain-08+Terrain-09+Terrain-10+Terrain-11+Terrain-12+Terrain-13+Terrain-14+Terrain-15+Terrain-16,TabularNgramBC,0,30,30,1,97.8803,97.8803,17.3958,287,225651,287
202,Terrain-A,Terrain-B+Terrain-C+Terrain-D+Terrain-01+Terrain-02+Terrain-03+Terrain-04+Terrain-05+Terrain-06+Terrain-07+Terrain-08+Terrain-09+Terrain-10+Terrain-11+Terrain-12+Terrain-13+Terrain-14+Terrain-15+Terrain-16,EmptyLTM,0,30,30,1,141.4705,141.4705,25.1429,0,0,0
303,Terrain-A,Terrain-B+Terrain-C+Terrain-D+Terrain-01+Terrain-02+Terrain-03+Terrain-04+Terrain-05+Terrain-06+Terrain-07+Terrain-08+Terrain-09+Terrain-10+Terrain-11+Terrain-12+Terrain-13+Terrain-14+Terrain-15+Terrain-16,SuccessWeighted,0,30,30,1,31.2062,31.2062,5.5461,512,904,512
303,Terrain-A,Terrain-B+Terrain-C+Terrain-D+Terrain-01+Terrain-02+Terrain-03+Terrain-04+Terrain-05+Terrain-06+Terrain-07+Terrain-08+Terrain-09+Terrain-10+Terrain-11+Terrain-12+Terrain-13+Terrain-14+Terrain-15+Terrain-16,TabularNgramBC,0,30,30,1,109.4244,109.4244,19.4475,290,225483,290
303,Terrain-A,Terrain-B+Terrain-C+Terrain-D+Terrain-01+Terrain-02+Terrain-03+Terrain-04+Terrain-05+Terrain-06+Terrain-07+Terrain-08+Terrain-09+Terrain-10+Terrain-11+Terrain-12+Terrain-13+Terrain-14+Terrain-15+Terrain-16,EmptyLTM,0,30,30,1,109.1831,109.1831,19.4046,0,0,0
404,Terrain-A,Terrain-B+Terrain-C+Terrain-D+Terrain-01+Terrain-02+Terrain-03+Terrain-04+Terrain-05+Terrain-06+Terrain-07+Terrain-08+Terrain-09+Terrain-10+Terrain-11+Terrain-12+Terrain-13+Terrain-14+Terrain-15+Terrain-16,SuccessWeighted,0,30,30,1,27.7426,27.7426,4.9306,512,885,512
404,Terrain-A,Terrain-B+Terrain-C+Terrain-D+Terrain-01+Terrain-02+Terrain-03+Terrain-04+Terrain-05+Terrain-06+Terrain-07+Terrain-08+Terrain-09+Terrain-10+Terrain-11+Terrain-12+Terrain-13+Terrain-14+Terrain-15+Terrain-16,TabularNgramBC,0,30,30,1,110.1036,110.1036,19.5682,287,225351,287
404,Terrain-A,Terrain-B+Terrain-C+Terrain-D+Terrain-01+Terrain-02+Terrain-03+Terrain-04+Terrain-05+Terrain-06+Terrain-07+Terrain-08+Terrain-09+Terrain-10+Terrain-11+Terrain-12+Terrain-13+Terrain-14+Terrain-15+Terrain-16,EmptyLTM,0,30,30,1,134.0224,134.0224,23.8191,0,0,0
505,Terrain-A,Terrain-B+Terrain-C+Terrain-D+Terrain-01+Terrain-02+Terrain-03+Terrain-04+Terrain-05+Terrain-06+Terrain-07+Terrain-08+Terrain-09+Terrain-10+Terrain-11+Terrain-12+Terrain-13+Terrain-14+Terrain-15+Terrain-16,SuccessWeighted,0,30,30,1,25.6952,25.6952,4.5667,512,896,512
505,Terrain-A,Terrain-B+Terrain-C+Terrain-D+Terrain-01+Terrain-02+Terrain-03+Terrain-04+Terrain-05+Terrain-06+Terrain-07+Terrain-08+Terrain-09+Terrain-10+Terrain-11+Terrain-12+Terrain-13+Terrain-14+Terrain-15+Terrain-16,TabularNgramBC,0,30,30,1,102.2574,102.2574,18.1737,296,225597,296
505,Terrain-A,Terrain-B+Terrain-C+Terrain-D+Terrain-01+Terrain-02+Terrain-03+Terrain-04+Terrain-05+Terrain-06+Terrain-07+Terrain-08+Terrain-09+Terrain-10+Terrain-11+Terrain-12+Terrain-13+Terrain-14+Terrain-15+Terrain-16,EmptyLTM,0,30,30,1,108.1413,108.1413,19.2194,0,0,0
606,Terrain-A,Terrain-B+Terrain-C+Terrain-D+Terrain-01+Terrain-02+Terrain-03+Terrain-04+Terrain-05+Terrain-06+Terrain-07+Terrain-08+Terrain-09+Terrain-10+Terrain-11+Terrain-12+Terrain-13+Terrain-14+Terrain-15+Terrain-16,SuccessWeighted,0,30,30,1,32.9148,32.9148,5.8498,512,896,512
606,Terrain-A,Terrain-B+Terrain-C+Terrain-D+Terrain-01+Terrain-02+Terrain-03+Terrain-04+Terrain-05+Terrain-06+Terrain-07+Terrain-08+Terrain-09+Terrain-10+Terrain-11+Terrain-12+Terrain-13+Terrain-14+Terrain-15+Terrain-16,TabularNgramBC,0,30,30,1,103.2887,103.2887,18.357,288,225423,288
606,Terrain-A,Terrain-B+Terrain-C+Terrain-D+Terrain-01+Terrain-02+Terrain-03+Terrain-04+Terrain-05+Terrain-06+Terrain-07+Terrain-08+Terrain-09+Terrain-10+Terrain-11+Terrain-12+Terrain-13+Terrain-14+Terrain-15+Terrain-16,EmptyLTM,0,30,30,1,138.1982,138.1982,24.5613,0,0,0
707,Terrain-A,Terrain-B+Terrain-C+Terrain-D+Terrain-01+Terrain-02+Terrain-03+Terrain-04+Terrain-05+Terrain-06+Terrain-07+Terrain-08+Terrain-09+Terrain-10+Terrain-11+Terrain-12+Terrain-13+Terrain-14+Terrain-15+Terrain-16,SuccessWeighted,0,30,30,1,42.1203,42.1203,7.4858,512,891,512
707,Terrain-A,Terrain-B+Terrain-C+Terrain-D+Terrain-01+Terrain-02+Terrain-03+Terrain-04+Terrain-05+Terrain-06+Terrain-07+Terrain-08+Terrain-09+Terrain-10+Terrain-11+Terrain-12+Terrain-13+Terrain-14+Terrain-15+Terrain-16,TabularNgramBC,0,30,30,1,104.8752,104.8752,18.639,288,225492,288
707,Terrain-A,Terrain-B+Terrain-C+Terrain-D+Terrain-01+Terrain-02+Terrain-03+Terrain-04+Terrain-05+Terrain-06+Terrain-07+Terrain-08+Terrain-09+Terrain-10+Terrain-11+Terrain-12+Terrain-13+Terrain-14+Terrain-15+Terrain-16,EmptyLTM,0,30,30,1,137.6294,137.6294,24.4602,0,0,0
808,Terrain-A,Terrain-B+Terrain-C+Terrain-D+Terrain-01+Terrain-02+Terrain-03+Terrain-04+Terrain-05+Terrain-06+Terrain-07+Terrain-08+Terrain-09+Terrain-10+Terrain-11+Terrain-12+Terrain-13+Terrain-14+Terrain-15+Terrain-16,SuccessWeighted,0,30,30,1,33.4012,33.4012,5.9362,512,885,512
808,Terrain-A,Terrain-B+Terrain-C+Terrain-D+Terrain-01+Terrain-02+Terrain-03+Terrain-04+Terrain-05+Terrain-06+Terrain-07+Terrain-08+Terrain-09+Terrain-10+Terrain-11+Terrain-12+Terrain-13+Terrain-14+Terrain-15+Terrain-16,TabularNgramBC,0,30,30,1,77.9494,77.9494,13.8536,298,225573,298
808,Terrain-A,Terrain-B+Terrain-C+Terrain-D+Terrain-01+Terrain-02+Terrain-03+Terrain-04+Terrain-05+Terrain-06+Terrain-07+Terrain-08+Terrain-09+Terrain-10+Terrain-11+Terrain-12+Terrain-13+Terrain-14+Terrain-15+Terrain-16,EmptyLTM,0,30,30,1,133.3297,133.3297,23.696,0,0,0
909,Terrain-A,Terrain-B+Terrain-C+Terrain-D+Terrain-01+Terrain-02+Terrain-03+Terrain-04+Terrain-05+Terrain-06+Terrain-07+Terrain-08+Terrain-09+Terrain-10+Terrain-11+Terrain-12+Terrain-13+Terrain-14+Terrain-15+Terrain-16,SuccessWeighted,0,30,30,1,28.7996,28.7996,5.1184,512,889,512
909,Terrain-A,Terrain-B+Terrain-C+Terrain-D+Terrain-01+Terrain-02+Terrain-03+Terrain-04+Terrain-05+Terrain-06+Terrain-07+Terrain-08+Terrain-09+Terrain-10+Terrain-11+Terrain-12+Terrain-13+Terrain-14+Terrain-15+Terrain-16,TabularNgramBC,0,30,30,1,87.5066,87.5066,15.5521,292,225408,292
909,Terrain-A,Terrain-B+Terrain-C+Terrain-D+Terrain-01+Terrain-02+Terrain-03+Terrain-04+Terrain-05+Terrain-06+Terrain-07+Terrain-08+Terrain-09+Terrain-10+Terrain-11+Terrain-12+Terrain-13+Terrain-14+Terrain-15+Terrain-16,EmptyLTM,0,30,30,1,129.0669,129.0669,22.9384,0,0,0
1010,Terrain-A,Terrain-B+Terrain-C+Terrain-D+Terrain-01+Terrain-02+Terrain-03+Terrain-04+Terrain-05+Terrain-06+Terrain-07+Terrain-08+Terrain-09+Terrain-10+Terrain-11+Terrain-12+Terrain-13+Terrain-14+Terrain-15+Terrain-16,SuccessWeighted,0,30,30,1,37.833,37.833,6.7239,512,882,512
1010,Terrain-A,Terrain-B+Terrain-C+Terrain-D+Terrain-01+Terrain-02+Terrain-03+Terrain-04+Terrain-05+Terrain-06+Terrain-07+Terrain-08+Terrain-09+Terrain-10+Terrain-11+Terrain-12+Terrain-13+Terrain-14+Terrain-15+Terrain-16,TabularNgramBC,0,30,30,1,104.7594,104.7594,18.6184,285,225549,285
1010,Terrain-A,Terrain-B+Terrain-C+Terrain-D+Terrain-01+Terrain-02+Terrain-03+Terrain-04+Terrain-05+Terrain-06+Terrain-07+Terrain-08+Terrain-09+Terrain-10+Terrain-11+Terrain-12+Terrain-13+Terrain-14+Terrain-15+Terrain-16,EmptyLTM,0,30,30,1,108.4714,108.4714,19.2781,0,0,0
1111,Terrain-A,Terrain-B+Terrain-C+Terrain-D+Terrain-01+Terrain-02+Terrain-03+Terrain-04+Terrain-05+Terrain-06+Terrain-07+Terrain-08+Terrain-09+Terrain-10+Terrain-11+Terrain-12+Terrain-13+Terrain-14+Terrain-15+Terrain-16,SuccessWeighted,0,30,30,1,24.9008,24.9008,4.4255,512,890,512
1111,Terrain-A,Terrain-B+Terrain-C+Terrain-D+Terrain-01+Terrain-02+Terrain-03+Terrain-04+Terrain-05+Terrain-06+Terrain-07+Terrain-08+Terrain-09+Terrain-10+Terrain-11+Terrain-12+Terrain-13+Terrain-14+Terrain-15+Terrain-16,TabularNgramBC,0,30,30,1,101.5519,101.5519,18.0483,289,225495,289
1111,Terrain-A,Terrain-B+Terrain-C+Terrain-D+Terrain-01+Terrain-02+Terrain-03+Terrain-04+Terrain-05+Terrain-06+Terrain-07+Terrain-08+Terrain-09+Terrain-10+Terrain-11+Terrain-12+Terrain-13+Terrain-14+Terrain-15+Terrain-16,EmptyLTM,0,30,30,1,123.8588,123.8588,22.0128,0,0,0
1212,Terrain-A,Terrain-B+Terrain-C+Terrain-D+Terrain-01+Terrain-02+Terrain-03+Terrain-04+Terrain-05+Terrain-06+Terrain-07+Terrain-08+Terrain-09+Terrain-10+Terrain-11+Terrain-12+Terrain-13+Terrain-14+Terrain-15+Terrain-16,SuccessWeighted,0,30,30,1,33.6774,33.6774,5.9853,512,893,512
1212,Terrain-A,Terrain-B+Terrain-C+Terrain-D+Terrain-01+Terrain-02+Terrain-03+Terrain-04+Terrain-05+Terrain-06+Terrain-07+Terrain-08+Terrain-09+Terrain-10+Terrain-11+Terrain-12+Terrain-13+Terrain-14+Terrain-15+Terrain-16,TabularNgramBC,0,30,30,1,96.9528,96.9528,17.2309,294,225456,294
1212,Terrain-A,Terrain-B+Terrain-C+Terrain-D+Terrain-01+Terrain-02+Terrain-03+Terrain-04+Terrain-05+Terrain-06+Terrain-07+Terrain-08+Terrain-09+Terrain-10+Terrain-11+Terrain-12+Terrain-13+Terrain-14+Terrain-15+Terrain-16,EmptyLTM,0,30,30,1,140.2692,140.2692,24.9293,0,0,0
1313,Terrain-A,Terrain-B+Terrain-C+Terrain-D+Terrain-01+Terrain-02+Terrain-03+Terrain-04+Terrain-05+Terrain-06+Terrain-07+Terrain-08+Terrain-09+Terrain-10+Terrain-11+Terrain-12+Terrain-13+Terrain-14+Terrain-15+Terrain-16,SuccessWeighted,0,30,30,1,28.2914,28.2914,5.0281,512,907,512
1313,Terrain-A,Terrain-B+Terrain-C+Terrain-D+Terrain-01+Terrain-02+Terrain-03+Terrain-04+Terrain-05+Terrain-06+Terrain-07+Terrain-08+Terrain-09+Terrain-10+Terrain-11+Terrain-12+Terrain-13+Terrain-14+Terrain-15+Terrain-16,TabularNgramBC,0,30,30,1,101.503,101.503,18.0396,288,225525,288
1313,Terrain-A,Terrain-B+Terrain-C+Terrain-D+Terrain-01+Terrain-02+Terrain-03+Terrain-04+Terrain-05+Terrain-06+Terrain-07+Terrain-08+Terrain-09+Terrain-10+Terrain-11+Terrain-12+Terrain-13+Terrain-14+Terrain-15+Terrain-16,EmptyLTM,0,30,30,1,170.1988,170.1988,30.2486,0,0,0
1414,Terrain-A,Terrain-B+Terrain-C+Terrain-D+Terrain-01+Terrain-02+Terrain-03+Terrain-04+Terrain-05+Terrain-06+Terrain-07+Terrain-08+Terrain-09+Terrain-10+Terrain-11+Terrain-12+Terrain-13+Terrain-14+Terrain-15+Terrain-16,SuccessWeighted,0,30,30,1,33.4118,33.4118,5.9381,512,881,512
1414,Terrain-A,Terrain-B+Terrain-C+Terrain-D+Terrain-01+Terrain-02+Terrain-03+Terrain-04+Terrain-05+Terrain-06+Terrain-07+Terrain-08+Terrain-09+Terrain-10+Terrain-11+Terrain-12+Terrain-13+Terrain-14+Terrain-15+Terrain-16,TabularNgramBC,0,30,30,1,109.2445,109.2445,19.4155,286,225459,286
1414,Terrain-A,Terrain-B+Terrain-C+Terrain-D+Terrain-01+Terrain-02+Terrain-03+Terrain-04+Terrain-05+Terrain-06+Terrain-07+Terrain-08+Terrain-09+Terrain-10+Terrain-11+Terrain-12+Terrain-13+Terrain-14+Terrain-15+Terrain-16,EmptyLTM,0,30,30,1,91.7595,91.7595,16.308,0,0,0
1515,Terrain-A,Terrain-B+Terrain-C+Terrain-D+Terrain-01+Terrain-02+Terrain-03+Terrain-04+Terrain-05+Terrain-06+Terrain-07+Terrain-08+Terrain-09+Terrain-10+Terrain-11+Terrain-12+Terrain-13+Terrain-14+Terrain-15+Terrain-16,SuccessWeighted,0,30,30,1,27.535,27.535,4.8937,512,889,512
1515,Terrain-A,Terrain-B+Terrain-C+Terrain-D+Terrain-01+Terrain-02+Terrain-03+Terrain-04+Terrain-05+Terrain-06+Terrain-07+Terrain-08+Terrain-09+Terrain-10+Terrain-11+Terrain-12+Terrain-13+Terrain-14+Terrain-15+Terrain-16,TabularNgramBC,0,30,30,1,98.8707,98.8707,17.5718,299,225468,299
1515,Terrain-A,Terrain-B+Terrain-C+Terrain-D+Terrain-01+Terrain-02+Terrain-03+Terrain-04+Terrain-05+Terrain-06+Terrain-07+Terrain-08+Terrain-09+Terrain-10+Terrain-11+Terrain-12+Terrain-13+Terrain-14+Terrain-15+Terrain-16,EmptyLTM,0,30,30,1,161.5365,161.5365,28.7091,0,0,0
1616,Terrain-A,Terrain-B+Terrain-C+Terrain-D+Terrain-01+Terrain-02+Terrain-03+Terrain-04+Terrain-05+Terrain-06+Terrain-07+Terrain-08+Terrain-09+Terrain-10+Terrain-11+Terrain-12+Terrain-13+Terrain-14+Terrain-15+Terrain-16,SuccessWeighted,0,30,30,1,36.83,36.83,6.5456,512,903,512
1616,Terrain-A,Terrain-B+Terrain-C+Terrain-D+Terrain-01+Terrain-02+Terrain-03+Terrain-04+Terrain-05+Terrain-06+Terrain-07+Terrain-08+Terrain-09+Terrain-10+Terrain-11+Terrain-12+Terrain-13+Terrain-14+Terrain-15+Terrain-16,TabularNgramBC,0,30,30,1,112.3615,112.3615,19.9695,286,225399,286
1616,Terrain-A,Terrain-B+Terrain-C+Terrain-D+Terrain-01+Terrain-02+Terrain-03+Terrain-04+Terrain-05+Terrain-06+Terrain-07+Terrain-08+Terrain-09+Terrain-10+Terrain-11+Terrain-12+Terrain-13+Terrain-14+Terrain-15+Terrain-16,EmptyLTM,0,30,30,1,116.9697,116.9697,20.7885,0,0,0
1717,Terrain-A,Terrain-B+Terrain-C+Terrain-D+Terrain-01+Terrain-02+Terrain-03+Terrain-04+Terrain-05+Terrain-06+Terrain-07+Terrain-08+Terrain-09+Terrain-10+Terrain-11+Terrain-12+Terrain-13+Terrain-14+Terrain-15+Terrain-16,SuccessWeighted,0,30,30,1,28.722,28.722,5.1046,512,887,512
1717,Terrain-A,Terrain-B+Terrain-C+Terrain-D+Terrain-01+Terrain-02+Terrain-03+Terrain-04+Terrain-05+Terrain-06+Terrain-07+Terrain-08+Terrain-09+Terrain-10+Terrain-11+Terrain-12+Terrain-13+Terrain-14+Terrain-15+Terrain-16,TabularNgramBC,0,30,30,1,130.231,130.231,23.1453,290,225318,290
1717,Terrain-A,Terrain-B+Terrain-C+Terrain-D+Terrain-01+Terrain-02+Terrain-03+Terrain-04+Terrain-05+Terrain-06+Terrain-07+Terrain-08+Terrain-09+Terrain-10+Terrain-11+Terrain-12+Terrain-13+Terrain-14+Terrain-15+Terrain-16,EmptyLTM,0,30,30,1,136.5905,136.5905,24.2756,0,0,0
1818,Terrain-A,Terrain-B+Terrain-C+Terrain-D+Terrain-01+Terrain-02+Terrain-03+Terrain-04+Terrain-05+Terrain-06+Terrain-07+Terrain-08+Terrain-09+Terrain-10+Terrain-11+Terrain-12+Terrain-13+Terrain-14+Terrain-15+Terrain-16,SuccessWeighted,0,30,30,1,37.2057,37.2057,6.6124,512,887,512
1818,Terrain-A,Terrain-B+Terrain-C+Terrain-D+Terrain-01+Terrain-02+Terrain-03+Terrain-04+Terrain-05+Terrain-06+Terrain-07+Terrain-08+Terrain-09+Terrain-10+Terrain-11+Terrain-12+Terrain-13+Terrain-14+Terrain-15+Terrain-16,TabularNgramBC,0,30,30,1,104.7369,104.7369,18.6144,286,225429,286
1818,Terrain-A,Terrain-B+Terrain-C+Terrain-D+Terrain-01+Terrain-02+Terrain-03+Terrain-04+Terrain-05+Terrain-06+Terrain-07+Terrain-08+Terrain-09+Terrain-10+Terrain-11+Terrain-12+Terrain-13+Terrain-14+Terrain-15+Terrain-16,EmptyLTM,0,30,30,1,158.3353,158.3353,28.1401,0,0,0
1919,Terrain-A,Terrain-B+Terrain-C+Terrain-D+Terrain-01+Terrain-02+Terrain-03+Terrain-04+Terrain-05+Terrain-06+Terrain-07+Terrain-08+Terrain-09+Terrain-10+Terrain-11+Terrain-12+Terrain-13+Terrain-14+Terrain-15+Terrain-16,SuccessWeighted,0,30,30,1,29.7283,29.7283,5.2835,512,894,512
1919,Terrain-A,Terrain-B+Terrain-C+Terrain-D+Terrain-01+Terrain-02+Terrain-03+Terrain-04+Terrain-05+Terrain-06+Terrain-07+Terrain-08+Terrain-09+Terrain-10+Terrain-11+Terrain-12+Terrain-13+Terrain-14+Terrain-15+Terrain-16,TabularNgramBC,0,30,30,1,110.0116,110.0116,19.5518,294,225405,294
1919,Terrain-A,Terrain-B+Terrain-C+Terrain-D+Terrain-01+Terrain-02+Terrain-03+Terrain-04+Terrain-05+Terrain-06+Terrain-07+Terrain-08+Terrain-09+Terrain-10+Terrain-11+Terrain-12+Terrain-13+Terrain-14+Terrain-15+Terrain-16,EmptyLTM,0,30,30,1,174.1828,174.1828,30.9567,0,0,0
2020,Terrain-A,Terrain-B+Terrain-C+Terrain-D+Terrain-01+Terrain-02+Terrain-03+Terrain-04+Terrain-05+Terrain-06+Terrain-07+Terrain-08+Terrain-09+Terrain-10+Terrain-11+Terrain-12+Terrain-13+Terrain-14+Terrain-15+Terrain-16,SuccessWeighted,0,30,30,1,33.1285,33.1285,5.8878,512,891,512
2020,Terrain-A,Terrain-B+Terrain-C+Terrain-D+Terrain-01+Terrain-02+Terrain-03+Terrain-04+Terrain-05+Terrain-06+Terrain-07+Terrain-08+Terrain-09+Terrain-10+Terrain-11+Terrain-12+Terrain-13+Terrain-14+Terrain-15+Terrain-16,TabularNgramBC,0,30,30,1,88.1499,88.1499,15.6664,300,225501,300
2020,Terrain-A,Terrain-B+Terrain-C+Terrain-D+Terrain-01+Terrain-02+Terrain-03+Terrain-04+Terrain-05+Terrain-06+Terrain-07+Terrain-08+Terrain-09+Terrain-10+Terrain-11+Terrain-12+Terrain-13+Terrain-14+Terrain-15+Terrain-16,EmptyLTM,0,30,30,1,137.7764,137.7764,24.4863,0,0,0
2121,Terrain-A,Terrain-B+Terrain-C+Terrain-D+Terrain-01+Terrain-02+Terrain-03+Terrain-04+Terrain-05+Terrain-06+Terrain-07+Terrain-08+Terrain-09+Terrain-10+Terrain-11+Terrain-12+Terrain-13+Terrain-14+Terrain-15+Terrain-16,SuccessWeighted,0,30,30,1,47.6306,47.6306,8.4651,512,887,512
2121,Terrain-A,Terrain-B+Terrain-C+Terrain-D+Terrain-01+Terrain-02+Terrain-03+Terrain-04+Terrain-05+Terrain-06+Terrain-07+Terrain-08+Terrain-09+Terrain-10+Terrain-11+Terrain-12+Terrain-13+Terrain-14+Terrain-15+Terrain-16,TabularNgramBC,0,30,30,1,61.6179,61.6179,10.951,293,225555,293
2121,Terrain-A,Terrain-B+Terrain-C+Terrain-D+Terrain-01+Terrain-02+Terrain-03+Terrain-04+Terrain-05+Terrain-06+Terrain-07+Terrain-08+Terrain-09+Terrain-10+Terrain-11+Terrain-12+Terrain-13+Terrain-14+Terrain-15+Terrain-16,EmptyLTM,0,30,30,1,163.1475,163.1475,28.9954,0,0,0
2222,Terrain-A,Terrain-B+Terrain-C+Terrain-D+Terrain-01+Terrain-02+Terrain-03+Terrain-04+Terrain-05+Terrain-06+Terrain-07+Terrain-08+Terrain-09+Terrain-10+Terrain-11+Terrain-12+Terrain-13+Terrain-14+Terrain-15+Terrain-16,SuccessWeighted,0,30,30,1,35.2778,35.2778,6.2698,512,886,512
2222,Terrain-A,Terrain-B+Terrain-C+Terrain-D+Terrain-01+Terrain-02+Terrain-03+Terrain-04+Terrain-05+Terrain-06+Terrain-07+Terrain-08+Terrain-09+Terrain-10+Terrain-11+Terrain-12+Terrain-13+Terrain-14+Terrain-15+Terrain-16,TabularNgramBC,0,30,30,1,117.1376,117.1376,20.8183,292,225546,292
2222,Terrain-A,Terrain-B+Terrain-C+Terrain-D+Terrain-01+Terrain-02+Terrain-03+Terrain-04+Terrain-05+Terrain-06+Terrain-07+Terrain-08+Terrain-09+Terrain-10+Terrain-11+Terrain-12+Terrain-13+Terrain-14+Terrain-15+Terrain-16,EmptyLTM,0,30,30,1,130.5676,130.5676,23.2051,0,0,0
2323,Terrain-A,Terrain-B+Terrain-C+Terrain-D+Terrain-01+Terrain-02+Terrain-03+Terrain-04+Terrain-05+Terrain-06+Terrain-07+Terrain-08+Terrain-09+Terrain-10+Terrain-11+Terrain-12+Terrain-13+Terrain-14+Terrain-15+Terrain-16,SuccessWeighted,0,30,30,1,28.2552,28.2552,5.0217,512,889,512
2323,Terrain-A,Terrain-B+Terrain-C+Terrain-D+Terrain-01+Terrain-02+Terrain-03+Terrain-04+Terrain-05+Terrain-06+Terrain-07+Terrain-08+Terrain-09+Terrain-10+Terrain-11+Terrain-12+Terrain-13+Terrain-14+Terrain-15+Terrain-16,TabularNgramBC,0,30,30,1,116.2981,116.2981,20.6691,291,225462,291
2323,Terrain-A,Terrain-B+Terrain-C+Terrain-D+Terrain-01+Terrain-02+Terrain-03+Terrain-04+Terrain-05+Terrain-06+Terrain-07+Terrain-08+Terrain-09+Terrain-10+Terrain-11+Terrain-12+Terrain-13+Terrain-14+Terrain-15+Terrain-16,EmptyLTM,0,30,30,1,137.5004,137.5004,24.4373,0,0,0
2424,Terrain-A,Terrain-B+Terrain-C+Terrain-D+Terrain-01+Terrain-02+Terrain-03+Terrain-04+Terrain-05+Terrain-06+Terrain-07+Terrain-08+Terrain-09+Terrain-10+Terrain-11+Terrain-12+Terrain-13+Terrain-14+Terrain-15+Terrain-16,SuccessWeighted,0,30,30,1,36.1683,36.1683,6.428,512,906,512
2424,Terrain-A,Terrain-B+Terrain-C+Terrain-D+Terrain-01+Terrain-02+Terrain-03+Terrain-04+Terrain-05+Terrain-06+Terrain-07+Terrain-08+Terrain-09+Terrain-10+Terrain-11+Terrain-12+Terrain-13+Terrain-14+Terrain-15+Terrain-16,TabularNgramBC,0,30,30,1,102.3436,102.3436,18.189,294,225684,294
2424,Terrain-A,Terrain-B+Terrain-C+Terrain-D+Terrain-01+Terrain-02+Terrain-03+Terrain-04+Terrain-05+Terrain-06+Terrain-07+Terrain-08+Terrain-09+Terrain-10+Terrain-11+Terrain-12+Terrain-13+Terrain-14+Terrain-15+Terrain-16,EmptyLTM,0,30,30,1,104.4077,104.4077,18.5559,0,0,0
2525,Terrain-A,Terrain-B+Terrain-C+Terrain-D+Terrain-01+Terrain-02+Terrain-03+Terrain-04+Terrain-05+Terrain-06+Terrain-07+Terrain-08+Terrain-09+Terrain-10+Terrain-11+Terrain-12+Terrain-13+Terrain-14+Terrain-15+Terrain-16,SuccessWeighted,0,30,30,1,31.4969,31.4969,5.5978,512,904,512
2525,Terrain-A,Terrain-B+Terrain-C+Terrain-D+Terrain-01+Terrain-02+Terrain-03+Terrain-04+Terrain-05+Terrain-06+Terrain-07+Terrain-08+Terrain-09+Terrain-10+Terrain-11+Terrain-12+Terrain-13+Terrain-14+Terrain-15+Terrain-16,TabularNgramBC,0,30,30,1,95.1771,95.1771,16.9154,288,225570,288
2525,Terrain-A,Terrain-B+Terrain-C+Terrain-D+Terrain-01+Terrain-02+Terrain-03+Terrain-04+Terrain-05+Terrain-06+Terrain-07+Terrain-08+Terrain-09+Terrain-10+Terrain-11+Terrain-12+Terrain-13+Terrain-14+Terrain-15+Terrain-16,EmptyLTM,0,30,30,1,109.7699,109.7699,19.5089,0,0,0
101,Terrain-B,Terrain-A+Terrain-C+Terrain-D+Terrain-01+Terrain-02+Terrain-03+Terrain-04+Terrain-05+Terrain-06+Terrain-07+Terrain-08+Terrain-09+Terrain-10+Terrain-11+Terrain-12+Terrain-13+Terrain-14+Terrain-15+Terrain-16,SuccessWeighted,0,30,30,1,24.815,24.815,3.7019,512,900,512
101,Terrain-B,Terrain-A+Terrain-C+Terrain-D+Terrain-01+Terrain-02+Terrain-03+Terrain-04+Terrain-05+Terrain-06+Terrain-07+Terrain-08+Terrain-09+Terrain-10+Terrain-11+Terrain-12+Terrain-13+Terrain-14+Terrain-15+Terrain-16,TabularNgramBC,0,30,30,1,103.4708,103.4708,15.4359,294,225423,294
101,Terrain-B,Terrain-A+Terrain-C+Terrain-D+Terrain-01+Terrain-02+Terrain-03+Terrain-04+Terrain-05+Terrain-06+Terrain-07+Terrain-08+Terrain-09+Terrain-10+Terrain-11+Terrain-12+Terrain-13+Terrain-14+Terrain-15+Terrain-16,EmptyLTM,0,30,29,0.9667,176.2981,171.2755,26.3003,0,0,0
202,Terrain-B,Terrain-A+Terrain-C+Terrain-D+Terrain-01+Terrain-02+Terrain-03+Terrain-04+Terrain-05+Terrain-06+Terrain-07+Terrain-08+Terrain-09+Terrain-10+Terrain-11+Terrain-12+Terrain-13+Terrain-14+Terrain-15+Terrain-16,SuccessWeighted,0,30,30,1,24.5225,24.5225,3.6583,512,918,512
202,Terrain-B,Terrain-A+Terrain-C+Terrain-D+Terrain-01+Terrain-02+Terrain-03+Terrain-04+Terrain-05+Terrain-06+Terrain-07+Terrain-08+Terrain-09+Terrain-10+Terrain-11+Terrain-12+Terrain-13+Terrain-14+Terrain-15+Terrain-16,TabularNgramBC,0,30,30,1,73.4549,73.4549,10.9581,293,225549,293
202,Terrain-B,Terrain-A+Terrain-C+Terrain-D+Terrain-01+Terrain-02+Terrain-03+Terrain-04+Terrain-05+Terrain-06+Terrain-07+Terrain-08+Terrain-09+Terrain-10+Terrain-11+Terrain-12+Terrain-13+Terrain-14+Terrain-15+Terrain-16,EmptyLTM,0,30,30,1,106.2443,106.2443,15.8496,0,0,0
303,Terrain-B,Terrain-A+Terrain-C+Terrain-D+Terrain-01+Terrain-02+Terrain-03+Terrain-04+Terrain-05+Terrain-06+Terrain-07+Terrain-08+Terrain-09+Terrain-10+Terrain-11+Terrain-12+Terrain-13+Terrain-14+Terrain-15+Terrain-16,SuccessWeighted,0,30,30,1,33.9563,33.9563,5.0656,512,921,512
303,Terrain-B,Terrain-A+Terrain-C+Terrain-D+Terrain-01+Terrain-02+Terrain-03+Terrain-04+Terrain-05+Terrain-06+Terrain-07+Terrain-08+Terrain-09+Terrain-10+Terrain-11+Terrain-12+Terrain-13+Terrain-14+Terrain-15+Terrain-16,TabularNgramBC,0,30,30,1,94.4117,94.4117,14.0844,294,225489,294
303,Terrain-B,Terrain-A+Terrain-C+Terrain-D+Terrain-01+Terrain-02+Terrain-03+Terrain-04+Terrain-05+Terrain-06+Terrain-07+Terrain-08+Terrain-09+Terrain-10+Terrain-11+Terrain-12+Terrain-13+Terrain-14+Terrain-15+Terrain-16,EmptyLTM,0,30,30,1,133.2964,133.2964,19.8853,0,0,0
404,Terrain-B,Terrain-A+Terrain-C+Terrain-D+Terrain-01+Terrain-02+Terrain-03+Terrain-04+Terrain-05+Terrain-06+Terrain-07+Terrain-08+Terrain-09+Terrain-10+Terrain-11+Terrain-12+Terrain-13+Terrain-14+Terrain-15+Terrain-16,SuccessWeighted,0,30,30,1,21.7068,21.7068,3.2382,512,905,512
404,Terrain-B,Terrain-A+Terrain-C+Terrain-D+Terrain-01+Terrain-02+Terrain-03+Terrain-04+Terrain-05+Terrain-06+Terrain-07+Terrain-08+Terrain-09+Terrain-10+Terrain-11+Terrain-12+Terrain-13+Terrain-14+Terrain-15+Terrain-16,TabularNgramBC,0,30,30,1,91.1927,91.1927,13.6042,296,225192,296
404,Terrain-B,Terrain-A+Terrain-C+Terrain-D+Terrain-01+Terrain-02+Terrain-03+Terrain-04+Terrain-05+Terrain-06+Terrain-07+Terrain-08+Terrain-09+Terrain-10+Terrain-11+Terrain-12+Terrain-13+Terrain-14+Terrain-15+Terrain-16,EmptyLTM,0,30,30,1,122.4662,122.4662,18.2696,0,0,0
505,Terrain-B,Terrain-A+Terrain-C+Terrain-D+Terrain-01+Terrain-02+Terrain-03+Terrain-04+Terrain-05+Terrain-06+Terrain-07+Terrain-08+Terrain-09+Terrain-10+Terrain-11+Terrain-12+Terrain-13+Terrain-14+Terrain-15+Terrain-16,SuccessWeighted,0,30,30,1,23.7914,23.7914,3.5492,512,904,512
505,Terrain-B,Terrain-A+Terrain-C+Terrain-D+Terrain-01+Terrain-02+Terrain-03+Terrain-04+Terrain-05+Terrain-06+Terrain-07+Terrain-08+Terrain-09+Terrain-10+Terrain-11+Terrain-12+Terrain-13+Terrain-14+Terrain-15+Terrain-16,TabularNgramBC,0,30,30,1,112.1085,112.1085,16.7245,299,225414,299
505,Terrain-B,Terrain-A+Terrain-C+Terrain-D+Terrain-01+Terrain-02+Terrain-03+Terrain-04+Terrain-05+Terrain-06+Terrain-07+Terrain-08+Terrain-09+Terrain-10+Terrain-11+Terrain-12+Terrain-13+Terrain-14+Terrain-15+Terrain-16,EmptyLTM,0,30,30,1,160.4477,160.4477,23.9358,0,0,0
606,Terrain-B,Terrain-A+Terrain-C+Terrain-D+Terrain-01+Terrain-02+Terrain-03+Terrain-04+Terrain-05+Terrain-06+Terrain-07+Terrain-08+Terrain-09+Terrain-10+Terrain-11+Terrain-12+Terrain-13+Terrain-14+Terrain-15+Terrain-16,SuccessWeighted,0,30,30,1,26.7555,26.7555,3.9914,512,911,512
606,Terrain-B,Terrain-A+Terrain-C+Terrain-D+Terrain-01+Terrain-02+Terrain-03+Terrain-04+Terrain-05+Terrain-06+Terrain-07+Terrain-08+Terrain-09+Terrain-10+Terrain-11+Terrain-12+Terrain-13+Terrain-14+Terrain-15+Terrain-16,TabularNgramBC,0,30,30,1,78.9161,78.9161,11.7728,300,225336,300
606,Terrain-B,Terrain-A+Terrain-C+Terrain-D+Terrain-01+Terrain-02+Terrain-03+Terrain-04+Terrain-05+Terrain-06+Terrain-07+Terrain-08+Terrain-09+Terrain-10+Terrain-11+Terrain-12+Terrain-13+Terrain-14+Terrain-15+Terrain-16,EmptyLTM,0,30,30,1,149.0931,149.0931,22.2419,0,0,0
707,Terrain-B,Terrain-A+Terrain-C+Terrain-D+Terrain-01+Terrain-02+Terrain-03+Terrain-04+Terrain-05+Terrain-06+Terrain-07+Terrain-08+Terrain-09+Terrain-10+Terrain-11+Terrain-12+Terrain-13+Terrain-14+Terrain-15+Terrain-16,SuccessWeighted,0,30,30,1,27.2046,27.2046,4.0584,512,903,512
707,Terrain-B,Terrain-A+Terrain-C+Terrain-D+Terrain-01+Terrain-02+Terrain-03+Terrain-04+Terrain-05+Terrain-06+Terrain-07+Terrain-08+Terrain-09+Terrain-10+Terrain-11+Terrain-12+Terrain-13+Terrain-14+Terrain-15+Terrain-16,TabularNgramBC,0,30,30,1,95.2385,95.2385,14.2078,295,225426,295
707,Terrain-B,Terrain-A+Terrain-C+Terrain-D+Terrain-01+Terrain-02+Terrain-03+Terrain-04+Terrain-05+Terrain-06+Terrain-07+Terrain-08+Terrain-09+Terrain-10+Terrain-11+Terrain-12+Terrain-13+Terrain-14+Terrain-15+Terrain-16,EmptyLTM,0,30,30,1,132.2121,132.2121,19.7235,0,0,0
808,Terrain-B,Terrain-A+Terrain-C+Terrain-D+Terrain-01+Terrain-02+Terrain-03+Terrain-04+Terrain-05+Terrain-06+Terrain-07+Terrain-08+Terrain-09+Terrain-10+Terrain-11+Terrain-12+Terrain-13+Terrain-14+Terrain-15+Terrain-16,SuccessWeighted,0,30,30,1,25.3695,25.3695,3.7846,512,905,512
808,Terrain-B,Terrain-A+Terrain-C+Terrain-D+Terrain-01+Terrain-02+Terrain-03+Terrain-04+Terrain-05+Terrain-06+Terrain-07+Terrain-08+Terrain-09+Terrain-10+Terrain-11+Terrain-12+Terrain-13+Terrain-14+Terrain-15+Terrain-16,TabularNgramBC,0,30,30,1,97.453,97.453,14.5381,299,225579,299
808,Terrain-B,Terrain-A+Terrain-C+Terrain-D+Terrain-01+Terrain-02+Terrain-03+Terrain-04+Terrain-05+Terrain-06+Terrain-07+Terrain-08+Terrain-09+Terrain-10+Terrain-11+Terrain-12+Terrain-13+Terrain-14+Terrain-15+Terrain-16,EmptyLTM,0,30,30,1,115.3541,115.3541,17.2087,0,0,0
909,Terrain-B,Terrain-A+Terrain-C+Terrain-D+Terrain-01+Terrain-02+Terrain-03+Terrain-04+Terrain-05+Terrain-06+Terrain-07+Terrain-08+Terrain-09+Terrain-10+Terrain-11+Terrain-12+Terrain-13+Terrain-14+Terrain-15+Terrain-16,SuccessWeighted,0,30,30,1,20.7038,20.7038,3.0886,512,907,512
909,Terrain-B,Terrain-A+Terrain-C+Terrain-D+Terrain-01+Terrain-02+Terrain-03+Terrain-04+Terrain-05+Terrain-06+Terrain-07+Terrain-08+Terrain-09+Terrain-10+Terrain-11+Terrain-12+Terrain-13+Terrain-14+Terrain-15+Terrain-16,TabularNgramBC,0,30,30,1,84.6412,84.6412,12.6269,302,225192,302
909,Terrain-B,Terrain-A+Terrain-C+Terrain-D+Terrain-01+Terrain-02+Terrain-03+Terrain-04+Terrain-05+Terrain-06+Terrain-07+Terrain-08+Terrain-09+Terrain-10+Terrain-11+Terrain-12+Terrain-13+Terrain-14+Terrain-15+Terrain-16,EmptyLTM,0,30,29,0.9667,170.2476,164.2852,25.3977,0,0,0
1010,Terrain-B,Terrain-A+Terrain-C+Terrain-D+Terrain-01+Terrain-02+Terrain-03+Terrain-04+Terrain-05+Terrain-06+Terrain-07+Terrain-08+Terrain-09+Terrain-10+Terrain-11+Terrain-12+Terrain-13+Terrain-14+Terrain-15+Terrain-16,SuccessWeighted,0,30,30,1,52.5588,52.5588,7.8408,512,912,512
1010,Terrain-B,Terrain-A+Terrain-C+Terrain-D+Terrain-01+Terrain-02+Terrain-03+Terrain-04+Terrain-05+Terrain-06+Terrain-07+Terrain-08+Terrain-09+Terrain-10+Terrain-11+Terrain-12+Terrain-13+Terrain-14+Terrain-15+Terrain-16,TabularNgramBC,0,30,30,1,98.118,98.118,14.6374,289,225501,289
1010,Terrain-B,Terrain-A+Terrain-C+Terrain-D+Terrain-01+Terrain-02+Terrain-03+Terrain-04+Terrain-05+Terrain-06+Terrain-07+Terrain-08+Terrain-09+Terrain-10+Terrain-11+Terrain-12+Terrain-13+Terrain-14+Terrain-15+Terrain-16,EmptyLTM,0,30,30,1,141.6516,141.6516,21.1317,0,0,0
1111,Terrain-B,Terrain-A+Terrain-C+Terrain-D+Terrain-01+Terrain-02+Terrain-03+Terrain-04+Terrain-05+Terrain-06+Terrain-07+Terrain-08+Terrain-09+Terrain-10+Terrain-11+Terrain-12+Terrain-13+Terrain-14+Terrain-15+Terrain-16,SuccessWeighted,0,30,30,1,27.3484,27.3484,4.0799,512,901,512
1111,Terrain-B,Terrain-A+Terrain-C+Terrain-D+Terrain-01+Terrain-02+Terrain-03+Terrain-04+Terrain-05+Terrain-06+Terrain-07+Terrain-08+Terrain-09+Terrain-10+Terrain-11+Terrain-12+Terrain-13+Terrain-14+Terrain-15+Terrain-16,TabularNgramBC,0,30,30,1,70.1613,70.1613,10.4667,294,225501,294
1111,Terrain-B,Terrain-A+Terrain-C+Terrain-D+Terrain-01+Terrain-02+Terrain-03+Terrain-04+Terrain-05+Terrain-06+Terrain-07+Terrain-08+Terrain-09+Terrain-10+Terrain-11+Terrain-12+Terrain-13+Terrain-14+Terrain-15+Terrain-16,EmptyLTM,0,30,30,1,132.97,132.97,19.8366,0,0,0
1212,Terrain-B,Terrain-A+Terrain-C+Terrain-D+Terrain-01+Terrain-02+Terrain-03+Terrain-04+Terrain-05+Terrain-06+Terrain-07+Terrain-08+Terrain-09+Terrain-10+Terrain-11+Terrain-12+Terrain-13+Terrain-14+Terrain-15+Terrain-16,SuccessWeighted,0,30,30,1,29.9445,29.9445,4.4672,512,899,512
1212,Terrain-B,Terrain-A+Terrain-C+Terrain-D+Terrain-01+Terrain-02+Terrain-03+Terrain-04+Terrain-05+Terrain-06+Terrain-07+Terrain-08+Terrain-09+Terrain-10+Terrain-11+Terrain-12+Terrain-13+Terrain-14+Terrain-15+Terrain-16,TabularNgramBC,0,30,30,1,105.9248,105.9248,15.802,298,225297,298
1212,Terrain-B,Terrain-A+Terrain-C+Terrain-D+Terrain-01+Terrain-02+Terrain-03+Terrain-04+Terrain-05+Terrain-06+Terrain-07+Terrain-08+Terrain-09+Terrain-10+Terrain-11+Terrain-12+Terrain-13+Terrain-14+Terrain-15+Terrain-16,EmptyLTM,0,30,30,1,110.7217,110.7217,16.5176,0,0,0
1313,Terrain-B,Terrain-A+Terrain-C+Terrain-D+Terrain-01+Terrain-02+Terrain-03+Terrain-04+Terrain-05+Terrain-06+Terrain-07+Terrain-08+Terrain-09+Terrain-10+Terrain-11+Terrain-12+Terrain-13+Terrain-14+Terrain-15+Terrain-16,SuccessWeighted,0,30,30,1,21.2579,21.2579,3.1713,512,909,512
1313,Terrain-B,Terrain-A+Terrain-C+Terrain-D+Terrain-01+Terrain-02+Terrain-03+Terrain-04+Terrain-05+Terrain-06+Terrain-07+Terrain-08+Terrain-09+Terrain-10+Terrain-11+Terrain-12+Terrain-13+Terrain-14+Terrain-15+Terrain-16,TabularNgramBC,0,30,30,1,107.5724,107.5724,16.0478,300,225312,300
1313,Terrain-B,Terrain-A+Terrain-C+Terrain-D+Terrain-01+Terrain-02+Terrain-03+Terrain-04+Terrain-05+Terrain-06+Terrain-07+Terrain-08+Terrain-09+Terrain-10+Terrain-11+Terrain-12+Terrain-13+Terrain-14+Terrain-15+Terrain-16,EmptyLTM,0,30,30,1,152.5456,152.5456,22.7569,0,0,0
1414,Terrain-B,Terrain-A+Terrain-C+Terrain-D+Terrain-01+Terrain-02+Terrain-03+Terrain-04+Terrain-05+Terrain-06+Terrain-07+Terrain-08+Terrain-09+Terrain-10+Terrain-11+Terrain-12+Terrain-13+Terrain-14+Terrain-15+Terrain-16,SuccessWeighted,0,30,30,1,41.314,41.314,6.1633,512,909,512
1414,Terrain-B,Terrain-A+Terrain-C+Terrain-D+Terrain-01+Terrain-02+Terrain-03+Terrain-04+Terrain-05+Terrain-06+Terrain-07+Terrain-08+Terrain-09+Terrain-10+Terrain-11+Terrain-12+Terrain-13+Terrain-14+Terrain-15+Terrain-16,TabularNgramBC,0,30,30,1,70.5983,70.5983,10.5319,290,225465,290
1414,Terrain-B,Terrain-A+Terrain-C+Terrain-D+Terrain-01+Terrain-02+Terrain-03+Terrain-04+Terrain-05+Terrain-06+Terrain-07+Terrain-08+Terrain-09+Terrain-10+Terrain-11+Terrain-12+Terrain-13+Terrain-14+Terrain-15+Terrain-16,EmptyLTM,0,30,30,1,138.7512,138.7512,20.699,0,0,0
1515,Terrain-B,Terrain-A+Terrain-C+Terrain-D+Terrain-01+Terrain-02+Terrain-03+Terrain-04+Terrain-05+Terrain-06+Terrain-07+Terrain-08+Terrain-09+Terrain-10+Terrain-11+Terrain-12+Terrain-13+Terrain-14+Terrain-15+Terrain-16,SuccessWeighted,0,30,30,1,51.9866,51.9866,7.7554,512,901,512
1515,Terrain-B,Terrain-A+Terrain-C+Terrain-D+Terrain-01+Terrain-02+Terrain-03+Terrain-04+Terrain-05+Terrain-06+Terrain-07+Terrain-08+Terrain-09+Terrain-10+Terrain-11+Terrain-12+Terrain-13+Terrain-14+Terrain-15+Terrain-16,TabularNgramBC,0,30,30,1,111.2466,111.2466,16.5959,303,225420,303
1515,Terrain-B,Terrain-A+Terrain-C+Terrain-D+Terrain-01+Terrain-02+Terrain-03+Terrain-04+Terrain-05+Terrain-06+Terrain-07+Terrain-08+Terrain-09+Terrain-10+Terrain-11+Terrain-12+Terrain-13+Terrain-14+Terrain-15+Terrain-16,EmptyLTM,0,30,30,1,126.0106,126.0106,18.7984,0,0,0
1616,Terrain-B,Terrain-A+Terrain-C+Terrain-D+Terrain-01+Terrain-02+Terrain-03+Terrain-04+Terrain-05+Terrain-06+Terrain-07+Terrain-08+Terrain-09+Terrain-10+Terrain-11+Terrain-12+Terrain-13+Terrain-14+Terrain-15+Terrain-16,SuccessWeighted,0,30,30,1,26.5731,26.5731,3.9642,512,908,512
1616,Terrain-B,Terrain-A+Terrain-C+Terrain-D+Terrain-01+Terrain-02+Terrain-03+Terrain-04+Terrain-05+Terrain-06+Terrain-07+Terrain-08+Terrain-09+Terrain-10+Terrain-11+Terrain-12+Terrain-13+Terrain-14+Terrain-15+Terrain-16,TabularNgramBC,0,30,30,1,80.877,80.877,12.0653,291,225297,291
1616,Terrain-B,Terrain-A+Terrain-C+Terrain-D+Terrain-01+Terrain-02+Terrain-03+Terrain-04+Terrain-05+Terrain-06+Terrain-07+Terrain-08+Terrain-09+Terrain-10+Terrain-11+Terrain-12+Terrain-13+Terrain-14+Terrain-15+Terrain-16,EmptyLTM,0,30,30,1,123.7849,123.7849,18.4664,0,0,0
1717,Terrain-B,Terrain-A+Terrain-C+Terrain-D+Terrain-01+Terrain-02+Terrain-03+Terrain-04+Terrain-05+Terrain-06+Terrain-07+Terrain-08+Terrain-09+Terrain-10+Terrain-11+Terrain-12+Terrain-13+Terrain-14+Terrain-15+Terrain-16,SuccessWeighted,0,30,30,1,26.2292,26.2292,3.9129,512,893,512
1717,Terrain-B,Terrain-A+Terrain-C+Terrain-D+Terrain-01+Terrain-02+Terrain-03+Terrain-04+Terrain-05+Terrain-06+Terrain-07+Terrain-08+Terrain-09+Terrain-10+Terrain-11+Terrain-12+Terrain-13+Terrain-14+Terrain-15+Terrain-16,TabularNgramBC,0,30,30,1,79.2067,79.2067,11.8161,291,225213,291
1717,Terrain-B,Terrain-A+Terrain-C+Terrain-D+Terrain-01+Terrain-02+Terrain-03+Terrain-04+Terrain-05+Terrain-06+Terrain-07+Terrain-08+Terrain-09+Terrain-10+Terrain-11+Terrain-12+Terrain-13+Terrain-14+Terrain-15+Terrain-16,EmptyLTM,0,30,29,0.9667,190.067,186.6691,28.3544,0,0,0
1818,Terrain-B,Terrain-A+Terrain-C+Terrain-D+Terrain-01+Terrain-02+Terrain-03+Terrain-04+Terrain-05+Terrain-06+Terrain-07+Terrain-08+Terrain-09+Terrain-10+Terrain-11+Terrain-12+Terrain-13+Terrain-14+Terrain-15+Terrain-16,SuccessWeighted,0,30,30,1,23.4454,23.4454,3.4976,512,913,512
1818,Terrain-B,Terrain-A+Terrain-C+Terrain-D+Terrain-01+Terrain-02+Terrain-03+Terrain-04+Terrain-05+Terrain-06+Terrain-07+Terrain-08+Terrain-09+Terrain-10+Terrain-11+Terrain-12+Terrain-13+Terrain-14+Terrain-15+Terrain-16,TabularNgramBC,0,30,30,1,115.3813,115.3813,17.2127,289,225255,289
1818,Terrain-B,Terrain-A+Terrain-C+Terrain-D+Terrain-01+Terrain-02+Terrain-03+Terrain-04+Terrain-05+Terrain-06+Terrain-07+Terrain-08+Terrain-09+Terrain-10+Terrain-11+Terrain-12+Terrain-13+Terrain-14+Terrain-15+Terrain-16,EmptyLTM,0,30,30,1,129.9065,129.9065,19.3796,0,0,0
1919,Terrain-B,Terrain-A+Terrain-C+Terrain-D+Terrain-01+Terrain-02+Terrain-03+Terrain-04+Terrain-05+Terrain-06+Terrain-07+Terrain-08+Terrain-09+Terrain-10+Terrain-11+Terrain-12+Terrain-13+Terrain-14+Terrain-15+Terrain-16,SuccessWeighted,0,30,30,1,28.9262,28.9262,4.3152,512,916,512
1919,Terrain-B,Terrain-A+Terrain-C+Terrain-D+Terrain-01+Terrain-02+Terrain-03+Terrain-04+Terrain-05+Terrain-06+Terrain-07+Terrain-08+Terrain-09+Terrain-10+Terrain-11+Terrain-12+Terrain-13+Terrain-14+Terrain-15+Terrain-16,TabularNgramBC,0,30,30,1,94.5071,94.5071,14.0987,298,225327,298
1919,Terrain-B,Terrain-A+Terrain-C+Terrain-D+Terrain-01+Terrain-02+Terrain-03+Terrain-04+Terrain-05+Terrain-06+Terrain-07+Terrain-08+Terrain-09+Terrain-10+Terrain-11+Terrain-12+Terrain-13+Terrain-14+Terrain-15+Terrain-16,EmptyLTM,0,30,30,1,156.314,156.314,23.3191,0,0,0
2020,Terrain-B,Terrain-A+Terrain-C+Terrain-D+Terrain-01+Terrain-02+Terrain-03+Terrain-04+Terrain-05+Terrain-06+Terrain-07+Terrain-08+Terrain-09+Terrain-10+Terrain-11+Terrain-12+Terrain-13+Terrain-14+Terrain-15+Terrain-16,SuccessWeighted,0,30,30,1,27.2068,27.2068,4.0587,512,918,512
2020,Terrain-B,Terrain-A+Terrain-C+Terrain-D+Terrain-01+Terrain-02+Terrain-03+Terrain-04+Terrain-05+Terrain-06+Terrain-07+Terrain-08+Terrain-09+Terrain-10+Terrain-11+Terrain-12+Terrain-13+Terrain-14+Terrain-15+Terrain-16,TabularNgramBC,0,30,30,1,79.8694,79.8694,11.915,295,225285,295
2020,Terrain-B,Terrain-A+Terrain-C+Terrain-D+Terrain-01+Terrain-02+Terrain-03+Terrain-04+Terrain-05+Terrain-06+Terrain-07+Terrain-08+Terrain-09+Terrain-10+Terrain-11+Terrain-12+Terrain-13+Terrain-14+Terrain-15+Terrain-16,EmptyLTM,0,30,30,1,147.1559,147.1559,21.9529,0,0,0
2121,Terrain-B,Terrain-A+Terrain-C+Terrain-D+Terrain-01+Terrain-02+Terrain-03+Terrain-04+Terrain-05+Terrain-06+Terrain-07+Terrain-08+Terrain-09+Terrain-10+Terrain-11+Terrain-12+Terrain-13+Terrain-14+Terrain-15+Terrain-16,SuccessWeighted,0,30,30,1,26.4291,26.4291,3.9427,512,906,512
2121,Terrain-B,Terrain-A+Terrain-C+Terrain-D+Terrain-01+Terrain-02+Terrain-03+Terrain-04+Terrain-05+Terrain-06+Terrain-07+Terrain-08+Terrain-09+Terrain-10+Terrain-11+Terrain-12+Terrain-13+Terrain-14+Terrain-15+Terrain-16,TabularNgramBC,0,30,30,1,89.479,89.479,13.3486,294,225411,294
2121,Terrain-B,Terrain-A+Terrain-C+Terrain-D+Terrain-01+Terrain-02+Terrain-03+Terrain-04+Terrain-05+Terrain-06+Terrain-07+Terrain-08+Terrain-09+Terrain-10+Terrain-11+Terrain-12+Terrain-13+Terrain-14+Terrain-15+Terrain-16,EmptyLTM,0,30,29,0.9667,170.2499,164.0364,25.3981,0,0,0
2222,Terrain-B,Terrain-A+Terrain-C+Terrain-D+Terrain-01+Terrain-02+Terrain-03+Terrain-04+Terrain-05+Terrain-06+Terrain-07+Terrain-08+Terrain-09+Terrain-10+Terrain-11+Terrain-12+Terrain-13+Terrain-14+Terrain-15+Terrain-16,SuccessWeighted,0,30,30,1,27.4203,27.4203,4.0906,512,903,512
2222,Terrain-B,Terrain-A+Terrain-C+Terrain-D+Terrain-01+Terrain-02+Terrain-03+Terrain-04+Terrain-05+Terrain-06+Terrain-07+Terrain-08+Terrain-09+Terrain-10+Terrain-11+Terrain-12+Terrain-13+Terrain-14+Terrain-15+Terrain-16,TabularNgramBC,0,30,30,1,93.0478,93.0478,13.881,293,225498,293
2222,Terrain-B,Terrain-A+Terrain-C+Terrain-D+Terrain-01+Terrain-02+Terrain-03+Terrain-04+Terrain-05+Terrain-06+Terrain-07+Terrain-08+Terrain-09+Terrain-10+Terrain-11+Terrain-12+Terrain-13+Terrain-14+Terrain-15+Terrain-16,EmptyLTM,0,30,30,1,113.1491,113.1491,16.8797,0,0,0
2323,Terrain-B,Terrain-A+Terrain-C+Terrain-D+Terrain-01+Terrain-02+Terrain-03+Terrain-04+Terrain-05+Terrain-06+Terrain-07+Terrain-08+Terrain-09+Terrain-10+Terrain-11+Terrain-12+Terrain-13+Terrain-14+Terrain-15+Terrain-16,SuccessWeighted,0,30,30,1,22.0901,22.0901,3.2954,512,918,512
2323,Terrain-B,Terrain-A+Terrain-C+Terrain-D+Terrain-01+Terrain-02+Terrain-03+Terrain-04+Terrain-05+Terrain-06+Terrain-07+Terrain-08+Terrain-09+Terrain-10+Terrain-11+Terrain-12+Terrain-13+Terrain-14+Terrain-15+Terrain-16,TabularNgramBC,0,30,30,1,96.7535,96.7535,14.4338,297,225468,297
2323,Terrain-B,Terrain-A+Terrain-C+Terrain-D+Terrain-01+Terrain-02+Terrain-03+Terrain-04+Terrain-05+Terrain-06+Terrain-07+Terrain-08+Terrain-09+Terrain-10+Terrain-11+Terrain-12+Terrain-13+Terrain-14+Terrain-15+Terrain-16,EmptyLTM,0,30,30,1,144.7743,144.7743,21.5976,0,0,0
2424,Terrain-B,Terrain-A+Terrain-C+Terrain-D+Terrain-01+Terrain-02+Terrain-03+Terrain-04+Terrain-05+Terrain-06+Terrain-07+Terrain-08+Terrain-09+Terrain-10+Terrain-11+Terrain-12+Terrain-13+Terrain-14+Terrain-15+Terrain-16,SuccessWeighted,0,30,30,1,26.5651,26.5651,3.963,512,913,512
2424,Terrain-B,Terrain-A+Terrain-C+Terrain-D+Terrain-01+Terrain-02+Terrain-03+Terrain-04+Terrain-05+Terrain-06+Terrain-07+Terrain-08+Terrain-09+Terrain-10+Terrain-11+Terrain-12+Terrain-13+Terrain-14+Terrain-15+Terrain-16,TabularNgramBC,0,30,30,1,68.5199,68.5199,10.2219,294,225306,294
2424,Terrain-B,Terrain-A+Terrain-C+Terrain-D+Terrain-01+Terrain-02+Terrain-03+Terrain-04+Terrain-05+Terrain-06+Terrain-07+Terrain-08+Terrain-09+Terrain-10+Terrain-11+Terrain-12+Terrain-13+Terrain-14+Terrain-15+Terrain-16,EmptyLTM,0,30,29,0.9667,130.1688,120.3029,19.4187,0,0,0
2525,Terrain-B,Terrain-A+Terrain-C+Terrain-D+Terrain-01+Terrain-02+Terrain-03+Terrain-04+Terrain-05+Terrain-06+Terrain-07+Terrain-08+Terrain-09+Terrain-10+Terrain-11+Terrain-12+Terrain-13+Terrain-14+Terrain-15+Terrain-16,SuccessWeighted,0,30,30,1,25.6091,25.6091,3.8204,512,921,512
2525,Terrain-B,Terrain-A+Terrain-C+Terrain-D+Terrain-01+Terrain-02+Terrain-03+Terrain-04+Terrain-05+Terrain-06+Terrain-07+Terrain-08+Terrain-09+Terrain-10+Terrain-11+Terrain-12+Terrain-13+Terrain-14+Terrain-15+Terrain-16,TabularNgramBC,0,30,30,1,116.4612,116.4612,17.3738,290,225408,290
2525,Terrain-B,Terrain-A+Terrain-C+Terrain-D+Terrain-01+Terrain-02+Terrain-03+Terrain-04+Terrain-05+Terrain-06+Terrain-07+Terrain-08+Terrain-09+Terrain-10+Terrain-11+Terrain-12+Terrain-13+Terrain-14+Terrain-15+Terrain-16,EmptyLTM,0,30,30,1,166.2493,166.2493,24.8013,0,0,0
101,Terrain-C,Terrain-A+Terrain-B+Terrain-D+Terrain-01+Terrain-02+Terrain-03+Terrain-04+Terrain-05+Terrain-06+Terrain-07+Terrain-08+Terrain-09+Terrain-10+Terrain-11+Terrain-12+Terrain-13+Terrain-14+Terrain-15+Terrain-16,SuccessWeighted,0,30,30,1,28.9913,28.9913,4.3887,512,893,512
101,Terrain-C,Terrain-A+Terrain-B+Terrain-D+Terrain-01+Terrain-02+Terrain-03+Terrain-04+Terrain-05+Terrain-06+Terrain-07+Terrain-08+Terrain-09+Terrain-10+Terrain-11+Terrain-12+Terrain-13+Terrain-14+Terrain-15+Terrain-16,TabularNgramBC,0,30,30,1,107.1374,107.1374,16.2185,294,225417,294
101,Terrain-C,Terrain-A+Terrain-B+Terrain-D+Terrain-01+Terrain-02+Terrain-03+Terrain-04+Terrain-05+Terrain-06+Terrain-07+Terrain-08+Terrain-09+Terrain-10+Terrain-11+Terrain-12+Terrain-13+Terrain-14+Terrain-15+Terrain-16,EmptyLTM,0,30,30,1,95.7492,95.7492,14.4945,0,0,0
202,Terrain-C,Terrain-A+Terrain-B+Terrain-D+Terrain-01+Terrain-02+Terrain-03+Terrain-04+Terrain-05+Terrain-06+Terrain-07+Terrain-08+Terrain-09+Terrain-10+Terrain-11+Terrain-12+Terrain-13+Terrain-14+Terrain-15+Terrain-16,SuccessWeighted,0,30,30,1,23.6707,23.6707,3.5833,512,902,512
202,Terrain-C,Terrain-A+Terrain-B+Terrain-D+Terrain-01+Terrain-02+Terrain-03+Terrain-04+Terrain-05+Terrain-06+Terrain-07+Terrain-08+Terrain-09+Terrain-10+Terrain-11+Terrain-12+Terrain-13+Terrain-14+Terrain-15+Terrain-16,TabularNgramBC,0,30,30,1,72.0527,72.0527,10.9073,293,225543,293
202,Terrain-C,Terrain-A+Terrain-B+Terrain-D+Terrain-01+Terrain-02+Terrain-03+Terrain-04+Terrain-05+Terrain-06+Terrain-07+Terrain-08+Terrain-09+Terrain-10+Terrain-11+Terrain-12+Terrain-13+Terrain-14+Terrain-15+Terrain-16,EmptyLTM,0,30,30,1,77.7484,77.7484,11.7696,0,0,0
303,Terrain-C,Terrain-A+Terrain-B+Terrain-D+Terrain-01+Terrain-02+Terrain-03+Terrain-04+Terrain-05+Terrain-06+Terrain-07+Terrain-08+Terrain-09+Terrain-10+Terrain-11+Terrain-12+Terrain-13+Terrain-14+Terrain-15+Terrain-16,SuccessWeighted,0,30,30,1,28.8348,28.8348,4.365,512,917,512
303,Terrain-C,Terrain-A+Terrain-B+Terrain-D+Terrain-01+Terrain-02+Terrain-03+Terrain-04+Terrain-05+Terrain-06+Terrain-07+Terrain-08+Terrain-09+Terrain-10+Terrain-11+Terrain-12+Terrain-13+Terrain-14+Terrain-15+Terrain-16,TabularNgramBC,0,30,30,1,83.8489,83.8489,12.693,294,225483,294
303,Terrain-C,Terrain-A+Terrain-B+Terrain-D+Terrain-01+Terrain-02+Terrain-03+Terrain-04+Terrain-05+Terrain-06+Terrain-07+Terrain-08+Terrain-09+Terrain-10+Terrain-11+Terrain-12+Terrain-13+Terrain-14+Terrain-15+Terrain-16,EmptyLTM,0,30,30,1,81.965,81.965,12.4079,0,0,0
404,Terrain-C,Terrain-A+Terrain-B+Terrain-D+Terrain-01+Terrain-02+Terrain-03+Terrain-04+Terrain-05+Terrain-06+Terrain-07+Terrain-08+Terrain-09+Terrain-10+Terrain-11+Terrain-12+Terrain-13+Terrain-14+Terrain-15+Terrain-16,SuccessWeighted,0,30,30,1,25.4867,25.4867,3.8582,512,902,512
404,Terrain-C,Terrain-A+Terrain-B+Terrain-D+Terrain-01+Terrain-02+Terrain-03+Terrain-04+Terrain-05+Terrain-06+Terrain-07+Terrain-08+Terrain-09+Terrain-10+Terrain-11+Terrain-12+Terrain-13+Terrain-14+Terrain-15+Terrain-16,TabularNgramBC,0,30,30,1,124.4854,124.4854,18.8446,297,225351,297
404,Terrain-C,Terrain-A+Terrain-B+Terrain-D+Terrain-01+Terrain-02+Terrain-03+Terrain-04+Terrain-05+Terrain-06+Terrain-07+Terrain-08+Terrain-09+Terrain-10+Terrain-11+Terrain-12+Terrain-13+Terrain-14+Terrain-15+Terrain-16,EmptyLTM,0,30,30,1,92.8211,92.8211,14.0513,0,0,0
505,Terrain-C,Terrain-A+Terrain-B+Terrain-D+Terrain-01+Terrain-02+Terrain-03+Terrain-04+Terrain-05+Terrain-06+Terrain-07+Terrain-08+Terrain-09+Terrain-10+Terrain-11+Terrain-12+Terrain-13+Terrain-14+Terrain-15+Terrain-16,SuccessWeighted,0,30,30,1,20.1232,20.1232,3.0463,512,896,512
505,Terrain-C,Terrain-A+Terrain-B+Terrain-D+Terrain-01+Terrain-02+Terrain-03+Terrain-04+Terrain-05+Terrain-06+Terrain-07+Terrain-08+Terrain-09+Terrain-10+Terrain-11+Terrain-12+Terrain-13+Terrain-14+Terrain-15+Terrain-16,TabularNgramBC,0,30,30,1,89.3096,89.3096,13.5197,298,225408,298
505,Terrain-C,Terrain-A+Terrain-B+Terrain-D+Terrain-01+Terrain-02+Terrain-03+Terrain-04+Terrain-05+Terrain-06+Terrain-07+Terrain-08+Terrain-09+Terrain-10+Terrain-11+Terrain-12+Terrain-13+Terrain-14+Terrain-15+Terrain-16,EmptyLTM,0,30,30,1,112.7583,112.7583,17.0694,0,0,0
606,Terrain-C,Terrain-A+Terrain-B+Terrain-D+Terrain-01+Terrain-02+Terrain-03+Terrain-04+Terrain-05+Terrain-06+Terrain-07+Terrain-08+Terrain-09+Terrain-10+Terrain-11+Terrain-12+Terrain-13+Terrain-14+Terrain-15+Terrain-16,SuccessWeighted,0,30,30,1,25.7397,25.7397,3.8965,512,900,512
606,Terrain-C,Terrain-A+Terrain-B+Terrain-D+Terrain-01+Terrain-02+Terrain-03+Terrain-04+Terrain-05+Terrain-06+Terrain-07+Terrain-08+Terrain-09+Terrain-10+Terrain-11+Terrain-12+Terrain-13+Terrain-14+Terrain-15+Terrain-16,TabularNgramBC,0,30,30,1,73.9439,73.9439,11.1936,300,225330,300
606,Terrain-C,Terrain-A+Terrain-B+Terrain-D+Terrain-01+Terrain-02+Terrain-03+Terrain-04+Terrain-05+Terrain-06+Terrain-07+Terrain-08+Terrain-09+Terrain-10+Terrain-11+Terrain-12+Terrain-13+Terrain-14+Terrain-15+Terrain-16,EmptyLTM,0,30,30,1,82.2458,82.2458,12.4504,0,0,0
707,Terrain-C,Terrain-A+Terrain-B+Terrain-D+Terrain-01+Terrain-02+Terrain-03+Terrain-04+Terrain-05+Terrain-06+Terrain-07+Terrain-08+Terrain-09+Terrain-10+Terrain-11+Terrain-12+Terrain-13+Terrain-14+Terrain-15+Terrain-16,SuccessWeighted,0,30,30,1,25.474,25.474,3.8563,512,891,512
707,Terrain-C,Terrain-A+Terrain-B+Terrain-D+Terrain-01+Terrain-02+Terrain-03+Terrain-04+Terrain-05+Terrain-06+Terrain-07+Terrain-08+Terrain-09+Terrain-10+Terrain-11+Terrain-12+Terrain-13+Terrain-14+Terrain-15+Terrain-16,TabularNgramBC,0,30,30,1,81.6103,81.6103,12.3542,295,225420,295
707,Terrain-C,Terrain-A+Terrain-B+Terrain-D+Terrain-01+Terrain-02+Terrain-03+Terrain-04+Terrain-05+Terrain-06+Terrain-07+Terrain-08+Terrain-09+Terrain-10+Terrain-11+Terrain-12+Terrain-13+Terrain-14+Terrain-15+Terrain-16,EmptyLTM,0,30,30,1,83.5773,83.5773,12.6519,0,0,0
808,Terrain-C,Terrain-A+Terrain-B+Terrain-D+Terrain-01+Terrain-02+Terrain-03+Terrain-04+Terrain-05+Terrain-06+Terrain-07+Terrain-08+Terrain-09+Terrain-10+Terrain-11+Terrain-12+Terrain-13+Terrain-14+Terrain-15+Terrain-16,SuccessWeighted,0,30,30,1,25.8758,25.8758,3.9171,512,896,512
808,Terrain-C,Terrain-A+Terrain-B+Terrain-D+Terrain-01+Terrain-02+Terrain-03+Terrain-04+Terrain-05+Terrain-06+Terrain-07+Terrain-08+Terrain-09+Terrain-10+Terrain-11+Terrain-12+Terrain-13+Terrain-14+Terrain-15+Terrain-16,TabularNgramBC,0,30,30,1,69.8951,69.8951,10.5807,299,225573,299
808,Terrain-C,Terrain-A+Terrain-B+Terrain-D+Terrain-01+Terrain-02+Terrain-03+Terrain-04+Terrain-05+Terrain-06+Terrain-07+Terrain-08+Terrain-09+Terrain-10+Terrain-11+Terrain-12+Terrain-13+Terrain-14+Terrain-15+Terrain-16,EmptyLTM,0,30,30,1,93.853,93.853,14.2075,0,0,0
909,Terrain-C,Terrain-A+Terrain-B+Terrain-D+Terrain-01+Terrain-02+Terrain-03+Terrain-04+Terrain-05+Terrain-06+Terrain-07+Terrain-08+Terrain-09+Terrain-10+Terrain-11+Terrain-12+Terrain-13+Terrain-14+Terrain-15+Terrain-16,SuccessWeighted,0,30,30,1,25.1083,25.1083,3.8009,512,903,512
909,Terrain-C,Terrain-A+Terrain-B+Terrain-D+Terrain-01+Terrain-02+Terrain-03+Terrain-04+Terrain-05+Terrain-06+Terrain-07+Terrain-08+Terrain-09+Terrain-10+Terrain-11+Terrain-12+Terrain-13+Terrain-14+Terrain-15+Terrain-16,TabularNgramBC,0,30,30,1,69.5591,69.5591,10.5299,303,225186,303
909,Terrain-C,Terrain-A+Terrain-B+Terrain-D+Terrain-01+Terrain-02+Terrain-03+Terrain-04+Terrain-05+Terrain-06+Terrain-07+Terrain-08+Terrain-09+Terrain-10+Terrain-11+Terrain-12+Terrain-13+Terrain-14+Terrain-15+Terrain-16,EmptyLTM,0,30,30,1,77.1935,77.1935,11.6856,0,0,0
1010,Terrain-C,Terrain-A+Terrain-B+Terrain-D+Terrain-01+Terrain-02+Terrain-03+Terrain-04+Terrain-05+Terrain-06+Terrain-07+Terrain-08+Terrain-09+Terrain-10+Terrain-11+Terrain-12+Terrain-13+Terrain-14+Terrain-15+Terrain-16,SuccessWeighted,0,30,30,1,41.1399,41.1399,6.2278,512,909,512
1010,Terrain-C,Terrain-A+Terrain-B+Terrain-D+Terrain-01+Terrain-02+Terrain-03+Terrain-04+Terrain-05+Terrain-06+Terrain-07+Terrain-08+Terrain-09+Terrain-10+Terrain-11+Terrain-12+Terrain-13+Terrain-14+Terrain-15+Terrain-16,TabularNgramBC,0,30,30,1,75.1271,75.1271,11.3727,289,225495,289
1010,Terrain-C,Terrain-A+Terrain-B+Terrain-D+Terrain-01+Terrain-02+Terrain-03+Terrain-04+Terrain-05+Terrain-06+Terrain-07+Terrain-08+Terrain-09+Terrain-10+Terrain-11+Terrain-12+Terrain-13+Terrain-14+Terrain-15+Terrain-16,EmptyLTM,0,30,30,1,90.8564,90.8564,13.7538,0,0,0
1111,Terrain-C,Terrain-A+Terrain-B+Terrain-D+Terrain-01+Terrain-02+Terrain-03+Terrain-04+Terrain-05+Terrain-06+Terrain-07+Terrain-08+Terrain-09+Terrain-10+Terrain-11+Terrain-12+Terrain-13+Terrain-14+Terrain-15+Terrain-16,SuccessWeighted,0,30,30,1,27.5795,27.5795,4.175,512,898,512
1111,Terrain-C,Terrain-A+Terrain-B+Terrain-D+Terrain-01+Terrain-02+Terrain-03+Terrain-04+Terrain-05+Terrain-06+Terrain-07+Terrain-08+Terrain-09+Terrain-10+Terrain-11+Terrain-12+Terrain-13+Terrain-14+Terrain-15+Terrain-16,TabularNgramBC,0,30,30,1,92.611,92.611,14.0194,295,225549,295
1111,Terrain-C,Terrain-A+Terrain-B+Terrain-D+Terrain-01+Terrain-02+Terrain-03+Terrain-04+Terrain-05+Terrain-06+Terrain-07+Terrain-08+Terrain-09+Terrain-10+Terrain-11+Terrain-12+Terrain-13+Terrain-14+Terrain-15+Terrain-16,EmptyLTM,0,30,30,1,86.4184,86.4184,13.082,0,0,0
1212,Terrain-C,Terrain-A+Terrain-B+Terrain-D+Terrain-01+Terrain-02+Terrain-03+Terrain-04+Terrain-05+Terrain-06+Terrain-07+Terrain-08+Terrain-09+Terrain-10+Terrain-11+Terrain-12+Terrain-13+Terrain-14+Terrain-15+Terrain-16,SuccessWeighted,0,30,30,1,23.707,23.707,3.5888,512,903,512
1212,Terrain-C,Terrain-A+Terrain-B+Terrain-D+Terrain-01+Terrain-02+Terrain-03+Terrain-04+Terrain-05+Terrain-06+Terrain-07+Terrain-08+Terrain-09+Terrain-10+Terrain-11+Terrain-12+Terrain-13+Terrain-14+Terrain-15+Terrain-16,TabularNgramBC,0,30,30,1,72.7025,72.7025,11.0057,296,225456,296
1212,Terrain-C,Terrain-A+Terrain-B+Terrain-D+Terrain-01+Terrain-02+Terrain-03+Terrain-04+Terrain-05+Terrain-06+Terrain-07+Terrain-08+Terrain-09+Terrain-10+Terrain-11+Terrain-12+Terrain-13+Terrain-14+Terrain-15+Terrain-16,EmptyLTM,0,30,30,1,81.2915,81.2915,12.3059,0,0,0
1313,Terrain-C,Terrain-A+Terrain-B+Terrain-D+Terrain-01+Terrain-02+Terrain-03+Terrain-04+Terrain-05+Terrain-06+Terrain-07+Terrain-08+Terrain-09+Terrain-10+Terrain-11+Terrain-12+Terrain-13+Terrain-14+Terrain-15+Terrain-16,SuccessWeighted,0,30,30,1,21.6597,21.6597,3.2788,512,900,512
1313,Terrain-C,Terrain-A+Terrain-B+Terrain-D+Terrain-01+Terrain-02+Terrain-03+Terrain-04+Terrain-05+Terrain-06+Terrain-07+Terrain-08+Terrain-09+Terrain-10+Terrain-11+Terrain-12+Terrain-13+Terrain-14+Terrain-15+Terrain-16,TabularNgramBC,0,30,30,1,88.476,88.476,13.3935,293,225417,293
1313,Terrain-C,Terrain-A+Terrain-B+Terrain-D+Terrain-01+Terrain-02+Terrain-03+Terrain-04+Terrain-05+Terrain-06+Terrain-07+Terrain-08+Terrain-09+Terrain-10+Terrain-11+Terrain-12+Terrain-13+Terrain-14+Terrain-15+Terrain-16,EmptyLTM,0,30,30,1,118.9834,118.9834,18.0117,0,0,0
1414,Terrain-C,Terrain-A+Terrain-B+Terrain-D+Terrain-01+Terrain-02+Terrain-03+Terrain-04+Terrain-05+Terrain-06+Terrain-07+Terrain-08+Terrain-09+Terrain-10+Terrain-11+Terrain-12+Terrain-13+Terrain-14+Terrain-15+Terrain-16,SuccessWeighted,0,30,30,1,33.1663,33.1663,5.0207,512,891,512
1414,Terrain-C,Terrain-A+Terrain-B+Terrain-D+Terrain-01+Terrain-02+Terrain-03+Terrain-04+Terrain-05+Terrain-06+Terrain-07+Terrain-08+Terrain-09+Terrain-10+Terrain-11+Terrain-12+Terrain-13+Terrain-14+Terrain-15+Terrain-16,TabularNgramBC,0,30,30,1,76.3378,76.3378,11.556,296,225513,296
1414,Terrain-C,Terrain-A+Terrain-B+Terrain-D+Terrain-01+Terrain-02+Terrain-03+Terrain-04+Terrain-05+Terrain-06+Terrain-07+Terrain-08+Terrain-09+Terrain-10+Terrain-11+Terrain-12+Terrain-13+Terrain-14+Terrain-15+Terrain-16,EmptyLTM,0,30,30,1,102.2842,102.2842,15.4838,0,0,0
1515,Terrain-C,Terrain-A+Terrain-B+Terrain-D+Terrain-01+Terrain-02+Terrain-03+Terrain-04+Terrain-05+Terrain-06+Terrain-07+Terrain-08+Terrain-09+Terrain-10+Terrain-11+Terrain-12+Terrain-13+Terrain-14+Terrain-15+Terrain-16,SuccessWeighted,0,30,30,1,45.2743,45.2743,6.8536,512,903,512
1515,Terrain-C,Terrain-A+Terrain-B+Terrain-D+Terrain-01+Terrain-02+Terrain-03+Terrain-04+Terrain-05+Terrain-06+Terrain-07+Terrain-08+Terrain-09+Terrain-10+Terrain-11+Terrain-12+Terrain-13+Terrain-14+Terrain-15+Terrain-16,TabularNgramBC,0,30,30,1,78.3817,78.3817,11.8654,302,225468,302
1515,Terrain-C,Terrain-A+Terrain-B+Terrain-D+Terrain-01+Terrain-02+Terrain-03+Terrain-04+Terrain-05+Terrain-06+Terrain-07+Terrain-08+Terrain-09+Terrain-10+Terrain-11+Terrain-12+Terrain-13+Terrain-14+Terrain-15+Terrain-16,EmptyLTM,0,30,30,1,80.9721,80.9721,12.2576,0,0,0
1616,Terrain-C,Terrain-A+Terrain-B+Terrain-D+Terrain-01+Terrain-02+Terrain-03+Terrain-04+Terrain-05+Terrain-06+Terrain-07+Terrain-08+Terrain-09+Terrain-10+Terrain-11+Terrain-12+Terrain-13+Terrain-14+Terrain-15+Terrain-16,SuccessWeighted,0,30,30,1,25.5641,25.5641,3.8699,512,908,512
1616,Terrain-C,Terrain-A+Terrain-B+Terrain-D+Terrain-01+Terrain-02+Terrain-03+Terrain-04+Terrain-05+Terrain-06+Terrain-07+Terrain-08+Terrain-09+Terrain-10+Terrain-11+Terrain-12+Terrain-13+Terrain-14+Terrain-15+Terrain-16,TabularNgramBC,0,30,30,1,72.6618,72.6618,10.9995,291,225399,291
1616,Terrain-C,Terrain-A+Terrain-B+Terrain-D+Terrain-01+Terrain-02+Terrain-03+Terrain-04+Terrain-05+Terrain-06+Terrain-07+Terrain-08+Terrain-09+Terrain-10+Terrain-11+Terrain-12+Terrain-13+Terrain-14+Terrain-15+Terrain-16,EmptyLTM,0,30,30,1,95.3289,95.3289,14.4309,0,0,0
1717,Terrain-C,Terrain-A+Terrain-B+Terrain-D+Terrain-01+Terrain-02+Terrain-03+Terrain-04+Terrain-05+Terrain-06+Terrain-07+Terrain-08+Terrain-09+Terrain-10+Terrain-11+Terrain-12+Terrain-13+Terrain-14+Terrain-15+Terrain-16,SuccessWeighted,0,30,30,1,24.6536,24.6536,3.7321,512,893,512
1717,Terrain-C,Terrain-A+Terrain-B+Terrain-D+Terrain-01+Terrain-02+Terrain-03+Terrain-04+Terrain-05+Terrain-06+Terrain-07+Terrain-08+Terrain-09+Terrain-10+Terrain-11+Terrain-12+Terrain-13+Terrain-14+Terrain-15+Terrain-16,TabularNgramBC,0,30,30,1,85.0394,85.0394,12.8733,290,225318,290
1717,Terrain-C,Terrain-A+Terrain-B+Terrain-D+Terrain-01+Terrain-02+Terrain-03+Terrain-04+Terrain-05+Terrain-06+Terrain-07+Terrain-08+Terrain-09+Terrain-10+Terrain-11+Terrain-12+Terrain-13+Terrain-14+Terrain-15+Terrain-16,EmptyLTM,0,30,30,1,99.3826,99.3826,15.0445,0,0,0
1818,Terrain-C,Terrain-A+Terrain-B+Terrain-D+Terrain-01+Terrain-02+Terrain-03+Terrain-04+Terrain-05+Terrain-06+Terrain-07+Terrain-08+Terrain-09+Terrain-10+Terrain-11+Terrain-12+Terrain-13+Terrain-14+Terrain-15+Terrain-16,SuccessWeighted,0,30,30,1,30.6129,30.6129,4.6342,512,898,512
1818,Terrain-C,Terrain-A+Terrain-B+Terrain-D+Terrain-01+Terrain-02+Terrain-03+Terrain-04+Terrain-05+Terrain-06+Terrain-07+Terrain-08+Terrain-09+Terrain-10+Terrain-11+Terrain-12+Terrain-13+Terrain-14+Terrain-15+Terrain-16,TabularNgramBC,0,30,30,1,91.9736,91.9736,13.923,292,225249,292
1818,Terrain-C,Terrain-A+Terrain-B+Terrain-D+Terrain-01+Terrain-02+Terrain-03+Terrain-04+Terrain-05+Terrain-06+Terrain-07+Terrain-08+Terrain-09+Terrain-10+Terrain-11+Terrain-12+Terrain-13+Terrain-14+Terrain-15+Terrain-16,EmptyLTM,0,30,30,1,81.6272,81.6272,12.3567,0,0,0
1919,Terrain-C,Terrain-A+Terrain-B+Terrain-D+Terrain-01+Terrain-02+Terrain-03+Terrain-04+Terrain-05+Terrain-06+Terrain-07+Terrain-08+Terrain-09+Terrain-10+Terrain-11+Terrain-12+Terrain-13+Terrain-14+Terrain-15+Terrain-16,SuccessWeighted,0,30,30,1,26.3606,26.3606,3.9905,512,908,512
1919,Terrain-C,Terrain-A+Terrain-B+Terrain-D+Terrain-01+Terrain-02+Terrain-03+Terrain-04+Terrain-05+Terrain-06+Terrain-07+Terrain-08+Terrain-09+Terrain-10+Terrain-11+Terrain-12+Terrain-13+Terrain-14+Terrain-15+Terrain-16,TabularNgramBC,0,30,30,1,96.0554,96.0554,14.5409,298,225405,298
1919,Terrain-C,Terrain-A+Terrain-B+Terrain-D+Terrain-01+Terrain-02+Terrain-03+Terrain-04+Terrain-05+Terrain-06+Terrain-07+Terrain-08+Terrain-09+Terrain-10+Terrain-11+Terrain-12+Terrain-13+Terrain-14+Terrain-15+Terrain-16,EmptyLTM,0,30,30,1,94.4474,94.4474,14.2974,0,0,0
2020,Terrain-C,Terrain-A+Terrain-B+Terrain-D+Terrain-01+Terrain-02+Terrain-03+Terrain-04+Terrain-05+Terrain-06+Terrain-07+Terrain-08+Terrain-09+Terrain-10+Terrain-11+Terrain-12+Terrain-13+Terrain-14+Terrain-15+Terrain-16,SuccessWeighted,0,30,30,1,23.2324,23.2324,3.5169,512,899,512
2020,Terrain-C,Terrain-A+Terrain-B+Terrain-D+Terrain-01+Terrain-02+Terrain-03+Terrain-04+Terrain-05+Terrain-06+Terrain-07+Terrain-08+Terrain-09+Terrain-10+Terrain-11+Terrain-12+Terrain-13+Terrain-14+Terrain-15+Terrain-16,TabularNgramBC,0,30,30,1,81.9406,81.9406,12.4042,296,225501,296
2020,Terrain-C,Terrain-A+Terrain-B+Terrain-D+Terrain-01+Terrain-02+Terrain-03+Terrain-04+Terrain-05+Terrain-06+Terrain-07+Terrain-08+Terrain-09+Terrain-10+Terrain-11+Terrain-12+Terrain-13+Terrain-14+Terrain-15+Terrain-16,EmptyLTM,0,30,30,1,84.9393,84.9393,12.8581,0,0,0
2121,Terrain-C,Terrain-A+Terrain-B+Terrain-D+Terrain-01+Terrain-02+Terrain-03+Terrain-04+Terrain-05+Terrain-06+Terrain-07+Terrain-08+Terrain-09+Terrain-10+Terrain-11+Terrain-12+Terrain-13+Terrain-14+Terrain-15+Terrain-16,SuccessWeighted,0,30,30,1,30.7737,30.7737,4.6585,512,900,512
2121,Terrain-C,Terrain-A+Terrain-B+Terrain-D+Terrain-01+Terrain-02+Terrain-03+Terrain-04+Terrain-05+Terrain-06+Terrain-07+Terrain-08+Terrain-09+Terrain-10+Terrain-11+Terrain-12+Terrain-13+Terrain-14+Terrain-15+Terrain-16,TabularNgramBC,0,30,30,1,105.5363,105.5363,15.9761,296,225498,296
2121,Terrain-C,Terrain-A+Terrain-B+Terrain-D+Terrain-01+Terrain-02+Terrain-03+Terrain-04+Terrain-05+Terrain-06+Terrain-07+Terrain-08+Terrain-09+Terrain-10+Terrain-11+Terrain-12+Terrain-13+Terrain-14+Terrain-15+Terrain-16,EmptyLTM,0,30,30,1,88.9656,88.9656,13.4676,0,0,0
2222,Terrain-C,Terrain-A+Terrain-B+Terrain-D+Terrain-01+Terrain-02+Terrain-03+Terrain-04+Terrain-05+Terrain-06+Terrain-07+Terrain-08+Terrain-09+Terrain-10+Terrain-11+Terrain-12+Terrain-13+Terrain-14+Terrain-15+Terrain-16,SuccessWeighted,0,30,30,1,23.4227,23.4227,3.5457,512,895,512
2222,Terrain-C,Terrain-A+Terrain-B+Terrain-D+Terrain-01+Terrain-02+Terrain-03+Terrain-04+Terrain-05+Terrain-06+Terrain-07+Terrain-08+Terrain-09+Terrain-10+Terrain-11+Terrain-12+Terrain-13+Terrain-14+Terrain-15+Terrain-16,TabularNgramBC,0,30,30,1,98.2467,98.2467,14.8726,295,225492,295
2222,Terrain-C,Terrain-A+Terrain-B+Terrain-D+Terrain-01+Terrain-02+Terrain-03+Terrain-04+Terrain-05+Terrain-06+Terrain-07+Terrain-08+Terrain-09+Terrain-10+Terrain-11+Terrain-12+Terrain-13+Terrain-14+Terrain-15+Terrain-16,EmptyLTM,0,30,30,1,107.6928,107.6928,16.3025,0,0,0
2323,Terrain-C,Terrain-A+Terrain-B+Terrain-D+Terrain-01+Terrain-02+Terrain-03+Terrain-04+Terrain-05+Terrain-06+Terrain-07+Terrain-08+Terrain-09+Terrain-10+Terrain-11+Terrain-12+Terrain-13+Terrain-14+Terrain-15+Terrain-16,SuccessWeighted,0,30,30,1,22.1592,22.1592,3.3545,512,901,512
2323,Terrain-C,Terrain-A+Terrain-B+Terrain-D+Terrain-01+Terrain-02+Terrain-03+Terrain-04+Terrain-05+Terrain-06+Terrain-07+Terrain-08+Terrain-09+Terrain-10+Terrain-11+Terrain-12+Terrain-13+Terrain-14+Terrain-15+Terrain-16,TabularNgramBC,0,30,30,1,91.1919,91.1919,13.8046,298,225462,298
2323,Terrain-C,Terrain-A+Terrain-B+Terrain-D+Terrain-01+Terrain-02+Terrain-03+Terrain-04+Terrain-05+Terrain-06+Terrain-07+Terrain-08+Terrain-09+Terrain-10+Terrain-11+Terrain-12+Terrain-13+Terrain-14+Terrain-15+Terrain-16,EmptyLTM,0,30,30,1,100.9402,100.9402,15.2803,0,0,0
2424,Terrain-C,Terrain-A+Terrain-B+Terrain-D+Terrain-01+Terrain-02+Terrain-03+Terrain-04+Terrain-05+Terrain-06+Terrain-07+Terrain-08+Terrain-09+Terrain-10+Terrain-11+Terrain-12+Terrain-13+Terrain-14+Terrain-15+Terrain-16,SuccessWeighted,0,30,30,1,24.2292,24.2292,3.6678,512,908,512
2424,Terrain-C,Terrain-A+Terrain-B+Terrain-D+Terrain-01+Terrain-02+Terrain-03+Terrain-04+Terrain-05+Terrain-06+Terrain-07+Terrain-08+Terrain-09+Terrain-10+Terrain-11+Terrain-12+Terrain-13+Terrain-14+Terrain-15+Terrain-16,TabularNgramBC,0,30,30,1,79.005,79.005,11.9598,294,225684,294
2424,Terrain-C,Terrain-A+Terrain-B+Terrain-D+Terrain-01+Terrain-02+Terrain-03+Terrain-04+Terrain-05+Terrain-06+Terrain-07+Terrain-08+Terrain-09+Terrain-10+Terrain-11+Terrain-12+Terrain-13+Terrain-14+Terrain-15+Terrain-16,EmptyLTM,0,30,30,1,69.3527,69.3527,10.4986,0,0,0
2525,Terrain-C,Terrain-A+Terrain-B+Terrain-D+Terrain-01+Terrain-02+Terrain-03+Terrain-04+Terrain-05+Terrain-06+Terrain-07+Terrain-08+Terrain-09+Terrain-10+Terrain-11+Terrain-12+Terrain-13+Terrain-14+Terrain-15+Terrain-16,SuccessWeighted,0,30,30,1,23.3469,23.3469,3.5342,512,919,512
2525,Terrain-C,Terrain-A+Terrain-B+Terrain-D+Terrain-01+Terrain-02+Terrain-03+Terrain-04+Terrain-05+Terrain-06+Terrain-07+Terrain-08+Terrain-09+Terrain-10+Terrain-11+Terrain-12+Terrain-13+Terrain-14+Terrain-15+Terrain-16,TabularNgramBC,0,30,30,1,76.9795,76.9795,11.6531,290,225570,290
2525,Terrain-C,Terrain-A+Terrain-B+Terrain-D+Terrain-01+Terrain-02+Terrain-03+Terrain-04+Terrain-05+Terrain-06+Terrain-07+Terrain-08+Terrain-09+Terrain-10+Terrain-11+Terrain-12+Terrain-13+Terrain-14+Terrain-15+Terrain-16,EmptyLTM,0,30,30,1,84.1166,84.1166,12.7336,0,0,0
101,Terrain-D,Terrain-A+Terrain-B+Terrain-C+Terrain-01+Terrain-02+Terrain-03+Terrain-04+Terrain-05+Terrain-06+Terrain-07+Terrain-08+Terrain-09+Terrain-10+Terrain-11+Terrain-12+Terrain-13+Terrain-14+Terrain-15+Terrain-16,SuccessWeighted,0,30,30,1,28.6096,28.6096,5.4314,512,893,512
101,Terrain-D,Terrain-A+Terrain-B+Terrain-C+Terrain-01+Terrain-02+Terrain-03+Terrain-04+Terrain-05+Terrain-06+Terrain-07+Terrain-08+Terrain-09+Terrain-10+Terrain-11+Terrain-12+Terrain-13+Terrain-14+Terrain-15+Terrain-16,TabularNgramBC,0,30,30,1,67.7443,67.7443,12.8608,295,226959,295
101,Terrain-D,Terrain-A+Terrain-B+Terrain-C+Terrain-01+Terrain-02+Terrain-03+Terrain-04+Terrain-05+Terrain-06+Terrain-07+Terrain-08+Terrain-09+Terrain-10+Terrain-11+Terrain-12+Terrain-13+Terrain-14+Terrain-15+Terrain-16,EmptyLTM,0,30,30,1,88.0846,88.0846,16.7223,0,0,0
202,Terrain-D,Terrain-A+Terrain-B+Terrain-C+Terrain-01+Terrain-02+Terrain-03+Terrain-04+Terrain-05+Terrain-06+Terrain-07+Terrain-08+Terrain-09+Terrain-10+Terrain-11+Terrain-12+Terrain-13+Terrain-14+Terrain-15+Terrain-16,SuccessWeighted,0,30,30,1,28.3202,28.3202,5.3764,512,898,512
202,Terrain-D,Terrain-A+Terrain-B+Terrain-C+Terrain-01+Terrain-02+Terrain-03+Terrain-04+Terrain-05+Terrain-06+Terrain-07+Terrain-08+Terrain-09+Terrain-10+Terrain-11+Terrain-12+Terrain-13+Terrain-14+Terrain-15+Terrain-16,TabularNgramBC,0,30,30,1,100.0158,100.0158,18.9873,294,227184,294
202,Terrain-D,Terrain-A+Terrain-B+Terrain-C+Terrain-01+Terrain-02+Terrain-03+Terrain-04+Terrain-05+Terrain-06+Terrain-07+Terrain-08+Terrain-09+Terrain-10+Terrain-11+Terrain-12+Terrain-13+Terrain-14+Terrain-15+Terrain-16,EmptyLTM,0,30,30,1,90.248,90.248,17.133,0,0,0
303,Terrain-D,Terrain-A+Terrain-B+Terrain-C+Terrain-01+Terrain-02+Terrain-03+Terrain-04+Terrain-05+Terrain-06+Terrain-07+Terrain-08+Terrain-09+Terrain-10+Terrain-11+Terrain-12+Terrain-13+Terrain-14+Terrain-15+Terrain-16,SuccessWeighted,0,30,30,1,29.906,29.906,5.6775,512,910,512
303,Terrain-D,Terrain-A+Terrain-B+Terrain-C+Terrain-01+Terrain-02+Terrain-03+Terrain-04+Terrain-05+Terrain-06+Terrain-07+Terrain-08+Terrain-09+Terrain-10+Terrain-11+Terrain-12+Terrain-13+Terrain-14+Terrain-15+Terrain-16,TabularNgramBC,0,30,30,1,67.4177,67.4177,12.7988,298,227133,298
303,Terrain-D,Terrain-A+Terrain-B+Terrain-C+Terrain-01+Terrain-02+Terrain-03+Terrain-04+Terrain-05+Terrain-06+Terrain-07+Terrain-08+Terrain-09+Terrain-10+Terrain-11+Terrain-12+Terrain-13+Terrain-14+Terrain-15+Terrain-16,EmptyLTM,0,30,30,1,94.2272,94.2272,17.8884,0,0,0
404,Terrain-D,Terrain-A+Terrain-B+Terrain-C+Terrain-01+Terrain-02+Terrain-03+Terrain-04+Terrain-05+Terrain-06+Terrain-07+Terrain-08+Terrain-09+Terrain-10+Terrain-11+Terrain-12+Terrain-13+Terrain-14+Terrain-15+Terrain-16,SuccessWeighted,0,30,30,1,28.4934,28.4934,5.4093,512,901,512
404,Terrain-D,Terrain-A+Terrain-B+Terrain-C+Terrain-01+Terrain-02+Terrain-03+Terrain-04+Terrain-05+Terrain-06+Terrain-07+Terrain-08+Terrain-09+Terrain-10+Terrain-11+Terrain-12+Terrain-13+Terrain-14+Terrain-15+Terrain-16,TabularNgramBC,0,30,30,1,92.5405,92.5405,17.5682,299,226611,299
404,Terrain-D,Terrain-A+Terrain-B+Terrain-C+Terrain-01+Terrain-02+Terrain-03+Terrain-04+Terrain-05+Terrain-06+Terrain-07+Terrain-08+Terrain-09+Terrain-10+Terrain-11+Terrain-12+Terrain-13+Terrain-14+Terrain-15+Terrain-16,EmptyLTM,0,30,30,1,112.5779,112.5779,21.3722,0,0,0
505,Terrain-D,Terrain-A+Terrain-B+Terrain-C+Terrain-01+Terrain-02+Terrain-03+Terrain-04+Terrain-05+Terrain-06+Terrain-07+Terrain-08+Terrain-09+Terrain-10+Terrain-11+Terrain-12+Terrain-13+Terrain-14+Terrain-15+Terrain-16,SuccessWeighted,0,30,30,1,23.1373,23.1373,4.3925,512,901,512
505,Terrain-D,Terrain-A+Terrain-B+Terrain-C+Terrain-01+Terrain-02+Terrain-03+Terrain-04+Terrain-05+Terrain-06+Terrain-07+Terrain-08+Terrain-09+Terrain-10+Terrain-11+Terrain-12+Terrain-13+Terrain-14+Terrain-15+Terrain-16,TabularNgramBC,0,30,30,1,79.4523,79.4523,15.0835,297,226896,297
505,Terrain-D,Terrain-A+Terrain-B+Terrain-C+Terrain-01+Terrain-02+Terrain-03+Terrain-04+Terrain-05+Terrain-06+Terrain-07+Terrain-08+Terrain-09+Terrain-10+Terrain-11+Terrain-12+Terrain-13+Terrain-14+Terrain-15+Terrain-16,EmptyLTM,0,30,30,1,81.2135,81.2135,15.4179,0,0,0
606,Terrain-D,Terrain-A+Terrain-B+Terrain-C+Terrain-01+Terrain-02+Terrain-03+Terrain-04+Terrain-05+Terrain-06+Terrain-07+Terrain-08+Terrain-09+Terrain-10+Terrain-11+Terrain-12+Terrain-13+Terrain-14+Terrain-15+Terrain-16,SuccessWeighted,0,30,30,1,27.4539,27.4539,5.2119,512,898,512
606,Terrain-D,Terrain-A+Terrain-B+Terrain-C+Terrain-01+Terrain-02+Terrain-03+Terrain-04+Terrain-05+Terrain-06+Terrain-07+Terrain-08+Terrain-09+Terrain-10+Terrain-11+Terrain-12+Terrain-13+Terrain-14+Terrain-15+Terrain-16,TabularNgramBC,0,30,30,1,94.2727,94.2727,17.8971,298,226884,298
606,Terrain-D,Terrain-A+Terrain-B+Terrain-C+Terrain-01+Terrain-02+Terrain-03+Terrain-04+Terrain-05+Terrain-06+Terrain-07+Terrain-08+Terrain-09+Terrain-10+Terrain-11+Terrain-12+Terrain-13+Terrain-14+Terrain-15+Terrain-16,EmptyLTM,0,30,30,1,106.7922,106.7922,20.2738,0,0,0
707,Terrain-D,Terrain-A+Terrain-B+Terrain-C+Terrain-01+Terrain-02+Terrain-03+Terrain-04+Terrain-05+Terrain-06+Terrain-07+Terrain-08+Terrain-09+Terrain-10+Terrain-11+Terrain-12+Terrain-13+Terrain-14+Terrain-15+Terrain-16,SuccessWeighted,0,30,30,1,33.2585,33.2585,6.3139,512,883,512
707,Terrain-D,Terrain-A+Terrain-B+Terrain-C+Terrain-01+Terrain-02+Terrain-03+Terrain-04+Terrain-05+Terrain-06+Terrain-07+Terrain-08+Terrain-09+Terrain-10+Terrain-11+Terrain-12+Terrain-13+Terrain-14+Terrain-15+Terrain-16,TabularNgramBC,0,30,30,1,79.4982,79.4982,15.0922,293,227013,293
707,Terrain-D,Terrain-A+Terrain-B+Terrain-C+Terrain-01+Terrain-02+Terrain-03+Terrain-04+Terrain-05+Terrain-06+Terrain-07+Terrain-08+Terrain-09+Terrain-10+Terrain-11+Terrain-12+Terrain-13+Terrain-14+Terrain-15+Terrain-16,EmptyLTM,0,30,30,1,100.7932,100.7932,19.1349,0,0,0
808,Terrain-D,Terrain-A+Terrain-B+Terrain-C+Terrain-01+Terrain-02+Terrain-03+Terrain-04+Terrain-05+Terrain-06+Terrain-07+Terrain-08+Terrain-09+Terrain-10+Terrain-11+Terrain-12+Terrain-13+Terrain-14+Terrain-15+Terrain-16,SuccessWeighted,0,30,30,1,28.1329,28.1329,5.3408,512,892,512
808,Terrain-D,Terrain-A+Terrain-B+Terrain-C+Terrain-01+Terrain-02+Terrain-03+Terrain-04+Terrain-05+Terrain-06+Terrain-07+Terrain-08+Terrain-09+Terrain-10+Terrain-11+Terrain-12+Terrain-13+Terrain-14+Terrain-15+Terrain-16,TabularNgramBC,0,30,30,1,77.3558,77.3558,14.6855,305,226935,305
808,Terrain-D,Terrain-A+Terrain-B+Terrain-C+Terrain-01+Terrain-02+Terrain-03+Terrain-04+Terrain-05+Terrain-06+Terrain-07+Terrain-08+Terrain-09+Terrain-10+Terrain-11+Terrain-12+Terrain-13+Terrain-14+Terrain-15+Terrain-16,EmptyLTM,0,30,30,1,130.6086,130.6086,24.7952,0,0,0
909,Terrain-D,Terrain-A+Terrain-B+Terrain-C+Terrain-01+Terrain-02+Terrain-03+Terrain-04+Terrain-05+Terrain-06+Terrain-07+Terrain-08+Terrain-09+Terrain-10+Terrain-11+Terrain-12+Terrain-13+Terrain-14+Terrain-15+Terrain-16,SuccessWeighted,0,30,30,1,28.2022,28.2022,5.354,512,875,512
909,Terrain-D,Terrain-A+Terrain-B+Terrain-C+Terrain-01+Terrain-02+Terrain-03+Terrain-04+Terrain-05+Terrain-06+Terrain-07+Terrain-08+Terrain-09+Terrain-10+Terrain-11+Terrain-12+Terrain-13+Terrain-14+Terrain-15+Terrain-16,TabularNgramBC,0,30,30,1,91.2823,91.2823,17.3293,294,226887,294
909,Terrain-D,Terrain-A+Terrain-B+Terrain-C+Terrain-01+Terrain-02+Terrain-03+Terrain-04+Terrain-05+Terrain-06+Terrain-07+Terrain-08+Terrain-09+Terrain-10+Terrain-11+Terrain-12+Terrain-13+Terrain-14+Terrain-15+Terrain-16,EmptyLTM,0,30,30,1,85.753,85.753,16.2796,0,0,0
1010,Terrain-D,Terrain-A+Terrain-B+Terrain-C+Terrain-01+Terrain-02+Terrain-03+Terrain-04+Terrain-05+Terrain-06+Terrain-07+Terrain-08+Terrain-09+Terrain-10+Terrain-11+Terrain-12+Terrain-13+Terrain-14+Terrain-15+Terrain-16,SuccessWeighted,0,30,30,1,30.5331,30.5331,5.7965,512,895,512
1010,Terrain-D,Terrain-A+Terrain-B+Terrain-C+Terrain-01+Terrain-02+Terrain-03+Terrain-04+Terrain-05+Terrain-06+Terrain-07+Terrain-08+Terrain-09+Terrain-10+Terrain-11+Terrain-12+Terrain-13+Terrain-14+Terrain-15+Terrain-16,TabularNgramBC,0,30,30,1,83.8003,83.8003,15.9089,291,227097,291
1010,Terrain-D,Terrain-A+Terrain-B+Terrain-C+Terrain-01+Terrain-02+Terrain-03+Terrain-04+Terrain-05+Terrain-06+Terrain-07+Terrain-08+Terrain-09+Terrain-10+Terrain-11+Terrain-12+Terrain-13+Terrain-14+Terrain-15+Terrain-16,EmptyLTM,0,30,30,1,87.9101,87.9101,16.6892,0,0,0
1111,Terrain-D,Terrain-A+Terrain-B+Terrain-C+Terrain-01+Terrain-02+Terrain-03+Terrain-04+Terrain-05+Terrain-06+Terrain-07+Terrain-08+Terrain-09+Terrain-10+Terrain-11+Terrain-12+Terrain-13+Terrain-14+Terrain-15+Terrain-16,SuccessWeighted,0,30,30,1,32.591,32.591,6.1872,512,893,512
1111,Terrain-D,Terrain-A+Terrain-B+Terrain-C+Terrain-01+Terrain-02+Terrain-03+Terrain-04+Terrain-05+Terrain-06+Terrain-07+Terrain-08+Terrain-09+Terrain-10+Terrain-11+Terrain-12+Terrain-13+Terrain-14+Terrain-15+Terrain-16,TabularNgramBC,0,30,30,1,78.6884,78.6884,14.9385,295,226932,295
1111,Terrain-D,Terrain-A+Terrain-B+Terrain-C+Terrain-01+Terrain-02+Terrain-03+Terrain-04+Terrain-05+Terrain-06+Terrain-07+Terrain-08+Terrain-09+Terrain-10+Terrain-11+Terrain-12+Terrain-13+Terrain-14+Terrain-15+Terrain-16,EmptyLTM,0,30,30,1,112.6395,112.6395,21.3839,0,0,0
1212,Terrain-D,Terrain-A+Terrain-B+Terrain-C+Terrain-01+Terrain-02+Terrain-03+Terrain-04+Terrain-05+Terrain-06+Terrain-07+Terrain-08+Terrain-09+Terrain-10+Terrain-11+Terrain-12+Terrain-13+Terrain-14+Terrain-15+Terrain-16,SuccessWeighted,0,30,30,1,22.3662,22.3662,4.2461,512,897,512
1212,Terrain-D,Terrain-A+Terrain-B+Terrain-C+Terrain-01+Terrain-02+Terrain-03+Terrain-04+Terrain-05+Terrain-06+Terrain-07+Terrain-08+Terrain-09+Terrain-10+Terrain-11+Terrain-12+Terrain-13+Terrain-14+Terrain-15+Terrain-16,TabularNgramBC,0,30,30,1,96.6813,96.6813,18.3543,300,227145,300
1212,Terrain-D,Terrain-A+Terrain-B+Terrain-C+Terrain-01+Terrain-02+Terrain-03+Terrain-04+Terrain-05+Terrain-06+Terrain-07+Terrain-08+Terrain-09+Terrain-10+Terrain-11+Terrain-12+Terrain-13+Terrain-14+Terrain-15+Terrain-16,EmptyLTM,0,30,30,1,90.8482,90.8482,17.2469,0,0,0
1313,Terrain-D,Terrain-A+Terrain-B+Terrain-C+Terrain-01+Terrain-02+Terrain-03+Terrain-04+Terrain-05+Terrain-06+Terrain-07+Terrain-08+Terrain-09+Terrain-10+Terrain-11+Terrain-12+Terrain-13+Terrain-14+Terrain-15+Terrain-16,SuccessWeighted,0,30,30,1,26.1143,26.1143,4.9576,512,894,512
1313,Terrain-D,Terrain-A+Terrain-B+Terrain-C+Terrain-01+Terrain-02+Terrain-03+Terrain-04+Terrain-05+Terrain-06+Terrain-07+Terrain-08+Terrain-09+Terrain-10+Terrain-11+Terrain-12+Terrain-13+Terrain-14+Terrain-15+Terrain-16,TabularNgramBC,0,30,30,1,90.4693,90.4693,17.175,289,226911,289
1313,Terrain-D,Terrain-A+Terrain-B+Terrain-C+Terrain-01+Terrain-02+Terrain-03+Terrain-04+Terrain-05+Terrain-06+Terrain-07+Terrain-08+Terrain-09+Terrain-10+Terrain-11+Terrain-12+Terrain-13+Terrain-14+Terrain-15+Terrain-16,EmptyLTM,0,30,30,1,87.3912,87.3912,16.5906,0,0,0
1414,Terrain-D,Terrain-A+Terrain-B+Terrain-C+Terrain-01+Terrain-02+Terrain-03+Terrain-04+Terrain-05+Terrain-06+Terrain-07+Terrain-08+Terrain-09+Terrain-10+Terrain-11+Terrain-12+Terrain-13+Terrain-14+Terrain-15+Terrain-16,SuccessWeighted,0,30,30,1,36.4454,36.4454,6.9189,512,901,512
1414,Terrain-D,Terrain-A+Terrain-B+Terrain-C+Terrain-01+Terrain-02+Terrain-03+Terrain-04+Terrain-05+Terrain-06+Terrain-07+Terrain-08+Terrain-09+Terrain-10+Terrain-11+Terrain-12+Terrain-13+Terrain-14+Terrain-15+Terrain-16,TabularNgramBC,0,30,30,1,69.6184,69.6184,13.2166,303,227145,303
1414,Terrain-D,Terrain-A+Terrain-B+Terrain-C+Terrain-01+Terrain-02+Terrain-03+Terrain-04+Terrain-05+Terrain-06+Terrain-07+Terrain-08+Terrain-09+Terrain-10+Terrain-11+Terrain-12+Terrain-13+Terrain-14+Terrain-15+Terrain-16,EmptyLTM,0,30,30,1,90.4135,90.4135,17.1644,0,0,0
1515,Terrain-D,Terrain-A+Terrain-B+Terrain-C+Terrain-01+Terrain-02+Terrain-03+Terrain-04+Terrain-05+Terrain-06+Terrain-07+Terrain-08+Terrain-09+Terrain-10+Terrain-11+Terrain-12+Terrain-13+Terrain-14+Terrain-15+Terrain-16,SuccessWeighted,0,30,30,1,37.5494,37.5494,7.1285,512,893,512
1515,Terrain-D,Terrain-A+Terrain-B+Terrain-C+Terrain-01+Terrain-02+Terrain-03+Terrain-04+Terrain-05+Terrain-06+Terrain-07+Terrain-08+Terrain-09+Terrain-10+Terrain-11+Terrain-12+Terrain-13+Terrain-14+Terrain-15+Terrain-16,TabularNgramBC,0,30,30,1,81.0292,81.0292,15.3829,303,226944,303
1515,Terrain-D,Terrain-A+Terrain-B+Terrain-C+Terrain-01+Terrain-02+Terrain-03+Terrain-04+Terrain-05+Terrain-06+Terrain-07+Terrain-08+Terrain-09+Terrain-10+Terrain-11+Terrain-12+Terrain-13+Terrain-14+Terrain-15+Terrain-16,EmptyLTM,0,30,30,1,101.3673,101.3673,19.2439,0,0,0
1616,Terrain-D,Terrain-A+Terrain-B+Terrain-C+Terrain-01+Terrain-02+Terrain-03+Terrain-04+Terrain-05+Terrain-06+Terrain-07+Terrain-08+Terrain-09+Terrain-10+Terrain-11+Terrain-12+Terrain-13+Terrain-14+Terrain-15+Terrain-16,SuccessWeighted,0,30,30,1,24.858,24.858,4.7191,512,896,512
1616,Terrain-D,Terrain-A+Terrain-B+Terrain-C+Terrain-01+Terrain-02+Terrain-03+Terrain-04+Terrain-05+Terrain-06+Terrain-07+Terrain-08+Terrain-09+Terrain-10+Terrain-11+Terrain-12+Terrain-13+Terrain-14+Terrain-15+Terrain-16,TabularNgramBC,0,30,30,1,64.8879,64.8879,12.3185,294,226773,294
1616,Terrain-D,Terrain-A+Terrain-B+Terrain-C+Terrain-01+Terrain-02+Terrain-03+Terrain-04+Terrain-05+Terrain-06+Terrain-07+Terrain-08+Terrain-09+Terrain-10+Terrain-11+Terrain-12+Terrain-13+Terrain-14+Terrain-15+Terrain-16,EmptyLTM,0,30,30,1,67.7455,67.7455,12.861,0,0,0
1717,Terrain-D,Terrain-A+Terrain-B+Terrain-C+Terrain-01+Terrain-02+Terrain-03+Terrain-04+Terrain-05+Terrain-06+Terrain-07+Terrain-08+Terrain-09+Terrain-10+Terrain-11+Terrain-12+Terrain-13+Terrain-14+Terrain-15+Terrain-16,SuccessWeighted,0,30,30,1,32.2306,32.2306,6.1188,512,889,512
1717,Terrain-D,Terrain-A+Terrain-B+Terrain-C+Terrain-01+Terrain-02+Terrain-03+Terrain-04+Terrain-05+Terrain-06+Terrain-07+Terrain-08+Terrain-09+Terrain-10+Terrain-11+Terrain-12+Terrain-13+Terrain-14+Terrain-15+Terrain-16,TabularNgramBC,0,30,30,1,81.6307,81.6307,15.4971,292,227019,292
1717,Terrain-D,Terrain-A+Terrain-B+Terrain-C+Terrain-01+Terrain-02+Terrain-03+Terrain-04+Terrain-05+Terrain-06+Terrain-07+Terrain-08+Terrain-09+Terrain-10+Terrain-11+Terrain-12+Terrain-13+Terrain-14+Terrain-15+Terrain-16,EmptyLTM,0,30,30,1,91.794,91.794,17.4265,0,0,0
1818,Terrain-D,Terrain-A+Terrain-B+Terrain-C+Terrain-01+Terrain-02+Terrain-03+Terrain-04+Terrain-05+Terrain-06+Terrain-07+Terrain-08+Terrain-09+Terrain-10+Terrain-11+Terrain-12+Terrain-13+Terrain-14+Terrain-15+Terrain-16,SuccessWeighted,0,30,30,1,33.6185,33.6185,6.3822,512,901,512
1818,Terrain-D,Terrain-A+Terrain-B+Terrain-C+Terrain-01+Terrain-02+Terrain-03+Terrain-04+Terrain-05+Terrain-06+Terrain-07+Terrain-08+Terrain-09+Terrain-10+Terrain-11+Terrain-12+Terrain-13+Terrain-14+Terrain-15+Terrain-16,TabularNgramBC,0,30,30,1,88.7064,88.7064,16.8403,290,226902,290
1818,Terrain-D,Terrain-A+Terrain-B+Terrain-C+Terrain-01+Terrain-02+Terrain-03+Terrain-04+Terrain-05+Terrain-06+Terrain-07+Terrain-08+Terrain-09+Terrain-10+Terrain-11+Terrain-12+Terrain-13+Terrain-14+Terrain-15+Terrain-16,EmptyLTM,0,30,30,1,99.2825,99.2825,18.8481,0,0,0
1919,Terrain-D,Terrain-A+Terrain-B+Terrain-C+Terrain-01+Terrain-02+Terrain-03+Terrain-04+Terrain-05+Terrain-06+Terrain-07+Terrain-08+Terrain-09+Terrain-10+Terrain-11+Terrain-12+Terrain-13+Terrain-14+Terrain-15+Terrain-16,SuccessWeighted,0,30,30,1,26.2737,26.2737,4.9879,512,906,512
1919,Terrain-D,Terrain-A+Terrain-B+Terrain-C+Terrain-01+Terrain-02+Terrain-03+Terrain-04+Terrain-05+Terrain-06+Terrain-07+Terrain-08+Terrain-09+Terrain-10+Terrain-11+Terrain-12+Terrain-13+Terrain-14+Terrain-15+Terrain-16,TabularNgramBC,0,30,30,1,89.2859,89.2859,16.9503,300,226860,300
1919,Terrain-D,Terrain-A+Terrain-B+Terrain-C+Terrain-01+Terrain-02+Terrain-03+Terrain-04+Terrain-05+Terrain-06+Terrain-07+Terrain-08+Terrain-09+Terrain-10+Terrain-11+Terrain-12+Terrain-13+Terrain-14+Terrain-15+Terrain-16,EmptyLTM,0,30,30,1,102.0129,102.0129,19.3665,0,0,0
2020,Terrain-D,Terrain-A+Terrain-B+Terrain-C+Terrain-01+Terrain-02+Terrain-03+Terrain-04+Terrain-05+Terrain-06+Terrain-07+Terrain-08+Terrain-09+Terrain-10+Terrain-11+Terrain-12+Terrain-13+Terrain-14+Terrain-15+Terrain-16,SuccessWeighted,0,30,30,1,32.1178,32.1178,6.0973,512,908,512
2020,Terrain-D,Terrain-A+Terrain-B+Terrain-C+Terrain-01+Terrain-02+Terrain-03+Terrain-04+Terrain-05+Terrain-06+Terrain-07+Terrain-08+Terrain-09+Terrain-10+Terrain-11+Terrain-12+Terrain-13+Terrain-14+Terrain-15+Terrain-16,TabularNgramBC,0,30,30,1,85.8044,85.8044,16.2894,298,226980,298
2020,Terrain-D,Terrain-A+Terrain-B+Terrain-C+Terrain-01+Terrain-02+Terrain-03+Terrain-04+Terrain-05+Terrain-06+Terrain-07+Terrain-08+Terrain-09+Terrain-10+Terrain-11+Terrain-12+Terrain-13+Terrain-14+Terrain-15+Terrain-16,EmptyLTM,0,30,30,1,109.4353,109.4353,20.7756,0,0,0
2121,Terrain-D,Terrain-A+Terrain-B+Terrain-C+Terrain-01+Terrain-02+Terrain-03+Terrain-04+Terrain-05+Terrain-06+Terrain-07+Terrain-08+Terrain-09+Terrain-10+Terrain-11+Terrain-12+Terrain-13+Terrain-14+Terrain-15+Terrain-16,SuccessWeighted,0,30,30,1,35.3886,35.3886,6.7183,512,907,512
2121,Terrain-D,Terrain-A+Terrain-B+Terrain-C+Terrain-01+Terrain-02+Terrain-03+Terrain-04+Terrain-05+Terrain-06+Terrain-07+Terrain-08+Terrain-09+Terrain-10+Terrain-11+Terrain-12+Terrain-13+Terrain-14+Terrain-15+Terrain-16,TabularNgramBC,0,30,30,1,100.8082,100.8082,19.1378,295,226980,295
2121,Terrain-D,Terrain-A+Terrain-B+Terrain-C+Terrain-01+Terrain-02+Terrain-03+Terrain-04+Terrain-05+Terrain-06+Terrain-07+Terrain-08+Terrain-09+Terrain-10+Terrain-11+Terrain-12+Terrain-13+Terrain-14+Terrain-15+Terrain-16,EmptyLTM,0,30,30,1,92.6241,92.6241,17.5841,0,0,0
2222,Terrain-D,Terrain-A+Terrain-B+Terrain-C+Terrain-01+Terrain-02+Terrain-03+Terrain-04+Terrain-05+Terrain-06+Terrain-07+Terrain-08+Terrain-09+Terrain-10+Terrain-11+Terrain-12+Terrain-13+Terrain-14+Terrain-15+Terrain-16,SuccessWeighted,0,30,30,1,22.6218,22.6218,4.2946,512,907,512
2222,Terrain-D,Terrain-A+Terrain-B+Terrain-C+Terrain-01+Terrain-02+Terrain-03+Terrain-04+Terrain-05+Terrain-06+Terrain-07+Terrain-08+Terrain-09+Terrain-10+Terrain-11+Terrain-12+Terrain-13+Terrain-14+Terrain-15+Terrain-16,TabularNgramBC,0,30,30,1,76.3583,76.3583,14.4961,295,227199,295
2222,Terrain-D,Terrain-A+Terrain-B+Terrain-C+Terrain-01+Terrain-02+Terrain-03+Terrain-04+Terrain-05+Terrain-06+Terrain-07+Terrain-08+Terrain-09+Terrain-10+Terrain-11+Terrain-12+Terrain-13+Terrain-14+Terrain-15+Terrain-16,EmptyLTM,0,30,30,1,95.8846,95.8846,18.2031,0,0,0
2323,Terrain-D,Terrain-A+Terrain-B+Terrain-C+Terrain-01+Terrain-02+Terrain-03+Terrain-04+Terrain-05+Terrain-06+Terrain-07+Terrain-08+Terrain-09+Terrain-10+Terrain-11+Terrain-12+Terrain-13+Terrain-14+Terrain-15+Terrain-16,SuccessWeighted,0,30,30,1,21.7441,21.7441,4.128,512,894,512
2323,Terrain-D,Terrain-A+Terrain-B+Terrain-C+Terrain-01+Terrain-02+Terrain-03+Terrain-04+Terrain-05+Terrain-06+Terrain-07+Terrain-08+Terrain-09+Terrain-10+Terrain-11+Terrain-12+Terrain-13+Terrain-14+Terrain-15+Terrain-16,TabularNgramBC,0,30,30,1,115.747,115.747,21.9738,294,227058,294
2323,Terrain-D,Terrain-A+Terrain-B+Terrain-C+Terrain-01+Terrain-02+Terrain-03+Terrain-04+Terrain-05+Terrain-06+Terrain-07+Terrain-08+Terrain-09+Terrain-10+Terrain-11+Terrain-12+Terrain-13+Terrain-14+Terrain-15+Terrain-16,EmptyLTM,0,30,30,1,87.3407,87.3407,16.5811,0,0,0
2424,Terrain-D,Terrain-A+Terrain-B+Terrain-C+Terrain-01+Terrain-02+Terrain-03+Terrain-04+Terrain-05+Terrain-06+Terrain-07+Terrain-08+Terrain-09+Terrain-10+Terrain-11+Terrain-12+Terrain-13+Terrain-14+Terrain-15+Terrain-16,SuccessWeighted,0,30,30,1,25.1957,25.1957,4.7832,512,913,512
2424,Terrain-D,Terrain-A+Terrain-B+Terrain-C+Terrain-01+Terrain-02+Terrain-03+Terrain-04+Terrain-05+Terrain-06+Terrain-07+Terrain-08+Terrain-09+Terrain-10+Terrain-11+Terrain-12+Terrain-13+Terrain-14+Terrain-15+Terrain-16,TabularNgramBC,0,30,30,1,89.9911,89.9911,17.0842,294,227043,294
2424,Terrain-D,Terrain-A+Terrain-B+Terrain-C+Terrain-01+Terrain-02+Terrain-03+Terrain-04+Terrain-05+Terrain-06+Terrain-07+Terrain-08+Terrain-09+Terrain-10+Terrain-11+Terrain-12+Terrain-13+Terrain-14+Terrain-15+Terrain-16,EmptyLTM,0,30,30,1,92.2121,92.2121,17.5059,0,0,0
2525,Terrain-D,Terrain-A+Terrain-B+Terrain-C+Terrain-01+Terrain-02+Terrain-03+Terrain-04+Terrain-05+Terrain-06+Terrain-07+Terrain-08+Terrain-09+Terrain-10+Terrain-11+Terrain-12+Terrain-13+Terrain-14+Terrain-15+Terrain-16,SuccessWeighted,0,30,30,1,28.6853,28.6853,5.4457,512,912,512
2525,Terrain-D,Terrain-A+Terrain-B+Terrain-C+Terrain-01+Terrain-02+Terrain-03+Terrain-04+Terrain-05+Terrain-06+Terrain-07+Terrain-08+Terrain-09+Terrain-10+Terrain-11+Terrain-12+Terrain-13+Terrain-14+Terrain-15+Terrain-16,TabularNgramBC,0,30,30,1,87.0838,87.0838,16.5323,292,227226,292
2525,Terrain-D,Terrain-A+Terrain-B+Terrain-C+Terrain-01+Terrain-02+Terrain-03+Terrain-04+Terrain-05+Terrain-06+Terrain-07+Terrain-08+Terrain-09+Terrain-10+Terrain-11+Terrain-12+Terrain-13+Terrain-14+Terrain-15+Terrain-16,EmptyLTM,0,30,30,1,91.2639,91.2639,17.3258,0,0,0
101,Terrain-01,Terrain-A+Terrain-B+Terrain-C+Terrain-D+Terrain-02+Terrain-03+Terrain-04+Terrain-05+Terrain-06+Terrain-07+Terrain-08+Terrain-09+Terrain-10+Terrain-11+Terrain-12+Terrain-13+Terrain-14+Terrain-15+Terrain-16,SuccessWeighted,0,30,30,1,30.1777,30.1777,4.9354,512,901,512
101,Terrain-01,Terrain-A+Terrain-B+Terrain-C+Terrain-D+Terrain-02+Terrain-03+Terrain-04+Terrain-05+Terrain-06+Terrain-07+Terrain-08+Terrain-09+Terrain-10+Terrain-11+Terrain-12+Terrain-13+Terrain-14+Terrain-15+Terrain-16,TabularNgramBC,0,30,30,1,99.9071,99.9071,16.3392,297,225423,297
101,Terrain-01,Terrain-A+Terrain-B+Terrain-C+Terrain-D+Terrain-02+Terrain-03+Terrain-04+Terrain-05+Terrain-06+Terrain-07+Terrain-08+Terrain-09+Terrain-10+Terrain-11+Terrain-12+Terrain-13+Terrain-14+Terrain-15+Terrain-16,EmptyLTM,0,30,30,1,98.6346,98.6346,16.1311,0,0,0
202,Terrain-01,Terrain-A+Terrain-B+Terrain-C+Terrain-D+Terrain-02+Terrain-03+Terrain-04+Terrain-05+Terrain-06+Terrain-07+Terrain-08+Terrain-09+Terrain-10+Terrain-11+Terrain-12+Terrain-13+Terrain-14+Terrain-15+Terrain-16,SuccessWeighted,0,30,30,1,27.8139,27.8139,4.5488,512,912,512
202,Terrain-01,Terrain-A+Terrain-B+Terrain-C+Terrain-D+Terrain-02+Terrain-03+Terrain-04+Terrain-05+Terrain-06+Terrain-07+Terrain-08+Terrain-09+Terrain-10+Terrain-11+Terrain-12+Terrain-13+Terrain-14+Terrain-15+Terrain-16,TabularNgramBC,0,30,30,1,86.2603,86.2603,14.1073,293,225657,293
202,Terrain-01,Terrain-A+Terrain-B+Terrain-C+Terrain-D+Terrain-02+Terrain-03+Terrain-04+Terrain-05+Terrain-06+Terrain-07+Terrain-08+Terrain-09+Terrain-10+Terrain-11+Terrain-12+Terrain-13+Terrain-14+Terrain-15+Terrain-16,EmptyLTM,0,30,30,1,113.3073,113.3073,18.5307,0,0,0
303,Terrain-01,Terrain-A+Terrain-B+Terrain-C+Terrain-D+Terrain-02+Terrain-03+Terrain-04+Terrain-05+Terrain-06+Terrain-07+Terrain-08+Terrain-09+Terrain-10+Terrain-11+Terrain-12+Terrain-13+Terrain-14+Terrain-15+Terrain-16,SuccessWeighted,0,30,30,1,32.002,32.002,5.2337,512,920,512
303,Terrain-01,Terrain-A+Terrain-B+Terrain-C+Terrain-D+Terrain-02+Terrain-03+Terrain-04+Terrain-05+Terrain-06+Terrain-07+Terrain-08+Terrain-09+Terrain-10+Terrain-11+Terrain-12+Terrain-13+Terrain-14+Terrain-15+Terrain-16,TabularNgramBC,0,30,30,1,84.3318,84.3318,13.7919,292,225489,292
303,Terrain-01,Terrain-A+Terrain-B+Terrain-C+Terrain-D+Terrain-02+Terrain-03+Terrain-04+Terrain-05+Terrain-06+Terrain-07+Terrain-08+Terrain-09+Terrain-10+Terrain-11+Terrain-12+Terrain-13+Terrain-14+Terrain-15+Terrain-16,EmptyLTM,0,30,30,1,74.3105,74.3105,12.153,0,0,0
404,Terrain-01,Terrain-A+Terrain-B+Terrain-C+Terrain-D+Terrain-02+Terrain-03+Terrain-04+Terrain-05+Terrain-06+Terrain-07+Terrain-08+Terrain-09+Terrain-10+Terrain-11+Terrain-12+Terrain-13+Terrain-14+Terrain-15+Terrain-16,SuccessWeighted,0,30,30,1,20.7985,20.7985,3.4015,512,916,512
404,Terrain-01,Terrain-A+Terrain-B+Terrain-C+Terrain-D+Terrain-02+Terrain-03+Terrain-04+Terrain-05+Terrain-06+Terrain-07+Terrain-08+Terrain-09+Terrain-10+Terrain-11+Terrain-12+Terrain-13+Terrain-14+Terrain-15+Terrain-16,TabularNgramBC,0,30,30,1,79.1846,79.1846,12.9501,300,225411,300
404,Terrain-01,Terrain-A+Terrain-B+Terrain-C+Terrain-D+Terrain-02+Terrain-03+Terrain-04+Terrain-05+Terrain-06+Terrain-07+Terrain-08+Terrain-09+Terrain-10+Terrain-11+Terrain-12+Terrain-13+Terrain-14+Terrain-15+Terrain-16,EmptyLTM,0,30,30,1,60.2905,60.2905,9.8601,0,0,0
505,Terrain-01,Terrain-A+Terrain-B+Terrain-C+Terrain-D+Terrain-02+Terrain-03+Terrain-04+Terrain-05+Terrain-06+Terrain-07+Terrain-08+Terrain-09+Terrain-10+Terrain-11+Terrain-12+Terrain-13+Terrain-14+Terrain-15+Terrain-16,SuccessWeighted,0,30,30,1,23.5838,23.5838,3.857,512,918,512
505,Terrain-01,Terrain-A+Terrain-B+Terrain-C+Terrain-D+Terrain-02+Terrain-03+Terrain-04+Terrain-05+Terrain-06+Terrain-07+Terrain-08+Terrain-09+Terrain-10+Terrain-11+Terrain-12+Terrain-13+Terrain-14+Terrain-15+Terrain-16,TabularNgramBC,0,30,30,1,98.2587,98.2587,16.0696,302,225522,302
505,Terrain-01,Terrain-A+Terrain-B+Terrain-C+Terrain-D+Terrain-02+Terrain-03+Terrain-04+Terrain-05+Terrain-06+Terrain-07+Terrain-08+Terrain-09+Terrain-10+Terrain-11+Terrain-12+Terrain-13+Terrain-14+Terrain-15+Terrain-16,EmptyLTM,0,30,30,1,72.2669,72.2669,11.8188,0,0,0
606,Terrain-01,Terrain-A+Terrain-B+Terrain-C+Terrain-D+Terrain-02+Terrain-03+Terrain-04+Terrain-05+Terrain-06+Terrain-07+Terrain-08+Terrain-09+Terrain-10+Terrain-11+Terrain-12+Terrain-13+Terrain-14+Terrain-15+Terrain-16,SuccessWeighted,0,30,30,1,23.9547,23.9547,3.9176,512,891,512
606,Terrain-01,Terrain-A+Terrain-B+Terrain-C+Terrain-D+Terrain-02+Terrain-03+Terrain-04+Terrain-05+Terrain-06+Terrain-07+Terrain-08+Terrain-09+Terrain-10+Terrain-11+Terrain-12+Terrain-13+Terrain-14+Terrain-15+Terrain-16,TabularNgramBC,0,30,30,1,86.0999,86.0999,14.0811,301,225540,301
606,Terrain-01,Terrain-A+Terrain-B+Terrain-C+Terrain-D+Terrain-02+Terrain-03+Terrain-04+Terrain-05+Terrain-06+Terrain-07+Terrain-08+Terrain-09+Terrain-10+Terrain-11+Terrain-12+Terrain-13+Terrain-14+Terrain-15+Terrain-16,EmptyLTM,0,30,30,1,92.8546,92.8546,15.1858,0,0,0
707,Terrain-01,Terrain-A+Terrain-B+Terrain-C+Terrain-D+Terrain-02+Terrain-03+Terrain-04+Terrain-05+Terrain-06+Terrain-07+Terrain-08+Terrain-09+Terrain-10+Terrain-11+Terrain-12+Terrain-13+Terrain-14+Terrain-15+Terrain-16,SuccessWeighted,0,30,30,1,25.3872,25.3872,4.1519,512,889,512
707,Terrain-01,Terrain-A+Terrain-B+Terrain-C+Terrain-D+Terrain-02+Terrain-03+Terrain-04+Terrain-05+Terrain-06+Terrain-07+Terrain-08+Terrain-09+Terrain-10+Terrain-11+Terrain-12+Terrain-13+Terrain-14+Terrain-15+Terrain-16,TabularNgramBC,0,30,30,1,65.7934,65.7934,10.7601,288,225426,288
707,Terrain-01,Terrain-A+Terrain-B+Terrain-C+Terrain-D+Terrain-02+Terrain-03+Terrain-04+Terrain-05+Terrain-06+Terrain-07+Terrain-08+Terrain-09+Terrain-10+Terrain-11+Terrain-12+Terrain-13+Terrain-14+Terrain-15+Terrain-16,EmptyLTM,0,30,30,1,83.5084,83.5084,13.6573,0,0,0
808,Terrain-01,Terrain-A+Terrain-B+Terrain-C+Terrain-D+Terrain-02+Terrain-03+Terrain-04+Terrain-05+Terrain-06+Terrain-07+Terrain-08+Terrain-09+Terrain-10+Terrain-11+Terrain-12+Terrain-13+Terrain-14+Terrain-15+Terrain-16,SuccessWeighted,0,30,30,1,31.537,31.537,5.1577,512,900,512
808,Terrain-01,Terrain-A+Terrain-B+Terrain-C+Terrain-D+Terrain-02+Terrain-03+Terrain-04+Terrain-05+Terrain-06+Terrain-07+Terrain-08+Terrain-09+Terrain-10+Terrain-11+Terrain-12+Terrain-13+Terrain-14+Terrain-15+Terrain-16,TabularNgramBC,0,30,30,1,81.6417,81.6417,13.352,298,225579,298
808,Terrain-01,Terrain-A+Terrain-B+Terrain-C+Terrain-D+Terrain-02+Terrain-03+Terrain-04+Terrain-05+Terrain-06+Terrain-07+Terrain-08+Terrain-09+Terrain-10+Terrain-11+Terrain-12+Terrain-13+Terrain-14+Terrain-15+Terrain-16,EmptyLTM,0,30,30,1,80.0024,80.0024,13.0839,0,0,0
909,Terrain-01,Terrain-A+Terrain-B+Terrain-C+Terrain-D+Terrain-02+Terrain-03+Terrain-04+Terrain-05+Terrain-06+Terrain-07+Terrain-08+Terrain-09+Terrain-10+Terrain-11+Terrain-12+Terrain-13+Terrain-14+Terrain-15+Terrain-16,SuccessWeighted,0,30,30,1,25.7873,25.7873,4.2174,512,903,512
909,Terrain-01,Terrain-A+Terrain-B+Terrain-C+Terrain-D+Terrain-02+Terrain-03+Terrain-04+Terrain-05+Terrain-06+Terrain-07+Terrain-08+Terrain-09+Terrain-10+Terrain-11+Terrain-12+Terrain-13+Terrain-14+Terrain-15+Terrain-16,TabularNgramBC,0,30,30,1,57.5714,57.5714,9.4154,298,225306,298
909,Terrain-01,Terrain-A+Terrain-B+Terrain-C+Terrain-D+Terrain-02+Terrain-03+Terrain-04+Terrain-05+Terrain-06+Terrain-07+Terrain-08+Terrain-09+Terrain-10+Terrain-11+Terrain-12+Terrain-13+Terrain-14+Terrain-15+Terrain-16,EmptyLTM,0,30,30,1,78.1862,78.1862,12.7869,0,0,0
1010,Terrain-01,Terrain-A+Terrain-B+Terrain-C+Terrain-D+Terrain-02+Terrain-03+Terrain-04+Terrain-05+Terrain-06+Terrain-07+Terrain-08+Terrain-09+Terrain-10+Terrain-11+Terrain-12+Terrain-13+Terrain-14+Terrain-15+Terrain-16,SuccessWeighted,0,30,30,1,29.7889,29.7889,4.8718,512,910,512
1010,Terrain-01,Terrain-A+Terrain-B+Terrain-C+Terrain-D+Terrain-02+Terrain-03+Terrain-04+Terrain-05+Terrain-06+Terrain-07+Terrain-08+Terrain-09+Terrain-10+Terrain-11+Terrain-12+Terrain-13+Terrain-14+Terrain-15+Terrain-16,TabularNgramBC,0,30,30,1,114.7502,114.7502,18.7667,293,225555,293
1010,Terrain-01,Terrain-A+Terrain-B+Terrain-C+Terrain-D+Terrain-02+Terrain-03+Terrain-04+Terrain-05+Terrain-06+Terrain-07+Terrain-08+Terrain-09+Terrain-10+Terrain-11+Terrain-12+Terrain-13+Terrain-14+Terrain-15+Terrain-16,EmptyLTM,0,30,30,1,85.8762,85.8762,14.0445,0,0,0
1111,Terrain-01,Terrain-A+Terrain-B+Terrain-C+Terrain-D+Terrain-02+Terrain-03+Terrain-04+Terrain-05+Terrain-06+Terrain-07+Terrain-08+Terrain-09+Terrain-10+Terrain-11+Terrain-12+Terrain-13+Terrain-14+Terrain-15+Terrain-16,SuccessWeighted,0,30,30,1,25.6304,25.6304,4.1917,512,921,512
1111,Terrain-01,Terrain-A+Terrain-B+Terrain-C+Terrain-D+Terrain-02+Terrain-03+Terrain-04+Terrain-05+Terrain-06+Terrain-07+Terrain-08+Terrain-09+Terrain-10+Terrain-11+Terrain-12+Terrain-13+Terrain-14+Terrain-15+Terrain-16,TabularNgramBC,0,30,30,1,83.5252,83.5252,13.66,296,225609,296
1111,Terrain-01,Terrain-A+Terrain-B+Terrain-C+Terrain-D+Terrain-02+Terrain-03+Terrain-04+Terrain-05+Terrain-06+Terrain-07+Terrain-08+Terrain-09+Terrain-10+Terrain-11+Terrain-12+Terrain-13+Terrain-14+Terrain-15+Terrain-16,EmptyLTM,0,30,30,1,68.5199,68.5199,11.206,0,0,0
1212,Terrain-01,Terrain-A+Terrain-B+Terrain-C+Terrain-D+Terrain-02+Terrain-03+Terrain-04+Terrain-05+Terrain-06+Terrain-07+Terrain-08+Terrain-09+Terrain-10+Terrain-11+Terrain-12+Terrain-13+Terrain-14+Terrain-15+Terrain-16,SuccessWeighted,0,30,30,1,22.0888,22.0888,3.6125,512,911,512
1212,Terrain-01,Terrain-A+Terrain-B+Terrain-C+Terrain-D+Terrain-02+Terrain-03+Terrain-04+Terrain-05+Terrain-06+Terrain-07+Terrain-08+Terrain-09+Terrain-10+Terrain-11+Terrain-12+Terrain-13+Terrain-14+Terrain-15+Terrain-16,TabularNgramBC,0,30,30,1,100.4808,100.4808,16.433,298,225624,298
1212,Terrain-01,Terrain-A+Terrain-B+Terrain-C+Terrain-D+Terrain-02+Terrain-03+Terrain-04+Terrain-05+Terrain-06+Terrain-07+Terrain-08+Terrain-09+Terrain-10+Terrain-11+Terrain-12+Terrain-13+Terrain-14+Terrain-15+Terrain-16,EmptyLTM,0,30,30,1,97.892,97.892,16.0096,0,0,0
1313,Terrain-01,Terrain-A+Terrain-B+Terrain-C+Terrain-D+Terrain-02+Terrain-03+Terrain-04+Terrain-05+Terrain-06+Terrain-07+Terrain-08+Terrain-09+Terrain-10+Terrain-11+Terrain-12+Terrain-13+Terrain-14+Terrain-15+Terrain-16,SuccessWeighted,0,30,30,1,24.4969,24.4969,4.0063,512,921,512
1313,Terrain-01,Terrain-A+Terrain-B+Terrain-C+Terrain-D+Terrain-02+Terrain-03+Terrain-04+Terrain-05+Terrain-06+Terrain-07+Terrain-08+Terrain-09+Terrain-10+Terrain-11+Terrain-12+Terrain-13+Terrain-14+Terrain-15+Terrain-16,TabularNgramBC,0,30,30,1,140.6325,140.6325,22.9996,292,225531,292
1313,Terrain-01,Terrain-A+Terrain-B+Terrain-C+Terrain-D+Terrain-02+Terrain-03+Terrain-04+Terrain-05+Terrain-06+Terrain-07+Terrain-08+Terrain-09+Terrain-10+Terrain-11+Terrain-12+Terrain-13+Terrain-14+Terrain-15+Terrain-16,EmptyLTM,0,30,30,1,75.989,75.989,12.4275,0,0,0
1414,Terrain-01,Terrain-A+Terrain-B+Terrain-C+Terrain-D+Terrain-02+Terrain-03+Terrain-04+Terrain-05+Terrain-06+Terrain-07+Terrain-08+Terrain-09+Terrain-10+Terrain-11+Terrain-12+Terrain-13+Terrain-14+Terrain-15+Terrain-16,SuccessWeighted,0,30,30,1,36.9688,36.9688,6.046,512,901,512
1414,Terrain-01,Terrain-A+Terrain-B+Terrain-C+Terrain-D+Terrain-02+Terrain-03+Terrain-04+Terrain-05+Terrain-06+Terrain-07+Terrain-08+Terrain-09+Terrain-10+Terrain-11+Terrain-12+Terrain-13+Terrain-14+Terrain-15+Terrain-16,TabularNgramBC,0,30,30,1,85.3403,85.3403,13.9569,298,225573,298
1414,Terrain-01,Terrain-A+Terrain-B+Terrain-C+Terrain-D+Terrain-02+Terrain-03+Terrain-04+Terrain-05+Terrain-06+Terrain-07+Terrain-08+Terrain-09+Terrain-10+Terrain-11+Terrain-12+Terrain-13+Terrain-14+Terrain-15+Terrain-16,EmptyLTM,0,30,30,1,80.025,80.025,13.0876,0,0,0
1515,Terrain-01,Terrain-A+Terrain-B+Terrain-C+Terrain-D+Terrain-02+Terrain-03+Terrain-04+Terrain-05+Terrain-06+Terrain-07+Terrain-08+Terrain-09+Terrain-10+Terrain-11+Terrain-12+Terrain-13+Terrain-14+Terrain-15+Terrain-16,SuccessWeighted,0,30,30,1,39.8513,39.8513,6.5174,512,915,512
1515,Terrain-01,Terrain-A+Terrain-B+Terrain-C+Terrain-D+Terrain-02+Terrain-03+Terrain-04+Terrain-05+Terrain-06+Terrain-07+Terrain-08+Terrain-09+Terrain-10+Terrain-11+Terrain-12+Terrain-13+Terrain-14+Terrain-15+Terrain-16,TabularNgramBC,0,30,30,1,76.3647,76.3647,12.489,301,225636,301
1515,Terrain-01,Terrain-A+Terrain-B+Terrain-C+Terrain-D+Terrain-02+Terrain-03+Terrain-04+Terrain-05+Terrain-06+Terrain-07+Terrain-08+Terrain-09+Terrain-10+Terrain-11+Terrain-12+Terrain-13+Terrain-14+Terrain-15+Terrain-16,EmptyLTM,0,30,30,1,76.0511,76.0511,12.4377,0,0,0
1616,Terrain-01,Terrain-A+Terrain-B+Terrain-C+Terrain-D+Terrain-02+Terrain-03+Terrain-04+Terrain-05+Terrain-06+Terrain-07+Terrain-08+Terrain-09+Terrain-10+Terrain-11+Terrain-12+Terrain-13+Terrain-14+Terrain-15+Terrain-16,SuccessWeighted,0,30,30,1,25.0149,25.0149,4.091,512,914,512
1616,Terrain-01,Terrain-A+Terrain-B+Terrain-C+Terrain-D+Terrain-02+Terrain-03+Terrain-04+Terrain-05+Terrain-06+Terrain-07+Terrain-08+Terrain-09+Terrain-10+Terrain-11+Terrain-12+Terrain-13+Terrain-14+Terrain-15+Terrain-16,TabularNgramBC,0,30,30,1,96.0296,96.0296,15.705,296,225459,296
1616,Terrain-01,Terrain-A+Terrain-B+Terrain-C+Terrain-D+Terrain-02+Terrain-03+Terrain-04+Terrain-05+Terrain-06+Terrain-07+Terrain-08+Terrain-09+Terrain-10+Terrain-11+Terrain-12+Terrain-13+Terrain-14+Terrain-15+Terrain-16,EmptyLTM,0,30,30,1,61.2619,61.2619,10.019,0,0,0
1717,Terrain-01,Terrain-A+Terrain-B+Terrain-C+Terrain-D+Terrain-02+Terrain-03+Terrain-04+Terrain-05+Terrain-06+Terrain-07+Terrain-08+Terrain-09+Terrain-10+Terrain-11+Terrain-12+Terrain-13+Terrain-14+Terrain-15+Terrain-16,SuccessWeighted,0,30,30,1,25.5082,25.5082,4.1717,512,894,512
1717,Terrain-01,Terrain-A+Terrain-B+Terrain-C+Terrain-D+Terrain-02+Terrain-03+Terrain-04+Terrain-05+Terrain-06+Terrain-07+Terrain-08+Terrain-09+Terrain-10+Terrain-11+Terrain-12+Terrain-13+Terrain-14+Terrain-15+Terrain-16,TabularNgramBC,0,30,30,1,92.4597,92.4597,15.1212,292,225432,292
1717,Terrain-01,Terrain-A+Terrain-B+Terrain-C+Terrain-D+Terrain-02+Terrain-03+Terrain-04+Terrain-05+Terrain-06+Terrain-07+Terrain-08+Terrain-09+Terrain-10+Terrain-11+Terrain-12+Terrain-13+Terrain-14+Terrain-15+Terrain-16,EmptyLTM,0,30,30,1,93.3273,93.3273,15.2631,0,0,0
1818,Terrain-01,Terrain-A+Terrain-B+Terrain-C+Terrain-D+Terrain-02+Terrain-03+Terrain-04+Terrain-05+Terrain-06+Terrain-07+Terrain-08+Terrain-09+Terrain-10+Terrain-11+Terrain-12+Terrain-13+Terrain-14+Terrain-15+Terrain-16,SuccessWeighted,0,30,30,1,22.0179,22.0179,3.6009,512,906,512
1818,Terrain-01,Terrain-A+Terrain-B+Terrain-C+Terrain-D+Terrain-02+Terrain-03+Terrain-04+Terrain-05+Terrain-06+Terrain-07+Terrain-08+Terrain-09+Terrain-10+Terrain-11+Terrain-12+Terrain-13+Terrain-14+Terrain-15+Terrain-16,TabularNgramBC,0,30,30,1,94.9675,94.9675,15.5313,290,225309,290
1818,Terrain-01,Terrain-A+Terrain-B+Terrain-C+Terrain-D+Terrain-02+Terrain-03+Terrain-04+Terrain-05+Terrain-06+Terrain-07+Terrain-08+Terrain-09+Terrain-10+Terrain-11+Terrain-12+Terrain-13+Terrain-14+Terrain-15+Terrain-16,EmptyLTM,0,30,30,1,84.5096,84.5096,13.821,0,0,0
1919,Terrain-01,Terrain-A+Terrain-B+Terrain-C+Terrain-D+Terrain-02+Terrain-03+Terrain-04+Terrain-05+Terrain-06+Terrain-07+Terrain-08+Terrain-09+Terrain-10+Terrain-11+Terrain-12+Terrain-13+Terrain-14+Terrain-15+Terrain-16,SuccessWeighted,0,30,30,1,23.8296,23.8296,3.8972,512,905,512
1919,Terrain-01,Terrain-A+Terrain-B+Terrain-C+Terrain-D+Terrain-02+Terrain-03+Terrain-04+Terrain-05+Terrain-06+Terrain-07+Terrain-08+Terrain-09+Terrain-10+Terrain-11+Terrain-12+Terrain-13+Terrain-14+Terrain-15+Terrain-16,TabularNgramBC,0,30,30,1,73.4825,73.4825,12.0176,295,225522,295
1919,Terrain-01,Terrain-A+Terrain-B+Terrain-C+Terrain-D+Terrain-02+Terrain-03+Terrain-04+Terrain-05+Terrain-06+Terrain-07+Terrain-08+Terrain-09+Terrain-10+Terrain-11+Terrain-12+Terrain-13+Terrain-14+Terrain-15+Terrain-16,EmptyLTM,0,30,30,1,73.9633,73.9633,12.0962,0,0,0
2020,Terrain-01,Terrain-A+Terrain-B+Terrain-C+Terrain-D+Terrain-02+Terrain-03+Terrain-04+Terrain-05+Terrain-06+Terrain-07+Terrain-08+Terrain-09+Terrain-10+Terrain-11+Terrain-12+Terrain-13+Terrain-14+Terrain-15+Terrain-16,SuccessWeighted,0,30,30,1,23.9068,23.9068,3.9098,512,916,512
2020,Terrain-01,Terrain-A+Terrain-B+Terrain-C+Terrain-D+Terrain-02+Terrain-03+Terrain-04+Terrain-05+Terrain-06+Terrain-07+Terrain-08+Terrain-09+Terrain-10+Terrain-11+Terrain-12+Terrain-13+Terrain-14+Terrain-15+Terrain-16,TabularNgramBC,0,30,30,1,101.6699,101.6699,16.6275,298,225561,298
2020,Terrain-01,Terrain-A+Terrain-B+Terrain-C+Terrain-D+Terrain-02+Terrain-03+Terrain-04+Terrain-05+Terrain-06+Terrain-07+Terrain-08+Terrain-09+Terrain-10+Terrain-11+Terrain-12+Terrain-13+Terrain-14+Terrain-15+Terrain-16,EmptyLTM,0,30,30,1,73.2605,73.2605,11.9813,0,0,0
2121,Terrain-01,Terrain-A+Terrain-B+Terrain-C+Terrain-D+Terrain-02+Terrain-03+Terrain-04+Terrain-05+Terrain-06+Terrain-07+Terrain-08+Terrain-09+Terrain-10+Terrain-11+Terrain-12+Terrain-13+Terrain-14+Terrain-15+Terrain-16,SuccessWeighted,0,30,30,1,27.5657,27.5657,4.5082,512,899,512
2121,Terrain-01,Terrain-A+Terrain-B+Terrain-C+Terrain-D+Terrain-02+Terrain-03+Terrain-04+Terrain-05+Terrain-06+Terrain-07+Terrain-08+Terrain-09+Terrain-10+Terrain-11+Terrain-12+Terrain-13+Terrain-14+Terrain-15+Terrain-16,TabularNgramBC,0,30,30,1,72.3486,72.3486,11.8322,296,225561,296
2121,Terrain-01,Terrain-A+Terrain-B+Terrain-C+Terrain-D+Terrain-02+Terrain-03+Terrain-04+Terrain-05+Terrain-06+Terrain-07+Terrain-08+Terrain-09+Terrain-10+Terrain-11+Terrain-12+Terrain-13+Terrain-14+Terrain-15+Terrain-16,EmptyLTM,0,30,30,1,85.6129,85.6129,14.0015,0,0,0
2222,Terrain-01,Terrain-A+Terrain-B+Terrain-C+Terrain-D+Terrain-02+Terrain-03+Terrain-04+Terrain-05+Terrain-06+Terrain-07+Terrain-08+Terrain-09+Terrain-10+Terrain-11+Terrain-12+Terrain-13+Terrain-14+Terrain-15+Terrain-16,SuccessWeighted,0,30,30,1,23.9251,23.9251,3.9128,512,902,512
2222,Terrain-01,Terrain-A+Terrain-B+Terrain-C+Terrain-D+Terrain-02+Terrain-03+Terrain-04+Terrain-05+Terrain-06+Terrain-07+Terrain-08+Terrain-09+Terrain-10+Terrain-11+Terrain-12+Terrain-13+Terrain-14+Terrain-15+Terrain-16,TabularNgramBC,0,30,30,1,101.2876,101.2876,16.5649,295,225552,295
2222,Terrain-01,Terrain-A+Terrain-B+Terrain-C+Terrain-D+Terrain-02+Terrain-03+Terrain-04+Terrain-05+Terrain-06+Terrain-07+Terrain-08+Terrain-09+Terrain-10+Terrain-11+Terrain-12+Terrain-13+Terrain-14+Terrain-15+Terrain-16,EmptyLTM,0,30,30,1,77.2417,77.2417,12.6324,0,0,0
2323,Terrain-01,Terrain-A+Terrain-B+Terrain-C+Terrain-D+Terrain-02+Terrain-03+Terrain-04+Terrain-05+Terrain-06+Terrain-07+Terrain-08+Terrain-09+Terrain-10+Terrain-11+Terrain-12+Terrain-13+Terrain-14+Terrain-15+Terrain-16,SuccessWeighted,0,30,30,1,23.0985,23.0985,3.7776,512,902,512
2323,Terrain-01,Terrain-A+Terrain-B+Terrain-C+Terrain-D+Terrain-02+Terrain-03+Terrain-04+Terrain-05+Terrain-06+Terrain-07+Terrain-08+Terrain-09+Terrain-10+Terrain-11+Terrain-12+Terrain-13+Terrain-14+Terrain-15+Terrain-16,TabularNgramBC,0,30,30,1,59.9795,59.9795,9.8093,296,225639,296
2323,Terrain-01,Terrain-A+Terrain-B+Terrain-C+Terrain-D+Terrain-02+Terrain-03+Terrain-04+Terrain-05+Terrain-06+Terrain-07+Terrain-08+Terrain-09+Terrain-10+Terrain-11+Terrain-12+Terrain-13+Terrain-14+Terrain-15+Terrain-16,EmptyLTM,0,30,30,1,69.0478,69.0478,11.2923,0,0,0
2424,Terrain-01,Terrain-A+Terrain-B+Terrain-C+Terrain-D+Terrain-02+Terrain-03+Terrain-04+Terrain-05+Terrain-06+Terrain-07+Terrain-08+Terrain-09+Terrain-10+Terrain-11+Terrain-12+Terrain-13+Terrain-14+Terrain-15+Terrain-16,SuccessWeighted,0,30,30,1,27.6845,27.6845,4.5276,512,916,512
2424,Terrain-01,Terrain-A+Terrain-B+Terrain-C+Terrain-D+Terrain-02+Terrain-03+Terrain-04+Terrain-05+Terrain-06+Terrain-07+Terrain-08+Terrain-09+Terrain-10+Terrain-11+Terrain-12+Terrain-13+Terrain-14+Terrain-15+Terrain-16,TabularNgramBC,0,30,30,1,63.8548,63.8548,10.443,294,225690,294
2424,Terrain-01,Terrain-A+Terrain-B+Terrain-C+Terrain-D+Terrain-02+Terrain-03+Terrain-04+Terrain-05+Terrain-06+Terrain-07+Terrain-08+Terrain-09+Terrain-10+Terrain-11+Terrain-12+Terrain-13+Terrain-14+Terrain-15+Terrain-16,EmptyLTM,0,30,30,1,96.4634,96.4634,15.776,0,0,0
2525,Terrain-01,Terrain-A+Terrain-B+Terrain-C+Terrain-D+Terrain-02+Terrain-03+Terrain-04+Terrain-05+Terrain-06+Terrain-07+Terrain-08+Terrain-09+Terrain-10+Terrain-11+Terrain-12+Terrain-13+Terrain-14+Terrain-15+Terrain-16,SuccessWeighted,0,30,30,1,25.4637,25.4637,4.1644,512,919,512
2525,Terrain-01,Terrain-A+Terrain-B+Terrain-C+Terrain-D+Terrain-02+Terrain-03+Terrain-04+Terrain-05+Terrain-06+Terrain-07+Terrain-08+Terrain-09+Terrain-10+Terrain-11+Terrain-12+Terrain-13+Terrain-14+Terrain-15+Terrain-16,TabularNgramBC,0,30,30,1,105.5505,105.5505,17.2621,290,225576,290
2525,Terrain-01,Terrain-A+Terrain-B+Terrain-C+Terrain-D+Terrain-02+Terrain-03+Terrain-04+Terrain-05+Terrain-06+Terrain-07+Terrain-08+Terrain-09+Terrain-10+Terrain-11+Terrain-12+Terrain-13+Terrain-14+Terrain-15+Terrain-16,EmptyLTM,0,30,30,1,98.8397,98.8397,16.1646,0,0,0
101,Terrain-02,Terrain-A+Terrain-B+Terrain-C+Terrain-D+Terrain-01+Terrain-03+Terrain-04+Terrain-05+Terrain-06+Terrain-07+Terrain-08+Terrain-09+Terrain-10+Terrain-11+Terrain-12+Terrain-13+Terrain-14+Terrain-15+Terrain-16,SuccessWeighted,0,30,30,1,29.2134,29.2134,4.6407,512,877,512
101,Terrain-02,Terrain-A+Terrain-B+Terrain-C+Terrain-D+Terrain-01+Terrain-03+Terrain-04+Terrain-05+Terrain-06+Terrain-07+Terrain-08+Terrain-09+Terrain-10+Terrain-11+Terrain-12+Terrain-13+Terrain-14+Terrain-15+Terrain-16,TabularNgramBC,0,30,30,1,72.8085,72.8085,11.5661,291,225357,291
101,Terrain-02,Terrain-A+Terrain-B+Terrain-C+Terrain-D+Terrain-01+Terrain-03+Terrain-04+Terrain-05+Terrain-06+Terrain-07+Terrain-08+Terrain-09+Terrain-10+Terrain-11+Terrain-12+Terrain-13+Terrain-14+Terrain-15+Terrain-16,EmptyLTM,0,30,30,1,116.6663,116.6663,18.5332,0,0,0
202,Terrain-02,Terrain-A+Terrain-B+Terrain-C+Terrain-D+Terrain-01+Terrain-03+Terrain-04+Terrain-05+Terrain-06+Terrain-07+Terrain-08+Terrain-09+Terrain-10+Terrain-11+Terrain-12+Terrain-13+Terrain-14+Terrain-15+Terrain-16,SuccessWeighted,0,30,30,1,25.1456,25.1456,3.9945,512,895,512
202,Terrain-02,Terrain-A+Terrain-B+Terrain-C+Terrain-D+Terrain-01+Terrain-03+Terrain-04+Terrain-05+Terrain-06+Terrain-07+Terrain-08+Terrain-09+Terrain-10+Terrain-11+Terrain-12+Terrain-13+Terrain-14+Terrain-15+Terrain-16,TabularNgramBC,0,30,30,1,91.5358,91.5358,14.5411,292,225537,292
202,Terrain-02,Terrain-A+Terrain-B+Terrain-C+Terrain-D+Terrain-01+Terrain-03+Terrain-04+Terrain-05+Terrain-06+Terrain-07+Terrain-08+Terrain-09+Terrain-10+Terrain-11+Terrain-12+Terrain-13+Terrain-14+Terrain-15+Terrain-16,EmptyLTM,0,30,30,1,110.782,110.782,17.5984,0,0,0
303,Terrain-02,Terrain-A+Terrain-B+Terrain-C+Terrain-D+Terrain-01+Terrain-03+Terrain-04+Terrain-05+Terrain-06+Terrain-07+Terrain-08+Terrain-09+Terrain-10+Terrain-11+Terrain-12+Terrain-13+Terrain-14+Terrain-15+Terrain-16,SuccessWeighted,0,30,30,1,35.0545,35.0545,5.5686,512,915,512
303,Terrain-02,Terrain-A+Terrain-B+Terrain-C+Terrain-D+Terrain-01+Terrain-03+Terrain-04+Terrain-05+Terrain-06+Terrain-07+Terrain-08+Terrain-09+Terrain-10+Terrain-11+Terrain-12+Terrain-13+Terrain-14+Terrain-15+Terrain-16,TabularNgramBC,0,30,30,1,75.9808,75.9808,12.07,292,225423,292
303,Terrain-02,Terrain-A+Terrain-B+Terrain-C+Terrain-D+Terrain-01+Terrain-03+Terrain-04+Terrain-05+Terrain-06+Terrain-07+Terrain-08+Terrain-09+Terrain-10+Terrain-11+Terrain-12+Terrain-13+Terrain-14+Terrain-15+Terrain-16,EmptyLTM,0,30,30,1,139.074,139.074,22.0928,0,0,0
404,Terrain-02,Terrain-A+Terrain-B+Terrain-C+Terrain-D+Terrain-01+Terrain-03+Terrain-04+Terrain-05+Terrain-06+Terrain-07+Terrain-08+Terrain-09+Terrain-10+Terrain-11+Terrain-12+Terrain-13+Terrain-14+Terrain-15+Terrain-16,SuccessWeighted,0,30,30,1,28.4217,28.4217,4.515,512,904,512
404,Terrain-02,Terrain-A+Terrain-B+Terrain-C+Terrain-D+Terrain-01+Terrain-03+Terrain-04+Terrain-05+Terrain-06+Terrain-07+Terrain-08+Terrain-09+Terrain-10+Terrain-11+Terrain-12+Terrain-13+Terrain-14+Terrain-15+Terrain-16,TabularNgramBC,0,30,30,1,80.4901,80.4901,12.7864,294,225180,294
404,Terrain-02,Terrain-A+Terrain-B+Terrain-C+Terrain-D+Terrain-01+Terrain-03+Terrain-04+Terrain-05+Terrain-06+Terrain-07+Terrain-08+Terrain-09+Terrain-10+Terrain-11+Terrain-12+Terrain-13+Terrain-14+Terrain-15+Terrain-16,EmptyLTM,0,30,30,1,103.1747,103.1747,16.39,0,0,0
505,Terrain-02,Terrain-A+Terrain-B+Terrain-C+Terrain-D+Terrain-01+Terrain-03+Terrain-04+Terrain-05+Terrain-06+Terrain-07+Terrain-08+Terrain-09+Terrain-10+Terrain-11+Terrain-12+Terrain-13+Terrain-14+Terrain-15+Terrain-16,SuccessWeighted,0,30,30,1,26.5451,26.5451,4.2169,512,892,512
505,Terrain-02,Terrain-A+Terrain-B+Terrain-C+Terrain-D+Terrain-01+Terrain-03+Terrain-04+Terrain-05+Terrain-06+Terrain-07+Terrain-08+Terrain-09+Terrain-10+Terrain-11+Terrain-12+Terrain-13+Terrain-14+Terrain-15+Terrain-16,TabularNgramBC,0,30,30,1,85.533,85.533,13.5875,293,225231,293
505,Terrain-02,Terrain-A+Terrain-B+Terrain-C+Terrain-D+Terrain-01+Terrain-03+Terrain-04+Terrain-05+Terrain-06+Terrain-07+Terrain-08+Terrain-09+Terrain-10+Terrain-11+Terrain-12+Terrain-13+Terrain-14+Terrain-15+Terrain-16,EmptyLTM,0,30,30,1,164.696,164.696,26.163,0,0,0
606,Terrain-02,Terrain-A+Terrain-B+Terrain-C+Terrain-D+Terrain-01+Terrain-03+Terrain-04+Terrain-05+Terrain-06+Terrain-07+Terrain-08+Terrain-09+Terrain-10+Terrain-11+Terrain-12+Terrain-13+Terrain-14+Terrain-15+Terrain-16,SuccessWeighted,0,30,30,1,27.3771,27.3771,4.349,512,893,512
606,Terrain-02,Terrain-A+Terrain-B+Terrain-C+Terrain-D+Terrain-01+Terrain-03+Terrain-04+Terrain-05+Terrain-06+Terrain-07+Terrain-08+Terrain-09+Terrain-10+Terrain-11+Terrain-12+Terrain-13+Terrain-14+Terrain-15+Terrain-16,TabularNgramBC,0,30,30,1,84.5426,84.5426,13.4301,299,225267,299
606,Terrain-02,Terrain-A+Terrain-B+Terrain-C+Terrain-D+Terrain-01+Terrain-03+Terrain-04+Terrain-05+Terrain-06+Terrain-07+Terrain-08+Terrain-09+Terrain-10+Terrain-11+Terrain-12+Terrain-13+Terrain-14+Terrain-15+Terrain-16,EmptyLTM,0,30,30,1,144.6816,144.6816,22.9836,0,0,0
707,Terrain-02,Terrain-A+Terrain-B+Terrain-C+Terrain-D+Terrain-01+Terrain-03+Terrain-04+Terrain-05+Terrain-06+Terrain-07+Terrain-08+Terrain-09+Terrain-10+Terrain-11+Terrain-12+Terrain-13+Terrain-14+Terrain-15+Terrain-16,SuccessWeighted,0,30,30,1,30.3773,30.3773,4.8256,512,879,512
707,Terrain-02,Terrain-A+Terrain-B+Terrain-C+Terrain-D+Terrain-01+Terrain-03+Terrain-04+Terrain-05+Terrain-06+Terrain-07+Terrain-08+Terrain-09+Terrain-10+Terrain-11+Terrain-12+Terrain-13+Terrain-14+Terrain-15+Terrain-16,TabularNgramBC,0,30,30,1,66.8008,66.8008,10.6117,295,225324,295
707,Terrain-02,Terrain-A+Terrain-B+Terrain-C+Terrain-D+Terrain-01+Terrain-03+Terrain-04+Terrain-05+Terrain-06+Terrain-07+Terrain-08+Terrain-09+Terrain-10+Terrain-11+Terrain-12+Terrain-13+Terrain-14+Terrain-15+Terrain-16,EmptyLTM,0,30,30,1,133.5154,133.5154,21.2098,0,0,0
808,Terrain-02,Terrain-A+Terrain-B+Terrain-C+Terrain-D+Terrain-01+Terrain-03+Terrain-04+Terrain-05+Terrain-06+Terrain-07+Terrain-08+Terrain-09+Terrain-10+Terrain-11+Terrain-12+Terrain-13+Terrain-14+Terrain-15+Terrain-16,SuccessWeighted,0,30,30,1,32.6163,32.6163,5.1813,512,891,512
808,Terrain-02,Terrain-A+Terrain-B+Terrain-C+Terrain-D+Terrain-01+Terrain-03+Terrain-04+Terrain-05+Terrain-06+Terrain-07+Terrain-08+Terrain-09+Terrain-10+Terrain-11+Terrain-12+Terrain-13+Terrain-14+Terrain-15+Terrain-16,TabularNgramBC,0,30,30,1,80.1417,80.1417,12.731,299,225327,299
808,Terrain-02,Terrain-A+Terrain-B+Terrain-C+Terrain-D+Terrain-01+Terrain-03+Terrain-04+Terrain-05+Terrain-06+Terrain-07+Terrain-08+Terrain-09+Terrain-10+Terrain-11+Terrain-12+Terrain-13+Terrain-14+Terrain-15+Terrain-16,EmptyLTM,0,30,30,1,100.3034,100.3034,15.9339,0,0,0
909,Terrain-02,Terrain-A+Terrain-B+Terrain-C+Terrain-D+Terrain-01+Terrain-03+Terrain-04+Terrain-05+Terrain-06+Terrain-07+Terrain-08+Terrain-09+Terrain-10+Terrain-11+Terrain-12+Terrain-13+Terrain-14+Terrain-15+Terrain-16,SuccessWeighted,0,30,30,1,25.136,25.136,3.993,512,889,512
909,Terrain-02,Terrain-A+Terrain-B+Terrain-C+Terrain-D+Terrain-01+Terrain-03+Terrain-04+Terrain-05+Terrain-06+Terrain-07+Terrain-08+Terrain-09+Terrain-10+Terrain-11+Terrain-12+Terrain-13+Terrain-14+Terrain-15+Terrain-16,TabularNgramBC,0,30,30,1,86.9475,86.9475,13.8122,297,225072,297
909,Terrain-02,Terrain-A+Terrain-B+Terrain-C+Terrain-D+Terrain-01+Terrain-03+Terrain-04+Terrain-05+Terrain-06+Terrain-07+Terrain-08+Terrain-09+Terrain-10+Terrain-11+Terrain-12+Terrain-13+Terrain-14+Terrain-15+Terrain-16,EmptyLTM,0,30,30,1,113.8364,113.8364,18.0836,0,0,0
1010,Terrain-02,Terrain-A+Terrain-B+Terrain-C+Terrain-D+Terrain-01+Terrain-03+Terrain-04+Terrain-05+Terrain-06+Terrain-07+Terrain-08+Terrain-09+Terrain-10+Terrain-11+Terrain-12+Terrain-13+Terrain-14+Terrain-15+Terrain-16,SuccessWeighted,0,30,30,1,32.8835,32.8835,5.2238,512,899,512
1010,Terrain-02,Terrain-A+Terrain-B+Terrain-C+Terrain-D+Terrain-01+Terrain-03+Terrain-04+Terrain-05+Terrain-06+Terrain-07+Terrain-08+Terrain-09+Terrain-10+Terrain-11+Terrain-12+Terrain-13+Terrain-14+Terrain-15+Terrain-16,TabularNgramBC,0,30,30,1,109.3583,109.3583,17.3723,288,225489,288
1010,Terrain-02,Terrain-A+Terrain-B+Terrain-C+Terrain-D+Terrain-01+Terrain-03+Terrain-04+Terrain-05+Terrain-06+Terrain-07+Terrain-08+Terrain-09+Terrain-10+Terrain-11+Terrain-12+Terrain-13+Terrain-14+Terrain-15+Terrain-16,EmptyLTM,0,30,30,1,135.6226,135.6226,21.5445,0,0,0
1111,Terrain-02,Terrain-A+Terrain-B+Terrain-C+Terrain-D+Terrain-01+Terrain-03+Terrain-04+Terrain-05+Terrain-06+Terrain-07+Terrain-08+Terrain-09+Terrain-10+Terrain-11+Terrain-12+Terrain-13+Terrain-14+Terrain-15+Terrain-16,SuccessWeighted,0,30,30,1,27.5226,27.5226,4.3721,512,902,512
1111,Terrain-02,Terrain-A+Terrain-B+Terrain-C+Terrain-D+Terrain-01+Terrain-03+Terrain-04+Terrain-05+Terrain-06+Terrain-07+Terrain-08+Terrain-09+Terrain-10+Terrain-11+Terrain-12+Terrain-13+Terrain-14+Terrain-15+Terrain-16,TabularNgramBC,0,30,30,1,67.8209,67.8209,10.7738,293,225381,293
1111,Terrain-02,Terrain-A+Terrain-B+Terrain-C+Terrain-D+Terrain-01+Terrain-03+Terrain-04+Terrain-05+Terrain-06+Terrain-07+Terrain-08+Terrain-09+Terrain-10+Terrain-11+Terrain-12+Terrain-13+Terrain-14+Terrain-15+Terrain-16,EmptyLTM,0,30,30,1,112.1222,112.1222,17.8113,0,0,0
1212,Terrain-02,Terrain-A+Terrain-B+Terrain-C+Terrain-D+Terrain-01+Terrain-03+Terrain-04+Terrain-05+Terrain-06+Terrain-07+Terrain-08+Terrain-09+Terrain-10+Terrain-11+Terrain-12+Terrain-13+Terrain-14+Terrain-15+Terrain-16,SuccessWeighted,0,30,30,1,28.2297,28.2297,4.4845,512,900,512
1212,Terrain-02,Terrain-A+Terrain-B+Terrain-C+Terrain-D+Terrain-01+Terrain-03+Terrain-04+Terrain-05+Terrain-06+Terrain-07+Terrain-08+Terrain-09+Terrain-10+Terrain-11+Terrain-12+Terrain-13+Terrain-14+Terrain-15+Terrain-16,TabularNgramBC,0,30,30,1,90.2767,90.2767,14.341,294,225501,294
1212,Terrain-02,Terrain-A+Terrain-B+Terrain-C+Terrain-D+Terrain-01+Terrain-03+Terrain-04+Terrain-05+Terrain-06+Terrain-07+Terrain-08+Terrain-09+Terrain-10+Terrain-11+Terrain-12+Terrain-13+Terrain-14+Terrain-15+Terrain-16,EmptyLTM,0,30,30,1,134.9828,134.9828,21.4429,0,0,0
1313,Terrain-02,Terrain-A+Terrain-B+Terrain-C+Terrain-D+Terrain-01+Terrain-03+Terrain-04+Terrain-05+Terrain-06+Terrain-07+Terrain-08+Terrain-09+Terrain-10+Terrain-11+Terrain-12+Terrain-13+Terrain-14+Terrain-15+Terrain-16,SuccessWeighted,0,30,30,1,22.7333,22.7333,3.6113,512,903,512
1313,Terrain-02,Terrain-A+Terrain-B+Terrain-C+Terrain-D+Terrain-01+Terrain-03+Terrain-04+Terrain-05+Terrain-06+Terrain-07+Terrain-08+Terrain-09+Terrain-10+Terrain-11+Terrain-12+Terrain-13+Terrain-14+Terrain-15+Terrain-16,TabularNgramBC,0,30,30,1,76.8603,76.8603,12.2098,291,225465,291
1313,Terrain-02,Terrain-A+Terrain-B+Terrain-C+Terrain-D+Terrain-01+Terrain-03+Terrain-04+Terrain-05+Terrain-06+Terrain-07+Terrain-08+Terrain-09+Terrain-10+Terrain-11+Terrain-12+Terrain-13+Terrain-14+Terrain-15+Terrain-16,EmptyLTM,0,30,30,1,127.2276,127.2276,20.2109,0,0,0
1414,Terrain-02,Terrain-A+Terrain-B+Terrain-C+Terrain-D+Terrain-01+Terrain-03+Terrain-04+Terrain-05+Terrain-06+Terrain-07+Terrain-08+Terrain-09+Terrain-10+Terrain-11+Terrain-12+Terrain-13+Terrain-14+Terrain-15+Terrain-16,SuccessWeighted,0,30,30,1,44.157,44.157,7.0146,512,887,512
1414,Terrain-02,Terrain-A+Terrain-B+Terrain-C+Terrain-D+Terrain-01+Terrain-03+Terrain-04+Terrain-05+Terrain-06+Terrain-07+Terrain-08+Terrain-09+Terrain-10+Terrain-11+Terrain-12+Terrain-13+Terrain-14+Terrain-15+Terrain-16,TabularNgramBC,0,30,30,1,69.1922,69.1922,10.9916,300,225453,300
1414,Terrain-02,Terrain-A+Terrain-B+Terrain-C+Terrain-D+Terrain-01+Terrain-03+Terrain-04+Terrain-05+Terrain-06+Terrain-07+Terrain-08+Terrain-09+Terrain-10+Terrain-11+Terrain-12+Terrain-13+Terrain-14+Terrain-15+Terrain-16,EmptyLTM,0,30,30,1,136.0355,136.0355,21.6101,0,0,0
1515,Terrain-02,Terrain-A+Terrain-B+Terrain-C+Terrain-D+Terrain-01+Terrain-03+Terrain-04+Terrain-05+Terrain-06+Terrain-07+Terrain-08+Terrain-09+Terrain-10+Terrain-11+Terrain-12+Terrain-13+Terrain-14+Terrain-15+Terrain-16,SuccessWeighted,0,30,30,1,53.5975,53.5975,8.5143,512,887,512
1515,Terrain-02,Terrain-A+Terrain-B+Terrain-C+Terrain-D+Terrain-01+Terrain-03+Terrain-04+Terrain-05+Terrain-06+Terrain-07+Terrain-08+Terrain-09+Terrain-10+Terrain-11+Terrain-12+Terrain-13+Terrain-14+Terrain-15+Terrain-16,TabularNgramBC,0,30,30,1,125.5744,125.5744,19.9483,301,225408,301
1515,Terrain-02,Terrain-A+Terrain-B+Terrain-C+Terrain-D+Terrain-01+Terrain-03+Terrain-04+Terrain-05+Terrain-06+Terrain-07+Terrain-08+Terrain-09+Terrain-10+Terrain-11+Terrain-12+Terrain-13+Terrain-14+Terrain-15+Terrain-16,EmptyLTM,0,30,30,1,113.2392,113.2392,17.9888,0,0,0
1616,Terrain-02,Terrain-A+Terrain-B+Terrain-C+Terrain-D+Terrain-01+Terrain-03+Terrain-04+Terrain-05+Terrain-06+Terrain-07+Terrain-08+Terrain-09+Terrain-10+Terrain-11+Terrain-12+Terrain-13+Terrain-14+Terrain-15+Terrain-16,SuccessWeighted,0,30,30,1,28.4212,28.4212,4.5149,512,899,512
1616,Terrain-02,Terrain-A+Terrain-B+Terrain-C+Terrain-D+Terrain-01+Terrain-03+Terrain-04+Terrain-05+Terrain-06+Terrain-07+Terrain-08+Terrain-09+Terrain-10+Terrain-11+Terrain-12+Terrain-13+Terrain-14+Terrain-15+Terrain-16,TabularNgramBC,0,30,30,1,93.3762,93.3762,14.8334,290,225285,290
1616,Terrain-02,Terrain-A+Terrain-B+Terrain-C+Terrain-D+Terrain-01+Terrain-03+Terrain-04+Terrain-05+Terrain-06+Terrain-07+Terrain-08+Terrain-09+Terrain-10+Terrain-11+Terrain-12+Terrain-13+Terrain-14+Terrain-15+Terrain-16,EmptyLTM,0,30,30,1,110.7369,110.7369,17.5913,0,0,0
1717,Terrain-02,Terrain-A+Terrain-B+Terrain-C+Terrain-D+Terrain-01+Terrain-03+Terrain-04+Terrain-05+Terrain-06+Terrain-07+Terrain-08+Terrain-09+Terrain-10+Terrain-11+Terrain-12+Terrain-13+Terrain-14+Terrain-15+Terrain-16,SuccessWeighted,0,30,30,1,24.8463,24.8463,3.947,512,898,512
1717,Terrain-02,Terrain-A+Terrain-B+Terrain-C+Terrain-D+Terrain-01+Terrain-03+Terrain-04+Terrain-05+Terrain-06+Terrain-07+Terrain-08+Terrain-09+Terrain-10+Terrain-11+Terrain-12+Terrain-13+Terrain-14+Terrain-15+Terrain-16,TabularNgramBC,0,30,30,1,120.595,120.595,19.1573,292,225312,292
1717,Terrain-02,Terrain-A+Terrain-B+Terrain-C+Terrain-D+Terrain-01+Terrain-03+Terrain-04+Terrain-05+Terrain-06+Terrain-07+Terrain-08+Terrain-09+Terrain-10+Terrain-11+Terrain-12+Terrain-13+Terrain-14+Terrain-15+Terrain-16,EmptyLTM,0,30,30,1,129.3099,129.3099,20.5417,0,0,0
1818,Terrain-02,Terrain-A+Terrain-B+Terrain-C+Terrain-D+Terrain-01+Terrain-03+Terrain-04+Terrain-05+Terrain-06+Terrain-07+Terrain-08+Terrain-09+Terrain-10+Terrain-11+Terrain-12+Terrain-13+Terrain-14+Terrain-15+Terrain-16,SuccessWeighted,0,30,30,1,28.5143,28.5143,4.5297,512,882,512
1818,Terrain-02,Terrain-A+Terrain-B+Terrain-C+Terrain-D+Terrain-01+Terrain-03+Terrain-04+Terrain-05+Terrain-06+Terrain-07+Terrain-08+Terrain-09+Terrain-10+Terrain-11+Terrain-12+Terrain-13+Terrain-14+Terrain-15+Terrain-16,TabularNgramBC,0,30,30,1,96.7644,96.7644,15.3716,288,225243,288
1818,Terrain-02,Terrain-A+Terrain-B+Terrain-C+Terrain-D+Terrain-01+Terrain-03+Terrain-04+Terrain-05+Terrain-06+Terrain-07+Terrain-08+Terrain-09+Terrain-10+Terrain-11+Terrain-12+Terrain-13+Terrain-14+Terrain-15+Terrain-16,EmptyLTM,0,30,30,1,149.5254,149.5254,23.7531,0,0,0
1919,Terrain-02,Terrain-A+Terrain-B+Terrain-C+Terrain-D+Terrain-01+Terrain-03+Terrain-04+Terrain-05+Terrain-06+Terrain-07+Terrain-08+Terrain-09+Terrain-10+Terrain-11+Terrain-12+Terrain-13+Terrain-14+Terrain-15+Terrain-16,SuccessWeighted,0,30,30,1,27.3456,27.3456,4.344,512,899,512
1919,Terrain-02,Terrain-A+Terrain-B+Terrain-C+Terrain-D+Terrain-01+Terrain-03+Terrain-04+Terrain-05+Terrain-06+Terrain-07+Terrain-08+Terrain-09+Terrain-10+Terrain-11+Terrain-12+Terrain-13+Terrain-14+Terrain-15+Terrain-16,TabularNgramBC,0,30,30,1,109.5339,109.5339,17.4002,295,225291,295
1919,Terrain-02,Terrain-A+Terrain-B+Terrain-C+Terrain-D+Terrain-01+Terrain-03+Terrain-04+Terrain-05+Terrain-06+Terrain-07+Terrain-08+Terrain-09+Terrain-10+Terrain-11+Terrain-12+Terrain-13+Terrain-14+Terrain-15+Terrain-16,EmptyLTM,0,30,30,1,125.337,125.337,19.9106,0,0,0
2020,Terrain-02,Terrain-A+Terrain-B+Terrain-C+Terrain-D+Terrain-01+Terrain-03+Terrain-04+Terrain-05+Terrain-06+Terrain-07+Terrain-08+Terrain-09+Terrain-10+Terrain-11+Terrain-12+Terrain-13+Terrain-14+Terrain-15+Terrain-16,SuccessWeighted,0,30,30,1,28.4397,28.4397,4.5178,512,896,512
2020,Terrain-02,Terrain-A+Terrain-B+Terrain-C+Terrain-D+Terrain-01+Terrain-03+Terrain-04+Terrain-05+Terrain-06+Terrain-07+Terrain-08+Terrain-09+Terrain-10+Terrain-11+Terrain-12+Terrain-13+Terrain-14+Terrain-15+Terrain-16,TabularNgramBC,0,30,30,1,99.9958,99.9958,15.885,293,225273,293
2020,Terrain-02,Terrain-A+Terrain-B+Terrain-C+Terrain-D+Terrain-01+Terrain-03+Terrain-04+Terrain-05+Terrain-06+Terrain-07+Terrain-08+Terrain-09+Terrain-10+Terrain-11+Terrain-12+Terrain-13+Terrain-14+Terrain-15+Terrain-16,EmptyLTM,0,30,30,1,119.941,119.941,19.0534,0,0,0
2121,Terrain-02,Terrain-A+Terrain-B+Terrain-C+Terrain-D+Terrain-01+Terrain-03+Terrain-04+Terrain-05+Terrain-06+Terrain-07+Terrain-08+Terrain-09+Terrain-10+Terrain-11+Terrain-12+Terrain-13+Terrain-14+Terrain-15+Terrain-16,SuccessWeighted,0,30,30,1,28.4784,28.4784,4.524,512,894,512
2121,Terrain-02,Terrain-A+Terrain-B+Terrain-C+Terrain-D+Terrain-01+Terrain-03+Terrain-04+Terrain-05+Terrain-06+Terrain-07+Terrain-08+Terrain-09+Terrain-10+Terrain-11+Terrain-12+Terrain-13+Terrain-14+Terrain-15+Terrain-16,TabularNgramBC,0,30,30,1,102.1358,102.1358,16.2249,289,225273,289
2121,Terrain-02,Terrain-A+Terrain-B+Terrain-C+Terrain-D+Terrain-01+Terrain-03+Terrain-04+Terrain-05+Terrain-06+Terrain-07+Terrain-08+Terrain-09+Terrain-10+Terrain-11+Terrain-12+Terrain-13+Terrain-14+Terrain-15+Terrain-16,EmptyLTM,0,30,30,1,146.6419,146.6419,23.295,0,0,0
2222,Terrain-02,Terrain-A+Terrain-B+Terrain-C+Terrain-D+Terrain-01+Terrain-03+Terrain-04+Terrain-05+Terrain-06+Terrain-07+Terrain-08+Terrain-09+Terrain-10+Terrain-11+Terrain-12+Terrain-13+Terrain-14+Terrain-15+Terrain-16,SuccessWeighted,0,30,30,1,26.4089,26.4089,4.1952,512,889,512
2222,Terrain-02,Terrain-A+Terrain-B+Terrain-C+Terrain-D+Terrain-01+Terrain-03+Terrain-04+Terrain-05+Terrain-06+Terrain-07+Terrain-08+Terrain-09+Terrain-10+Terrain-11+Terrain-12+Terrain-13+Terrain-14+Terrain-15+Terrain-16,TabularNgramBC,0,30,30,1,102.1077,102.1077,16.2205,292,225486,292
2222,Terrain-02,Terrain-A+Terrain-B+Terrain-C+Terrain-D+Terrain-01+Terrain-03+Terrain-04+Terrain-05+Terrain-06+Terrain-07+Terrain-08+Terrain-09+Terrain-10+Terrain-11+Terrain-12+Terrain-13+Terrain-14+Terrain-15+Terrain-16,EmptyLTM,0,30,30,1,110.7368,110.7368,17.5913,0,0,0
2323,Terrain-02,Terrain-A+Terrain-B+Terrain-C+Terrain-D+Terrain-01+Terrain-03+Terrain-04+Terrain-05+Terrain-06+Terrain-07+Terrain-08+Terrain-09+Terrain-10+Terrain-11+Terrain-12+Terrain-13+Terrain-14+Terrain-15+Terrain-16,SuccessWeighted,0,30,30,1,26.3107,26.3107,4.1796,512,895,512
2323,Terrain-02,Terrain-A+Terrain-B+Terrain-C+Terrain-D+Terrain-01+Terrain-03+Terrain-04+Terrain-05+Terrain-06+Terrain-07+Terrain-08+Terrain-09+Terrain-10+Terrain-11+Terrain-12+Terrain-13+Terrain-14+Terrain-15+Terrain-16,TabularNgramBC,0,30,30,1,82.7756,82.7756,13.1494,296,225456,296
2323,Terrain-02,Terrain-A+Terrain-B+Terrain-C+Terrain-D+Terrain-01+Terrain-03+Terrain-04+Terrain-05+Terrain-06+Terrain-07+Terrain-08+Terrain-09+Terrain-10+Terrain-11+Terrain-12+Terrain-13+Terrain-14+Terrain-15+Terrain-16,EmptyLTM,0,30,30,1,132.7265,132.7265,21.0845,0,0,0
2424,Terrain-02,Terrain-A+Terrain-B+Terrain-C+Terrain-D+Terrain-01+Terrain-03+Terrain-04+Terrain-05+Terrain-06+Terrain-07+Terrain-08+Terrain-09+Terrain-10+Terrain-11+Terrain-12+Terrain-13+Terrain-14+Terrain-15+Terrain-16,SuccessWeighted,0,30,30,1,28.7763,28.7763,4.5713,512,917,512
2424,Terrain-02,Terrain-A+Terrain-B+Terrain-C+Terrain-D+Terrain-01+Terrain-03+Terrain-04+Terrain-05+Terrain-06+Terrain-07+Terrain-08+Terrain-09+Terrain-10+Terrain-11+Terrain-12+Terrain-13+Terrain-14+Terrain-15+Terrain-16,TabularNgramBC,0,30,30,1,108.0764,108.0764,17.1686,296,225621,296
2424,Terrain-02,Terrain-A+Terrain-B+Terrain-C+Terrain-D+Terrain-01+Terrain-03+Terrain-04+Terrain-05+Terrain-06+Terrain-07+Terrain-08+Terrain-09+Terrain-10+Terrain-11+Terrain-12+Terrain-13+Terrain-14+Terrain-15+Terrain-16,EmptyLTM,0,30,30,1,121.0589,121.0589,19.231,0,0,0
2525,Terrain-02,Terrain-A+Terrain-B+Terrain-C+Terrain-D+Terrain-01+Terrain-03+Terrain-04+Terrain-05+Terrain-06+Terrain-07+Terrain-08+Terrain-09+Terrain-10+Terrain-11+Terrain-12+Terrain-13+Terrain-14+Terrain-15+Terrain-16,SuccessWeighted,0,30,30,1,28.3604,28.3604,4.5052,512,916,512
2525,Terrain-02,Terrain-A+Terrain-B+Terrain-C+Terrain-D+Terrain-01+Terrain-03+Terrain-04+Terrain-05+Terrain-06+Terrain-07+Terrain-08+Terrain-09+Terrain-10+Terrain-11+Terrain-12+Terrain-13+Terrain-14+Terrain-15+Terrain-16,TabularNgramBC,0,30,30,1,80.3459,80.3459,12.7635,291,225396,291
2525,Terrain-02,Terrain-A+Terrain-B+Terrain-C+Terrain-D+Terrain-01+Terrain-03+Terrain-04+Terrain-05+Terrain-06+Terrain-07+Terrain-08+Terrain-09+Terrain-10+Terrain-11+Terrain-12+Terrain-13+Terrain-14+Terrain-15+Terrain-16,EmptyLTM,0,30,30,1,182.7806,182.7806,29.0359,0,0,0
101,Terrain-03,Terrain-A+Terrain-B+Terrain-C+Terrain-D+Terrain-01+Terrain-02+Terrain-04+Terrain-05+Terrain-06+Terrain-07+Terrain-08+Terrain-09+Terrain-10+Terrain-11+Terrain-12+Terrain-13+Terrain-14+Terrain-15+Terrain-16,SuccessWeighted,0,30,30,1,27.6885,27.6885,5.5325,512,887,512
101,Terrain-03,Terrain-A+Terrain-B+Terrain-C+Terrain-D+Terrain-01+Terrain-02+Terrain-04+Terrain-05+Terrain-06+Terrain-07+Terrain-08+Terrain-09+Terrain-10+Terrain-11+Terrain-12+Terrain-13+Terrain-14+Terrain-15+Terrain-16,TabularNgramBC,0,30,30,1,97.4983,97.4983,19.4814,292,225366,292
101,Terrain-03,Terrain-A+Terrain-B+Terrain-C+Terrain-D+Terrain-01+Terrain-02+Terrain-04+Terrain-05+Terrain-06+Terrain-07+Terrain-08+Terrain-09+Terrain-10+Terrain-11+Terrain-12+Terrain-13+Terrain-14+Terrain-15+Terrain-16,EmptyLTM,0,30,30,1,104.6181,104.6181,20.904,0,0,0
202,Terrain-03,Terrain-A+Terrain-B+Terrain-C+Terrain-D+Terrain-01+Terrain-02+Terrain-04+Terrain-05+Terrain-06+Terrain-07+Terrain-08+Terrain-09+Terrain-10+Terrain-11+Terrain-12+Terrain-13+Terrain-14+Terrain-15+Terrain-16,SuccessWeighted,0,30,30,1,22.6435,22.6435,4.5245,512,921,512
202,Terrain-03,Terrain-A+Terrain-B+Terrain-C+Terrain-D+Terrain-01+Terrain-02+Terrain-04+Terrain-05+Terrain-06+Terrain-07+Terrain-08+Terrain-09+Terrain-10+Terrain-11+Terrain-12+Terrain-13+Terrain-14+Terrain-15+Terrain-16,TabularNgramBC,0,30,30,1,92.1265,92.1265,18.408,292,225654,292
202,Terrain-03,Terrain-A+Terrain-B+Terrain-C+Terrain-D+Terrain-01+Terrain-02+Terrain-04+Terrain-05+Terrain-06+Terrain-07+Terrain-08+Terrain-09+Terrain-10+Terrain-11+Terrain-12+Terrain-13+Terrain-14+Terrain-15+Terrain-16,EmptyLTM,0,30,30,1,75.0025,75.0025,14.9865,0,0,0
303,Terrain-03,Terrain-A+Terrain-B+Terrain-C+Terrain-D+Terrain-01+Terrain-02+Terrain-04+Terrain-05+Terrain-06+Terrain-07+Terrain-08+Terrain-09+Terrain-10+Terrain-11+Terrain-12+Terrain-13+Terrain-14+Terrain-15+Terrain-16,SuccessWeighted,0,30,30,1,29.3778,29.3778,5.8701,512,932,512
303,Terrain-03,Terrain-A+Terrain-B+Terrain-C+Terrain-D+Terrain-01+Terrain-02+Terrain-04+Terrain-05+Terrain-06+Terrain-07+Terrain-08+Terrain-09+Terrain-10+Terrain-11+Terrain-12+Terrain-13+Terrain-14+Terrain-15+Terrain-16,TabularNgramBC,0,30,30,1,87.3537,87.3537,17.4544,291,225486,291
303,Terrain-03,Terrain-A+Terrain-B+Terrain-C+Terrain-D+Terrain-01+Terrain-02+Terrain-04+Terrain-05+Terrain-06+Terrain-07+Terrain-08+Terrain-09+Terrain-10+Terrain-11+Terrain-12+Terrain-13+Terrain-14+Terrain-15+Terrain-16,EmptyLTM,0,30,30,1,70.2174,70.2174,14.0303,0,0,0
404,Terrain-03,Terrain-A+Terrain-B+Terrain-C+Terrain-D+Terrain-01+Terrain-02+Terrain-04+Terrain-05+Terrain-06+Terrain-07+Terrain-08+Terrain-09+Terrain-10+Terrain-11+Terrain-12+Terrain-13+Terrain-14+Terrain-15+Terrain-16,SuccessWeighted,0,30,30,1,23.2174,23.2174,4.6391,512,926,512
404,Terrain-03,Terrain-A+Terrain-B+Terrain-C+Terrain-D+Terrain-01+Terrain-02+Terrain-04+Terrain-05+Terrain-06+Terrain-07+Terrain-08+Terrain-09+Terrain-10+Terrain-11+Terrain-12+Terrain-13+Terrain-14+Terrain-15+Terrain-16,TabularNgramBC,0,30,30,1,63.7208,63.7208,12.7322,296,225189,296
404,Terrain-03,Terrain-A+Terrain-B+Terrain-C+Terrain-D+Terrain-01+Terrain-02+Terrain-04+Terrain-05+Terrain-06+Terrain-07+Terrain-08+Terrain-09+Terrain-10+Terrain-11+Terrain-12+Terrain-13+Terrain-14+Terrain-15+Terrain-16,EmptyLTM,0,30,30,1,89.7609,89.7609,17.9354,0,0,0
505,Terrain-03,Terrain-A+Terrain-B+Terrain-C+Terrain-D+Terrain-01+Terrain-02+Terrain-04+Terrain-05+Terrain-06+Terrain-07+Terrain-08+Terrain-09+Terrain-10+Terrain-11+Terrain-12+Terrain-13+Terrain-14+Terrain-15+Terrain-16,SuccessWeighted,0,30,30,1,23.2636,23.2636,4.6484,512,900,512
505,Terrain-03,Terrain-A+Terrain-B+Terrain-C+Terrain-D+Terrain-01+Terrain-02+Terrain-04+Terrain-05+Terrain-06+Terrain-07+Terrain-08+Terrain-09+Terrain-10+Terrain-11+Terrain-12+Terrain-13+Terrain-14+Terrain-15+Terrain-16,TabularNgramBC,0,30,30,1,78.472,78.472,15.6797,301,225294,301
505,Terrain-03,Terrain-A+Terrain-B+Terrain-C+Terrain-D+Terrain-01+Terrain-02+Terrain-04+Terrain-05+Terrain-06+Terrain-07+Terrain-08+Terrain-09+Terrain-10+Terrain-11+Terrain-12+Terrain-13+Terrain-14+Terrain-15+Terrain-16,EmptyLTM,0,30,30,1,90.894,90.894,18.1618,0,0,0
606,Terrain-03,Terrain-A+Terrain-B+Terrain-C+Terrain-D+Terrain-01+Terrain-02+Terrain-04+Terrain-05+Terrain-06+Terrain-07+Terrain-08+Terrain-09+Terrain-10+Terrain-11+Terrain-12+Terrain-13+Terrain-14+Terrain-15+Terrain-16,SuccessWeighted,0,30,30,1,20.2163,20.2163,4.0395,512,895,512
606,Terrain-03,Terrain-A+Terrain-B+Terrain-C+Terrain-D+Terrain-01+Terrain-02+Terrain-04+Terrain-05+Terrain-06+Terrain-07+Terrain-08+Terrain-09+Terrain-10+Terrain-11+Terrain-12+Terrain-13+Terrain-14+Terrain-15+Terrain-16,TabularNgramBC,0,30,30,1,88.3175,88.3175,17.647,302,225537,302
606,Terrain-03,Terrain-A+Terrain-B+Terrain-C+Terrain-D+Terrain-01+Terrain-02+Terrain-04+Terrain-05+Terrain-06+Terrain-07+Terrain-08+Terrain-09+Terrain-10+Terrain-11+Terrain-12+Terrain-13+Terrain-14+Terrain-15+Terrain-16,EmptyLTM,0,30,30,1,81.4455,81.4455,16.2738,0,0,0
707,Terrain-03,Terrain-A+Terrain-B+Terrain-C+Terrain-D+Terrain-01+Terrain-02+Terrain-04+Terrain-05+Terrain-06+Terrain-07+Terrain-08+Terrain-09+Terrain-10+Terrain-11+Terrain-12+Terrain-13+Terrain-14+Terrain-15+Terrain-16,SuccessWeighted,0,30,30,1,22.3988,22.3988,4.4756,512,902,512
707,Terrain-03,Terrain-A+Terrain-B+Terrain-C+Terrain-D+Terrain-01+Terrain-02+Terrain-04+Terrain-05+Terrain-06+Terrain-07+Terrain-08+Terrain-09+Terrain-10+Terrain-11+Terrain-12+Terrain-13+Terrain-14+Terrain-15+Terrain-16,TabularNgramBC,0,30,30,1,97.1614,97.1614,19.4141,294,225423,294
707,Terrain-03,Terrain-A+Terrain-B+Terrain-C+Terrain-D+Terrain-01+Terrain-02+Terrain-04+Terrain-05+Terrain-06+Terrain-07+Terrain-08+Terrain-09+Terrain-10+Terrain-11+Terrain-12+Terrain-13+Terrain-14+Terrain-15+Terrain-16,EmptyLTM,0,30,30,1,73.5154,73.5154,14.6893,0,0,0
808,Terrain-03,Terrain-A+Terrain-B+Terrain-C+Terrain-D+Terrain-01+Terrain-02+Terrain-04+Terrain-05+Terrain-06+Terrain-07+Terrain-08+Terrain-09+Terrain-10+Terrain-11+Terrain-12+Terrain-13+Terrain-14+Terrain-15+Terrain-16,SuccessWeighted,0,30,30,1,25.5758,25.5758,5.1104,512,909,512
808,Terrain-03,Terrain-A+Terrain-B+Terrain-C+Terrain-D+Terrain-01+Terrain-02+Terrain-04+Terrain-05+Terrain-06+Terrain-07+Terrain-08+Terrain-09+Terrain-10+Terrain-11+Terrain-12+Terrain-13+Terrain-14+Terrain-15+Terrain-16,TabularNgramBC,0,30,30,1,101.3876,101.3876,20.2585,298,225576,298
808,Terrain-03,Terrain-A+Terrain-B+Terrain-C+Terrain-D+Terrain-01+Terrain-02+Terrain-04+Terrain-05+Terrain-06+Terrain-07+Terrain-08+Terrain-09+Terrain-10+Terrain-11+Terrain-12+Terrain-13+Terrain-14+Terrain-15+Terrain-16,EmptyLTM,0,30,30,1,92.896,92.896,18.5618,0,0,0
909,Terrain-03,Terrain-A+Terrain-B+Terrain-C+Terrain-D+Terrain-01+Terrain-02+Terrain-04+Terrain-05+Terrain-06+Terrain-07+Terrain-08+Terrain-09+Terrain-10+Terrain-11+Terrain-12+Terrain-13+Terrain-14+Terrain-15+Terrain-16,SuccessWeighted,0,30,30,1,20.6307,20.6307,4.1223,512,914,512
909,Terrain-03,Terrain-A+Terrain-B+Terrain-C+Terrain-D+Terrain-01+Terrain-02+Terrain-04+Terrain-05+Terrain-06+Terrain-07+Terrain-08+Terrain-09+Terrain-10+Terrain-11+Terrain-12+Terrain-13+Terrain-14+Terrain-15+Terrain-16,TabularNgramBC,0,30,30,1,80.3927,80.3927,16.0635,303,225135,303
909,Terrain-03,Terrain-A+Terrain-B+Terrain-C+Terrain-D+Terrain-01+Terrain-02+Terrain-04+Terrain-05+Terrain-06+Terrain-07+Terrain-08+Terrain-09+Terrain-10+Terrain-11+Terrain-12+Terrain-13+Terrain-14+Terrain-15+Terrain-16,EmptyLTM,0,30,30,1,66.4979,66.4979,13.2871,0,0,0
1010,Terrain-03,Terrain-A+Terrain-B+Terrain-C+Terrain-D+Terrain-01+Terrain-02+Terrain-04+Terrain-05+Terrain-06+Terrain-07+Terrain-08+Terrain-09+Terrain-10+Terrain-11+Terrain-12+Terrain-13+Terrain-14+Terrain-15+Terrain-16,SuccessWeighted,0,30,30,1,34.6448,34.6448,6.9225,512,918,512
1010,Terrain-03,Terrain-A+Terrain-B+Terrain-C+Terrain-D+Terrain-01+Terrain-02+Terrain-04+Terrain-05+Terrain-06+Terrain-07+Terrain-08+Terrain-09+Terrain-10+Terrain-11+Terrain-12+Terrain-13+Terrain-14+Terrain-15+Terrain-16,TabularNgramBC,0,30,30,1,99.8123,99.8123,19.9438,292,225552,292
1010,Terrain-03,Terrain-A+Terrain-B+Terrain-C+Terrain-D+Terrain-01+Terrain-02+Terrain-04+Terrain-05+Terrain-06+Terrain-07+Terrain-08+Terrain-09+Terrain-10+Terrain-11+Terrain-12+Terrain-13+Terrain-14+Terrain-15+Terrain-16,EmptyLTM,0,30,30,1,100.3609,100.3609,20.0534,0,0,0
1111,Terrain-03,Terrain-A+Terrain-B+Terrain-C+Terrain-D+Terrain-01+Terrain-02+Terrain-04+Terrain-05+Terrain-06+Terrain-07+Terrain-08+Terrain-09+Terrain-10+Terrain-11+Terrain-12+Terrain-13+Terrain-14+Terrain-15+Terrain-16,SuccessWeighted,0,30,30,1,23.7827,23.7827,4.7521,512,928,512
1111,Terrain-03,Terrain-A+Terrain-B+Terrain-C+Terrain-D+Terrain-01+Terrain-02+Terrain-04+Terrain-05+Terrain-06+Terrain-07+Terrain-08+Terrain-09+Terrain-10+Terrain-11+Terrain-12+Terrain-13+Terrain-14+Terrain-15+Terrain-16,TabularNgramBC,0,30,30,1,89.5939,89.5939,17.902,296,225606,296
1111,Terrain-03,Terrain-A+Terrain-B+Terrain-C+Terrain-D+Terrain-01+Terrain-02+Terrain-04+Terrain-05+Terrain-06+Terrain-07+Terrain-08+Terrain-09+Terrain-10+Terrain-11+Terrain-12+Terrain-13+Terrain-14+Terrain-15+Terrain-16,EmptyLTM,0,30,30,1,87.7909,87.7909,17.5417,0,0,0
1212,Terrain-03,Terrain-A+Terrain-B+Terrain-C+Terrain-D+Terrain-01+Terrain-02+Terrain-04+Terrain-05+Terrain-06+Terrain-07+Terrain-08+Terrain-09+Terrain-10+Terrain-11+Terrain-12+Terrain-13+Terrain-14+Terrain-15+Terrain-16,SuccessWeighted,0,30,30,1,23.5389,23.5389,4.7034,512,914,512
1212,Terrain-03,Terrain-A+Terrain-B+Terrain-C+Terrain-D+Terrain-01+Terrain-02+Terrain-04+Terrain-05+Terrain-06+Terrain-07+Terrain-08+Terrain-09+Terrain-10+Terrain-11+Terrain-12+Terrain-13+Terrain-14+Terrain-15+Terrain-16,TabularNgramBC,0,30,30,1,80.4247,80.4247,16.0699,295,225567,295
1212,Terrain-03,Terrain-A+Terrain-B+Terrain-C+Terrain-D+Terrain-01+Terrain-02+Terrain-04+Terrain-05+Terrain-06+Terrain-07+Terrain-08+Terrain-09+Terrain-10+Terrain-11+Terrain-12+Terrain-13+Terrain-14+Terrain-15+Terrain-16,EmptyLTM,0,30,30,1,88.0074,88.0074,17.585,0,0,0
1313,Terrain-03,Terrain-A+Terrain-B+Terrain-C+Terrain-D+Terrain-01+Terrain-02+Terrain-04+Terrain-05+Terrain-06+Terrain-07+Terrain-08+Terrain-09+Terrain-10+Terrain-11+Terrain-12+Terrain-13+Terrain-14+Terrain-15+Terrain-16,SuccessWeighted,0,30,30,1,19.5394,19.5394,3.9042,512,927,512
1313,Terrain-03,Terrain-A+Terrain-B+Terrain-C+Terrain-D+Terrain-01+Terrain-02+Terrain-04+Terrain-05+Terrain-06+Terrain-07+Terrain-08+Terrain-09+Terrain-10+Terrain-11+Terrain-12+Terrain-13+Terrain-14+Terrain-15+Terrain-16,TabularNgramBC,0,30,30,1,92.5446,92.5446,18.4916,301,225528,301
1313,Terrain-03,Terrain-A+Terrain-B+Terrain-C+Terrain-D+Terrain-01+Terrain-02+Terrain-04+Terrain-05+Terrain-06+Terrain-07+Terrain-08+Terrain-09+Terrain-10+Terrain-11+Terrain-12+Terrain-13+Terrain-14+Terrain-15+Terrain-16,EmptyLTM,0,30,30,1,106.2365,106.2365,21.2274,0,0,0
1414,Terrain-03,Terrain-A+Terrain-B+Terrain-C+Terrain-D+Terrain-01+Terrain-02+Terrain-04+Terrain-05+Terrain-06+Terrain-07+Terrain-08+Terrain-09+Terrain-10+Terrain-11+Terrain-12+Terrain-13+Terrain-14+Terrain-15+Terrain-16,SuccessWeighted,0,30,30,1,33.3898,33.3898,6.6717,512,904,512
1414,Terrain-03,Terrain-A+Terrain-B+Terrain-C+Terrain-D+Terrain-01+Terrain-02+Terrain-04+Terrain-05+Terrain-06+Terrain-07+Terrain-08+Terrain-09+Terrain-10+Terrain-11+Terrain-12+Terrain-13+Terrain-14+Terrain-15+Terrain-16,TabularNgramBC,0,30,30,1,67.0769,67.0769,13.4028,294,225516,294
1414,Terrain-03,Terrain-A+Terrain-B+Terrain-C+Terrain-D+Terrain-01+Terrain-02+Terrain-04+Terrain-05+Terrain-06+Terrain-07+Terrain-08+Terrain-09+Terrain-10+Terrain-11+Terrain-12+Terrain-13+Terrain-14+Terrain-15+Terrain-16,EmptyLTM,0,30,30,1,98.9642,98.9642,19.7743,0,0,0
1515,Terrain-03,Terrain-A+Terrain-B+Terrain-C+Terrain-D+Terrain-01+Terrain-02+Terrain-04+Terrain-05+Terrain-06+Terrain-07+Terrain-08+Terrain-09+Terrain-10+Terrain-11+Terrain-12+Terrain-13+Terrain-14+Terrain-15+Terrain-16,SuccessWeighted,0,30,30,1,37.6726,37.6726,7.5275,512,908,512
1515,Terrain-03,Terrain-A+Terrain-B+Terrain-C+Terrain-D+Terrain-01+Terrain-02+Terrain-04+Terrain-05+Terrain-06+Terrain-07+Terrain-08+Terrain-09+Terrain-10+Terrain-11+Terrain-12+Terrain-13+Terrain-14+Terrain-15+Terrain-16,TabularNgramBC,0,30,30,1,97.6757,97.6757,19.5168,303,225471,303
1515,Terrain-03,Terrain-A+Terrain-B+Terrain-C+Terrain-D+Terrain-01+Terrain-02+Terrain-04+Terrain-05+Terrain-06+Terrain-07+Terrain-08+Terrain-09+Terrain-10+Terrain-11+Terrain-12+Terrain-13+Terrain-14+Terrain-15+Terrain-16,EmptyLTM,0,30,30,1,99.1202,99.1202,19.8055,0,0,0
1616,Terrain-03,Terrain-A+Terrain-B+Terrain-C+Terrain-D+Terrain-01+Terrain-02+Terrain-04+Terrain-05+Terrain-06+Terrain-07+Terrain-08+Terrain-09+Terrain-10+Terrain-11+Terrain-12+Terrain-13+Terrain-14+Terrain-15+Terrain-16,SuccessWeighted,0,30,30,1,22.1429,22.1429,4.4244,512,927,512
1616,Terrain-03,Terrain-A+Terrain-B+Terrain-C+Terrain-D+Terrain-01+Terrain-02+Terrain-04+Terrain-05+Terrain-06+Terrain-07+Terrain-08+Terrain-09+Terrain-10+Terrain-11+Terrain-12+Terrain-13+Terrain-14+Terrain-15+Terrain-16,TabularNgramBC,0,30,30,1,69.9643,69.9643,13.9798,292,225402,292
1616,Terrain-03,Terrain-A+Terrain-B+Terrain-C+Terrain-D+Terrain-01+Terrain-02+Terrain-04+Terrain-05+Terrain-06+Terrain-07+Terrain-08+Terrain-09+Terrain-10+Terrain-11+Terrain-12+Terrain-13+Terrain-14+Terrain-15+Terrain-16,EmptyLTM,0,30,30,1,86.0562,86.0562,17.1951,0,0,0
1717,Terrain-03,Terrain-A+Terrain-B+Terrain-C+Terrain-D+Terrain-01+Terrain-02+Terrain-04+Terrain-05+Terrain-06+Terrain-07+Terrain-08+Terrain-09+Terrain-10+Terrain-11+Terrain-12+Terrain-13+Terrain-14+Terrain-15+Terrain-16,SuccessWeighted,0,30,30,1,21.1771,21.1771,4.2314,512,910,512
1717,Terrain-03,Terrain-A+Terrain-B+Terrain-C+Terrain-D+Terrain-01+Terrain-02+Terrain-04+Terrain-05+Terrain-06+Terrain-07+Terrain-08+Terrain-09+Terrain-10+Terrain-11+Terrain-12+Terrain-13+Terrain-14+Terrain-15+Terrain-16,TabularNgramBC,0,30,30,1,74.2104,74.2104,14.8282,289,225429,289
1717,Terrain-03,Terrain-A+Terrain-B+Terrain-C+Terrain-D+Terrain-01+Terrain-02+Terrain-04+Terrain-05+Terrain-06+Terrain-07+Terrain-08+Terrain-09+Terrain-10+Terrain-11+Terrain-12+Terrain-13+Terrain-14+Terrain-15+Terrain-16,EmptyLTM,0,30,30,1,92.7053,92.7053,18.5237,0,0,0
1818,Terrain-03,Terrain-A+Terrain-B+Terrain-C+Terrain-D+Terrain-01+Terrain-02+Terrain-04+Terrain-05+Terrain-06+Terrain-07+Terrain-08+Terrain-09+Terrain-10+Terrain-11+Terrain-12+Terrain-13+Terrain-14+Terrain-15+Terrain-16,SuccessWeighted,0,30,30,1,26.9719,26.9719,5.3893,512,901,512
1818,Terrain-03,Terrain-A+Terrain-B+Terrain-C+Terrain-D+Terrain-01+Terrain-02+Terrain-04+Terrain-05+Terrain-06+Terrain-07+Terrain-08+Terrain-09+Terrain-10+Terrain-11+Terrain-12+Terrain-13+Terrain-14+Terrain-15+Terrain-16,TabularNgramBC,0,30,30,1,78.8409,78.8409,15.7534,295,225432,295
1818,Terrain-03,Terrain-A+Terrain-B+Terrain-C+Terrain-D+Terrain-01+Terrain-02+Terrain-04+Terrain-05+Terrain-06+Terrain-07+Terrain-08+Terrain-09+Terrain-10+Terrain-11+Terrain-12+Terrain-13+Terrain-14+Terrain-15+Terrain-16,EmptyLTM,0,30,30,1,77.3767,77.3767,15.4609,0,0,0
1919,Terrain-03,Terrain-A+Terrain-B+Terrain-C+Terrain-D+Terrain-01+Terrain-02+Terrain-04+Terrain-05+Terrain-06+Terrain-07+Terrain-08+Terrain-09+Terrain-10+Terrain-11+Terrain-12+Terrain-13+Terrain-14+Terrain-15+Terrain-16,SuccessWeighted,0,30,30,1,22.6169,22.6169,4.5192,512,918,512
1919,Terrain-03,Terrain-A+Terrain-B+Terrain-C+Terrain-D+Terrain-01+Terrain-02+Terrain-04+Terrain-05+Terrain-06+Terrain-07+Terrain-08+Terrain-09+Terrain-10+Terrain-11+Terrain-12+Terrain-13+Terrain-14+Terrain-15+Terrain-16,TabularNgramBC,0,30,30,1,111.1503,111.1503,22.2093,298,225408,298
1919,Terrain-03,Terrain-A+Terrain-B+Terrain-C+Terrain-D+Terrain-01+Terrain-02+Terrain-04+Terrain-05+Terrain-06+Terrain-07+Terrain-08+Terrain-09+Terrain-10+Terrain-11+Terrain-12+Terrain-13+Terrain-14+Terrain-15+Terrain-16,EmptyLTM,0,30,30,1,84.7361,84.7361,16.9313,0,0,0
2020,Terrain-03,Terrain-A+Terrain-B+Terrain-C+Terrain-D+Terrain-01+Terrain-02+Terrain-04+Terrain-05+Terrain-06+Terrain-07+Terrain-08+Terrain-09+Terrain-10+Terrain-11+Terrain-12+Terrain-13+Terrain-14+Terrain-15+Terrain-16,SuccessWeighted,0,30,30,1,23.9155,23.9155,4.7786,512,914,512
2020,Terrain-03,Terrain-A+Terrain-B+Terrain-C+Terrain-D+Terrain-01+Terrain-02+Terrain-04+Terrain-05+Terrain-06+Terrain-07+Terrain-08+Terrain-09+Terrain-10+Terrain-11+Terrain-12+Terrain-13+Terrain-14+Terrain-15+Terrain-16,TabularNgramBC,0,30,30,1,84.0108,84.0108,16.7864,298,225504,298
2020,Terrain-03,Terrain-A+Terrain-B+Terrain-C+Terrain-D+Terrain-01+Terrain-02+Terrain-04+Terrain-05+Terrain-06+Terrain-07+Terrain-08+Terrain-09+Terrain-10+Terrain-11+Terrain-12+Terrain-13+Terrain-14+Terrain-15+Terrain-16,EmptyLTM,0,30,30,1,97.6542,97.6542,19.5126,0,0,0
2121,Terrain-03,Terrain-A+Terrain-B+Terrain-C+Terrain-D+Terrain-01+Terrain-02+Terrain-04+Terrain-05+Terrain-06+Terrain-07+Terrain-08+Terrain-09+Terrain-10+Terrain-11+Terrain-12+Terrain-13+Terrain-14+Terrain-15+Terrain-16,SuccessWeighted,0,30,30,1,25.6958,25.6958,5.1343,512,915,512
2121,Terrain-03,Terrain-A+Terrain-B+Terrain-C+Terrain-D+Terrain-01+Terrain-02+Terrain-04+Terrain-05+Terrain-06+Terrain-07+Terrain-08+Terrain-09+Terrain-10+Terrain-11+Terrain-12+Terrain-13+Terrain-14+Terrain-15+Terrain-16,TabularNgramBC,0,30,30,1,76.3902,76.3902,15.2637,295,225462,295
2121,Terrain-03,Terrain-A+Terrain-B+Terrain-C+Terrain-D+Terrain-01+Terrain-02+Terrain-04+Terrain-05+Terrain-06+Terrain-07+Terrain-08+Terrain-09+Terrain-10+Terrain-11+Terrain-12+Terrain-13+Terrain-14+Terrain-15+Terrain-16,EmptyLTM,0,30,30,1,101.9022,101.9022,20.3614,0,0,0
2222,Terrain-03,Terrain-A+Terrain-B+Terrain-C+Terrain-D+Terrain-01+Terrain-02+Terrain-04+Terrain-05+Terrain-06+Terrain-07+Terrain-08+Terrain-09+Terrain-10+Terrain-11+Terrain-12+Terrain-13+Terrain-14+Terrain-15+Terrain-16,SuccessWeighted,0,30,30,1,19.8034,19.8034,3.957,512,911,512
2222,Terrain-03,Terrain-A+Terrain-B+Terrain-C+Terrain-D+Terrain-01+Terrain-02+Terrain-04+Terrain-05+Terrain-06+Terrain-07+Terrain-08+Terrain-09+Terrain-10+Terrain-11+Terrain-12+Terrain-13+Terrain-14+Terrain-15+Terrain-16,TabularNgramBC,0,30,30,1,95.2339,95.2339,19.0289,293,225549,293
2222,Terrain-03,Terrain-A+Terrain-B+Terrain-C+Terrain-D+Terrain-01+Terrain-02+Terrain-04+Terrain-05+Terrain-06+Terrain-07+Terrain-08+Terrain-09+Terrain-10+Terrain-11+Terrain-12+Terrain-13+Terrain-14+Terrain-15+Terrain-16,EmptyLTM,0,30,30,1,77.4054,77.4054,15.4666,0,0,0
2323,Terrain-03,Terrain-A+Terrain-B+Terrain-C+Terrain-D+Terrain-01+Terrain-02+Terrain-04+Terrain-05+Terrain-06+Terrain-07+Terrain-08+Terrain-09+Terrain-10+Terrain-11+Terrain-12+Terrain-13+Terrain-14+Terrain-15+Terrain-16,SuccessWeighted,0,30,30,1,20.2086,20.2086,4.0379,512,901,512
2323,Terrain-03,Terrain-A+Terrain-B+Terrain-C+Terrain-D+Terrain-01+Terrain-02+Terrain-04+Terrain-05+Terrain-06+Terrain-07+Terrain-08+Terrain-09+Terrain-10+Terrain-11+Terrain-12+Terrain-13+Terrain-14+Terrain-15+Terrain-16,TabularNgramBC,0,30,30,1,92.5136,92.5136,18.4854,295,225573,295
2323,Terrain-03,Terrain-A+Terrain-B+Terrain-C+Terrain-D+Terrain-01+Terrain-02+Terrain-04+Terrain-05+Terrain-06+Terrain-07+Terrain-08+Terrain-09+Terrain-10+Terrain-11+Terrain-12+Terrain-13+Terrain-14+Terrain-15+Terrain-16,EmptyLTM,0,30,30,1,85.2331,85.2331,17.0307,0,0,0
2424,Terrain-03,Terrain-A+Terrain-B+Terrain-C+Terrain-D+Terrain-01+Terrain-02+Terrain-04+Terrain-05+Terrain-06+Terrain-07+Terrain-08+Terrain-09+Terrain-10+Terrain-11+Terrain-12+Terrain-13+Terrain-14+Terrain-15+Terrain-16,SuccessWeighted,0,30,30,1,27.1092,27.1092,5.4168,512,920,512
2424,Terrain-03,Terrain-A+Terrain-B+Terrain-C+Terrain-D+Terrain-01+Terrain-02+Terrain-04+Terrain-05+Terrain-06+Terrain-07+Terrain-08+Terrain-09+Terrain-10+Terrain-11+Terrain-12+Terrain-13+Terrain-14+Terrain-15+Terrain-16,TabularNgramBC,0,30,30,1,77.7251,77.7251,15.5305,295,225687,295
2424,Terrain-03,Terrain-A+Terrain-B+Terrain-C+Terrain-D+Terrain-01+Terrain-02+Terrain-04+Terrain-05+Terrain-06+Terrain-07+Terrain-08+Terrain-09+Terrain-10+Terrain-11+Terrain-12+Terrain-13+Terrain-14+Terrain-15+Terrain-16,EmptyLTM,0,30,30,1,98.0379,98.0379,19.5892,0,0,0
2525,Terrain-03,Terrain-A+Terrain-B+Terrain-C+Terrain-D+Terrain-01+Terrain-02+Terrain-04+Terrain-05+Terrain-06+Terrain-07+Terrain-08+Terrain-09+Terrain-10+Terrain-11+Terrain-12+Terrain-13+Terrain-14+Terrain-15+Terrain-16,SuccessWeighted,0,30,30,1,19.7776,19.7776,3.9518,512,935,512
2525,Terrain-03,Terrain-A+Terrain-B+Terrain-C+Terrain-D+Terrain-01+Terrain-02+Terrain-04+Terrain-05+Terrain-06+Terrain-07+Terrain-08+Terrain-09+Terrain-10+Terrain-11+Terrain-12+Terrain-13+Terrain-14+Terrain-15+Terrain-16,TabularNgramBC,0,30,30,1,91.0315,91.0315,18.1893,290,225573,290
2525,Terrain-03,Terrain-A+Terrain-B+Terrain-C+Terrain-D+Terrain-01+Terrain-02+Terrain-04+Terrain-05+Terrain-06+Terrain-07+Terrain-08+Terrain-09+Terrain-10+Terrain-11+Terrain-12+Terrain-13+Terrain-14+Terrain-15+Terrain-16,EmptyLTM,0,30,30,1,86.5237,86.5237,17.2885,0,0,0
101,Terrain-04,Terrain-A+Terrain-B+Terrain-C+Terrain-D+Terrain-01+Terrain-02+Terrain-03+Terrain-05+Terrain-06+Terrain-07+Terrain-08+Terrain-09+Terrain-10+Terrain-11+Terrain-12+Terrain-13+Terrain-14+Terrain-15+Terrain-16,SuccessWeighted,0,30,30,1,32.0415,32.0415,5.0119,512,896,512
101,Terrain-04,Terrain-A+Terrain-B+Terrain-C+Terrain-D+Terrain-01+Terrain-02+Terrain-03+Terrain-05+Terrain-06+Terrain-07+Terrain-08+Terrain-09+Terrain-10+Terrain-11+Terrain-12+Terrain-13+Terrain-14+Terrain-15+Terrain-16,TabularNgramBC,0,30,30,1,66.9609,66.9609,10.4739,296,226839,296
101,Terrain-04,Terrain-A+Terrain-B+Terrain-C+Terrain-D+Terrain-01+Terrain-02+Terrain-03+Terrain-05+Terrain-06+Terrain-07+Terrain-08+Terrain-09+Terrain-10+Terrain-11+Terrain-12+Terrain-13+Terrain-14+Terrain-15+Terrain-16,EmptyLTM,0,30,30,1,72.5425,72.5425,11.347,0,0,0
202,Terrain-04,Terrain-A+Terrain-B+Terrain-C+Terrain-D+Terrain-01+Terrain-02+Terrain-03+Terrain-05+Terrain-06+Terrain-07+Terrain-08+Terrain-09+Terrain-10+Terrain-11+Terrain-12+Terrain-13+Terrain-14+Terrain-15+Terrain-16,SuccessWeighted,0,30,30,1,26.2657,26.2657,4.1084,512,908,512
202,Terrain-04,Terrain-A+Terrain-B+Terrain-C+Terrain-D+Terrain-01+Terrain-02+Terrain-03+Terrain-05+Terrain-06+Terrain-07+Terrain-08+Terrain-09+Terrain-10+Terrain-11+Terrain-12+Terrain-13+Terrain-14+Terrain-15+Terrain-16,TabularNgramBC,0,30,30,1,57.6531,57.6531,9.018,293,227226,293
202,Terrain-04,Terrain-A+Terrain-B+Terrain-C+Terrain-D+Terrain-01+Terrain-02+Terrain-03+Terrain-05+Terrain-06+Terrain-07+Terrain-08+Terrain-09+Terrain-10+Terrain-11+Terrain-12+Terrain-13+Terrain-14+Terrain-15+Terrain-16,EmptyLTM,0,30,30,1,76.2292,76.2292,11.9237,0,0,0
303,Terrain-04,Terrain-A+Terrain-B+Terrain-C+Terrain-D+Terrain-01+Terrain-02+Terrain-03+Terrain-05+Terrain-06+Terrain-07+Terrain-08+Terrain-09+Terrain-10+Terrain-11+Terrain-12+Terrain-13+Terrain-14+Terrain-15+Terrain-16,SuccessWeighted,0,30,30,1,28.3887,28.3887,4.4405,512,919,512
303,Terrain-04,Terrain-A+Terrain-B+Terrain-C+Terrain-D+Terrain-01+Terrain-02+Terrain-03+Terrain-05+Terrain-06+Terrain-07+Terrain-08+Terrain-09+Terrain-10+Terrain-11+Terrain-12+Terrain-13+Terrain-14+Terrain-15+Terrain-16,TabularNgramBC,0,30,30,1,75.1426,75.1426,11.7537,293,227067,293
303,Terrain-04,Terrain-A+Terrain-B+Terrain-C+Terrain-D+Terrain-01+Terrain-02+Terrain-03+Terrain-05+Terrain-06+Terrain-07+Terrain-08+Terrain-09+Terrain-10+Terrain-11+Terrain-12+Terrain-13+Terrain-14+Terrain-15+Terrain-16,EmptyLTM,0,30,30,1,79.5212,79.5212,12.4386,0,0,0
404,Terrain-04,Terrain-A+Terrain-B+Terrain-C+Terrain-D+Terrain-01+Terrain-02+Terrain-03+Terrain-05+Terrain-06+Terrain-07+Terrain-08+Terrain-09+Terrain-10+Terrain-11+Terrain-12+Terrain-13+Terrain-14+Terrain-15+Terrain-16,SuccessWeighted,0,30,30,1,31.0633,31.0633,4.8589,512,911,512
404,Terrain-04,Terrain-A+Terrain-B+Terrain-C+Terrain-D+Terrain-01+Terrain-02+Terrain-03+Terrain-05+Terrain-06+Terrain-07+Terrain-08+Terrain-09+Terrain-10+Terrain-11+Terrain-12+Terrain-13+Terrain-14+Terrain-15+Terrain-16,TabularNgramBC,0,30,30,1,83.5157,83.5157,13.0634,297,226761,297
404,Terrain-04,Terrain-A+Terrain-B+Terrain-C+Terrain-D+Terrain-01+Terrain-02+Terrain-03+Terrain-05+Terrain-06+Terrain-07+Terrain-08+Terrain-09+Terrain-10+Terrain-11+Terrain-12+Terrain-13+Terrain-14+Terrain-15+Terrain-16,EmptyLTM,0,30,30,1,112.0312,112.0312,17.5238,0,0,0
505,Terrain-04,Terrain-A+Terrain-B+Terrain-C+Terrain-D+Terrain-01+Terrain-02+Terrain-03+Terrain-05+Terrain-06+Terrain-07+Terrain-08+Terrain-09+Terrain-10+Terrain-11+Terrain-12+Terrain-13+Terrain-14+Terrain-15+Terrain-16,SuccessWeighted,0,30,30,1,24.2481,24.2481,3.7929,512,904,512
505,Terrain-04,Terrain-A+Terrain-B+Terrain-C+Terrain-D+Terrain-01+Terrain-02+Terrain-03+Terrain-05+Terrain-06+Terrain-07+Terrain-08+Terrain-09+Terrain-10+Terrain-11+Terrain-12+Terrain-13+Terrain-14+Terrain-15+Terrain-16,TabularNgramBC,0,30,30,1,74.266,74.266,11.6166,297,226884,297
505,Terrain-04,Terrain-A+Terrain-B+Terrain-C+Terrain-D+Terrain-01+Terrain-02+Terrain-03+Terrain-05+Terrain-06+Terrain-07+Terrain-08+Terrain-09+Terrain-10+Terrain-11+Terrain-12+Terrain-13+Terrain-14+Terrain-15+Terrain-16,EmptyLTM,0,30,30,1,72.4687,72.4687,11.3354,0,0,0
606,Terrain-04,Terrain-A+Terrain-B+Terrain-C+Terrain-D+Terrain-01+Terrain-02+Terrain-03+Terrain-05+Terrain-06+Terrain-07+Terrain-08+Terrain-09+Terrain-10+Terrain-11+Terrain-12+Terrain-13+Terrain-14+Terrain-15+Terrain-16,SuccessWeighted,0,30,30,1,29.1592,29.1592,4.561,512,901,512
606,Terrain-04,Terrain-A+Terrain-B+Terrain-C+Terrain-D+Terrain-01+Terrain-02+Terrain-03+Terrain-05+Terrain-06+Terrain-07+Terrain-08+Terrain-09+Terrain-10+Terrain-11+Terrain-12+Terrain-13+Terrain-14+Terrain-15+Terrain-16,TabularNgramBC,0,30,30,1,119.7736,119.7736,18.7348,297,226872,297
606,Terrain-04,Terrain-A+Terrain-B+Terrain-C+Terrain-D+Terrain-01+Terrain-02+Terrain-03+Terrain-05+Terrain-06+Terrain-07+Terrain-08+Terrain-09+Terrain-10+Terrain-11+Terrain-12+Terrain-13+Terrain-14+Terrain-15+Terrain-16,EmptyLTM,0,30,30,1,83.5181,83.5181,13.0638,0,0,0
707,Terrain-04,Terrain-A+Terrain-B+Terrain-C+Terrain-D+Terrain-01+Terrain-02+Terrain-03+Terrain-05+Terrain-06+Terrain-07+Terrain-08+Terrain-09+Terrain-10+Terrain-11+Terrain-12+Terrain-13+Terrain-14+Terrain-15+Terrain-16,SuccessWeighted,0,30,30,1,28.5588,28.5588,4.4671,512,887,512
707,Terrain-04,Terrain-A+Terrain-B+Terrain-C+Terrain-D+Terrain-01+Terrain-02+Terrain-03+Terrain-05+Terrain-06+Terrain-07+Terrain-08+Terrain-09+Terrain-10+Terrain-11+Terrain-12+Terrain-13+Terrain-14+Terrain-15+Terrain-16,TabularNgramBC,0,30,30,1,104.6492,104.6492,16.3691,289,227001,289
707,Terrain-04,Terrain-A+Terrain-B+Terrain-C+Terrain-D+Terrain-01+Terrain-02+Terrain-03+Terrain-05+Terrain-06+Terrain-07+Terrain-08+Terrain-09+Terrain-10+Terrain-11+Terrain-12+Terrain-13+Terrain-14+Terrain-15+Terrain-16,EmptyLTM,0,30,30,1,91.6831,91.6831,14.3409,0,0,0
808,Terrain-04,Terrain-A+Terrain-B+Terrain-C+Terrain-D+Terrain-01+Terrain-02+Terrain-03+Terrain-05+Terrain-06+Terrain-07+Terrain-08+Terrain-09+Terrain-10+Terrain-11+Terrain-12+Terrain-13+Terrain-14+Terrain-15+Terrain-16,SuccessWeighted,0,30,30,1,31.0223,31.0223,4.8525,512,906,512
808,Terrain-04,Terrain-A+Terrain-B+Terrain-C+Terrain-D+Terrain-01+Terrain-02+Terrain-03+Terrain-05+Terrain-06+Terrain-07+Terrain-08+Terrain-09+Terrain-10+Terrain-11+Terrain-12+Terrain-13+Terrain-14+Terrain-15+Terrain-16,TabularNgramBC,0,30,30,1,107.1285,107.1285,16.7569,300,226923,300
808,Terrain-04,Terrain-A+Terrain-B+Terrain-C+Terrain-D+Terrain-01+Terrain-02+Terrain-03+Terrain-05+Terrain-06+Terrain-07+Terrain-08+Terrain-09+Terrain-10+Terrain-11+Terrain-12+Terrain-13+Terrain-14+Terrain-15+Terrain-16,EmptyLTM,0,30,30,1,90.3575,90.3575,14.1336,0,0,0
909,Terrain-04,Terrain-A+Terrain-B+Terrain-C+Terrain-D+Terrain-01+Terrain-02+Terrain-03+Terrain-05+Terrain-06+Terrain-07+Terrain-08+Terrain-09+Terrain-10+Terrain-11+Terrain-12+Terrain-13+Terrain-14+Terrain-15+Terrain-16,SuccessWeighted,0,30,30,1,26.3784,26.3784,4.1261,512,887,512
909,Terrain-04,Terrain-A+Terrain-B+Terrain-C+Terrain-D+Terrain-01+Terrain-02+Terrain-03+Terrain-05+Terrain-06+Terrain-07+Terrain-08+Terrain-09+Terrain-10+Terrain-11+Terrain-12+Terrain-13+Terrain-14+Terrain-15+Terrain-16,TabularNgramBC,0,30,30,1,113.5187,113.5187,17.7564,297,226764,297
909,Terrain-04,Terrain-A+Terrain-B+Terrain-C+Terrain-D+Terrain-01+Terrain-02+Terrain-03+Terrain-05+Terrain-06+Terrain-07+Terrain-08+Terrain-09+Terrain-10+Terrain-11+Terrain-12+Terrain-13+Terrain-14+Terrain-15+Terrain-16,EmptyLTM,0,30,30,1,90.8576,90.8576,14.2118,0,0,0
1010,Terrain-04,Terrain-A+Terrain-B+Terrain-C+Terrain-D+Terrain-01+Terrain-02+Terrain-03+Terrain-05+Terrain-06+Terrain-07+Terrain-08+Terrain-09+Terrain-10+Terrain-11+Terrain-12+Terrain-13+Terrain-14+Terrain-15+Terrain-16,SuccessWeighted,0,30,30,1,29.0385,29.0385,4.5422,512,915,512
1010,Terrain-04,Terrain-A+Terrain-B+Terrain-C+Terrain-D+Terrain-01+Terrain-02+Terrain-03+Terrain-05+Terrain-06+Terrain-07+Terrain-08+Terrain-09+Terrain-10+Terrain-11+Terrain-12+Terrain-13+Terrain-14+Terrain-15+Terrain-16,TabularNgramBC,0,30,30,1,90.767,90.767,14.1976,289,227247,289
1010,Terrain-04,Terrain-A+Terrain-B+Terrain-C+Terrain-D+Terrain-01+Terrain-02+Terrain-03+Terrain-05+Terrain-06+Terrain-07+Terrain-08+Terrain-09+Terrain-10+Terrain-11+Terrain-12+Terrain-13+Terrain-14+Terrain-15+Terrain-16,EmptyLTM,0,30,30,1,71.8713,71.8713,11.242,0,0,0
1111,Terrain-04,Terrain-A+Terrain-B+Terrain-C+Terrain-D+Terrain-01+Terrain-02+Terrain-03+Terrain-05+Terrain-06+Terrain-07+Terrain-08+Terrain-09+Terrain-10+Terrain-11+Terrain-12+Terrain-13+Terrain-14+Terrain-15+Terrain-16,SuccessWeighted,0,30,30,1,34.8307,34.8307,5.4482,512,914,512
1111,Terrain-04,Terrain-A+Terrain-B+Terrain-C+Terrain-D+Terrain-01+Terrain-02+Terrain-03+Terrain-05+Terrain-06+Terrain-07+Terrain-08+Terrain-09+Terrain-10+Terrain-11+Terrain-12+Terrain-13+Terrain-14+Terrain-15+Terrain-16,TabularNgramBC,0,30,30,1,117.778,117.778,18.4227,297,226983,297
1111,Terrain-04,Terrain-A+Terrain-B+Terrain-C+Terrain-D+Terrain-01+Terrain-02+Terrain-03+Terrain-05+Terrain-06+Terrain-07+Terrain-08+Terrain-09+Terrain-10+Terrain-11+Terrain-12+Terrain-13+Terrain-14+Terrain-15+Terrain-16,EmptyLTM,0,30,30,1,84.2996,84.2996,13.186,0,0,0
1212,Terrain-04,Terrain-A+Terrain-B+Terrain-C+Terrain-D+Terrain-01+Terrain-02+Terrain-03+Terrain-05+Terrain-06+Terrain-07+Terrain-08+Terrain-09+Terrain-10+Terrain-11+Terrain-12+Terrain-13+Terrain-14+Terrain-15+Terrain-16,SuccessWeighted,0,30,30,1,28.016,28.016,4.3822,512,898,512
1212,Terrain-04,Terrain-A+Terrain-B+Terrain-C+Terrain-D+Terrain-01+Terrain-02+Terrain-03+Terrain-05+Terrain-06+Terrain-07+Terrain-08+Terrain-09+Terrain-10+Terrain-11+Terrain-12+Terrain-13+Terrain-14+Terrain-15+Terrain-16,TabularNgramBC,0,30,30,1,88.3096,88.3096,13.8133,295,227079,295
1212,Terrain-04,Terrain-A+Terrain-B+Terrain-C+Terrain-D+Terrain-01+Terrain-02+Terrain-03+Terrain-05+Terrain-06+Terrain-07+Terrain-08+Terrain-09+Terrain-10+Terrain-11+Terrain-12+Terrain-13+Terrain-14+Terrain-15+Terrain-16,EmptyLTM,0,30,30,1,101.7668,101.7668,15.9182,0,0,0
1313,Terrain-04,Terrain-A+Terrain-B+Terrain-C+Terrain-D+Terrain-01+Terrain-02+Terrain-03+Terrain-05+Terrain-06+Terrain-07+Terrain-08+Terrain-09+Terrain-10+Terrain-11+Terrain-12+Terrain-13+Terrain-14+Terrain-15+Terrain-16,SuccessWeighted,0,30,30,1,23.1127,23.1127,3.6153,512,902,512
1313,Terrain-04,Terrain-A+Terrain-B+Terrain-C+Terrain-D+Terrain-01+Terrain-02+Terrain-03+Terrain-05+Terrain-06+Terrain-07+Terrain-08+Terrain-09+Terrain-10+Terrain-11+Terrain-12+Terrain-13+Terrain-14+Terrain-15+Terrain-16,TabularNgramBC,0,30,30,1,79.1609,79.1609,12.3822,289,227007,289
1313,Terrain-04,Terrain-A+Terrain-B+Terrain-C+Terrain-D+Terrain-01+Terrain-02+Terrain-03+Terrain-05+Terrain-06+Terrain-07+Terrain-08+Terrain-09+Terrain-10+Terrain-11+Terrain-12+Terrain-13+Terrain-14+Terrain-15+Terrain-16,EmptyLTM,0,30,30,1,113.4294,113.4294,17.7425,0,0,0
1414,Terrain-04,Terrain-A+Terrain-B+Terrain-C+Terrain-D+Terrain-01+Terrain-02+Terrain-03+Terrain-05+Terrain-06+Terrain-07+Terrain-08+Terrain-09+Terrain-10+Terrain-11+Terrain-12+Terrain-13+Terrain-14+Terrain-15+Terrain-16,SuccessWeighted,0,30,30,1,38.686,38.686,6.0512,512,909,512
1414,Terrain-04,Terrain-A+Terrain-B+Terrain-C+Terrain-D+Terrain-01+Terrain-02+Terrain-03+Terrain-05+Terrain-06+Terrain-07+Terrain-08+Terrain-09+Terrain-10+Terrain-11+Terrain-12+Terrain-13+Terrain-14+Terrain-15+Terrain-16,TabularNgramBC,0,30,30,1,78.108,78.108,12.2175,294,227133,294
1414,Terrain-04,Terrain-A+Terrain-B+Terrain-C+Terrain-D+Terrain-01+Terrain-02+Terrain-03+Terrain-05+Terrain-06+Terrain-07+Terrain-08+Terrain-09+Terrain-10+Terrain-11+Terrain-12+Terrain-13+Terrain-14+Terrain-15+Terrain-16,EmptyLTM,0,30,30,1,77.5858,77.5858,12.1359,0,0,0
1515,Terrain-04,Terrain-A+Terrain-B+Terrain-C+Terrain-D+Terrain-01+Terrain-02+Terrain-03+Terrain-05+Terrain-06+Terrain-07+Terrain-08+Terrain-09+Terrain-10+Terrain-11+Terrain-12+Terrain-13+Terrain-14+Terrain-15+Terrain-16,SuccessWeighted,0,30,30,1,51.2657,51.2657,8.0189,512,910,512
1515,Terrain-04,Terrain-A+Terrain-B+Terrain-C+Terrain-D+Terrain-01+Terrain-02+Terrain-03+Terrain-05+Terrain-06+Terrain-07+Terrain-08+Terrain-09+Terrain-10+Terrain-11+Terrain-12+Terrain-13+Terrain-14+Terrain-15+Terrain-16,TabularNgramBC,0,30,30,1,90.4834,90.4834,14.1533,302,227094,302
1515,Terrain-04,Terrain-A+Terrain-B+Terrain-C+Terrain-D+Terrain-01+Terrain-02+Terrain-03+Terrain-05+Terrain-06+Terrain-07+Terrain-08+Terrain-09+Terrain-10+Terrain-11+Terrain-12+Terrain-13+Terrain-14+Terrain-15+Terrain-16,EmptyLTM,0,30,30,1,89.7022,89.7022,14.0311,0,0,0
1616,Terrain-04,Terrain-A+Terrain-B+Terrain-C+Terrain-D+Terrain-01+Terrain-02+Terrain-03+Terrain-05+Terrain-06+Terrain-07+Terrain-08+Terrain-09+Terrain-10+Terrain-11+Terrain-12+Terrain-13+Terrain-14+Terrain-15+Terrain-16,SuccessWeighted,0,30,30,1,24.2172,24.2172,3.788,512,910,512
1616,Terrain-04,Terrain-A+Terrain-B+Terrain-C+Terrain-D+Terrain-01+Terrain-02+Terrain-03+Terrain-05+Terrain-06+Terrain-07+Terrain-08+Terrain-09+Terrain-10+Terrain-11+Terrain-12+Terrain-13+Terrain-14+Terrain-15+Terrain-16,TabularNgramBC,0,30,30,1,66.819,66.819,10.4517,294,226815,294
1616,Terrain-04,Terrain-A+Terrain-B+Terrain-C+Terrain-D+Terrain-01+Terrain-02+Terrain-03+Terrain-05+Terrain-06+Terrain-07+Terrain-08+Terrain-09+Terrain-10+Terrain-11+Terrain-12+Terrain-13+Terrain-14+Terrain-15+Terrain-16,EmptyLTM,0,30,30,1,123.3434,123.3434,19.2932,0,0,0
1717,Terrain-04,Terrain-A+Terrain-B+Terrain-C+Terrain-D+Terrain-01+Terrain-02+Terrain-03+Terrain-05+Terrain-06+Terrain-07+Terrain-08+Terrain-09+Terrain-10+Terrain-11+Terrain-12+Terrain-13+Terrain-14+Terrain-15+Terrain-16,SuccessWeighted,0,30,30,1,31.1548,31.1548,4.8732,512,902,512
1717,Terrain-04,Terrain-A+Terrain-B+Terrain-C+Terrain-D+Terrain-01+Terrain-02+Terrain-03+Terrain-05+Terrain-06+Terrain-07+Terrain-08+Terrain-09+Terrain-10+Terrain-11+Terrain-12+Terrain-13+Terrain-14+Terrain-15+Terrain-16,TabularNgramBC,0,30,30,1,92.5473,92.5473,14.4761,291,227061,291
1717,Terrain-04,Terrain-A+Terrain-B+Terrain-C+Terrain-D+Terrain-01+Terrain-02+Terrain-03+Terrain-05+Terrain-06+Terrain-07+Terrain-08+Terrain-09+Terrain-10+Terrain-11+Terrain-12+Terrain-13+Terrain-14+Terrain-15+Terrain-16,EmptyLTM,0,30,30,1,100.7312,100.7312,15.7562,0,0,0
1818,Terrain-04,Terrain-A+Terrain-B+Terrain-C+Terrain-D+Terrain-01+Terrain-02+Terrain-03+Terrain-05+Terrain-06+Terrain-07+Terrain-08+Terrain-09+Terrain-10+Terrain-11+Terrain-12+Terrain-13+Terrain-14+Terrain-15+Terrain-16,SuccessWeighted,0,30,30,1,33.0261,33.0261,5.1659,512,907,512
1818,Terrain-04,Terrain-A+Terrain-B+Terrain-C+Terrain-D+Terrain-01+Terrain-02+Terrain-03+Terrain-05+Terrain-06+Terrain-07+Terrain-08+Terrain-09+Terrain-10+Terrain-11+Terrain-12+Terrain-13+Terrain-14+Terrain-15+Terrain-16,TabularNgramBC,0,30,30,1,95.3353,95.3353,14.9122,289,227007,289
1818,Terrain-04,Terrain-A+Terrain-B+Terrain-C+Terrain-D+Terrain-01+Terrain-02+Terrain-03+Terrain-05+Terrain-06+Terrain-07+Terrain-08+Terrain-09+Terrain-10+Terrain-11+Terrain-12+Terrain-13+Terrain-14+Terrain-15+Terrain-16,EmptyLTM,0,30,30,1,91.9472,91.9472,14.3822,0,0,0
1919,Terrain-04,Terrain-A+Terrain-B+Terrain-C+Terrain-D+Terrain-01+Terrain-02+Terrain-03+Terrain-05+Terrain-06+Terrain-07+Terrain-08+Terrain-09+Terrain-10+Terrain-11+Terrain-12+Terrain-13+Terrain-14+Terrain-15+Terrain-16,SuccessWeighted,0,30,30,1,23.9853,23.9853,3.7517,512,902,512
1919,Terrain-04,Terrain-A+Terrain-B+Terrain-C+Terrain-D+Terrain-01+Terrain-02+Terrain-03+Terrain-05+Terrain-06+Terrain-07+Terrain-08+Terrain-09+Terrain-10+Terrain-11+Terrain-12+Terrain-13+Terrain-14+Terrain-15+Terrain-16,TabularNgramBC,0,30,30,1,85.7761,85.7761,13.417,298,226848,298
1919,Terrain-04,Terrain-A+Terrain-B+Terrain-C+Terrain-D+Terrain-01+Terrain-02+Terrain-03+Terrain-05+Terrain-06+Terrain-07+Terrain-08+Terrain-09+Terrain-10+Terrain-11+Terrain-12+Terrain-13+Terrain-14+Terrain-15+Terrain-16,EmptyLTM,0,30,30,1,87.2136,87.2136,13.6418,0,0,0
2020,Terrain-04,Terrain-A+Terrain-B+Terrain-C+Terrain-D+Terrain-01+Terrain-02+Terrain-03+Terrain-05+Terrain-06+Terrain-07+Terrain-08+Terrain-09+Terrain-10+Terrain-11+Terrain-12+Terrain-13+Terrain-14+Terrain-15+Terrain-16,SuccessWeighted,0,30,30,1,30.9099,30.9099,4.8349,512,913,512
2020,Terrain-04,Terrain-A+Terrain-B+Terrain-C+Terrain-D+Terrain-01+Terrain-02+Terrain-03+Terrain-05+Terrain-06+Terrain-07+Terrain-08+Terrain-09+Terrain-10+Terrain-11+Terrain-12+Terrain-13+Terrain-14+Terrain-15+Terrain-16,TabularNgramBC,0,30,30,1,72.0256,72.0256,11.2661,298,226968,298
2020,Terrain-04,Terrain-A+Terrain-B+Terrain-C+Terrain-D+Terrain-01+Terrain-02+Terrain-03+Terrain-05+Terrain-06+Terrain-07+Terrain-08+Terrain-09+Terrain-10+Terrain-11+Terrain-12+Terrain-13+Terrain-14+Terrain-15+Terrain-16,EmptyLTM,0,30,30,1,82.7849,82.7849,12.9491,0,0,0
2121,Terrain-04,Terrain-A+Terrain-B+Terrain-C+Terrain-D+Terrain-01+Terrain-02+Terrain-03+Terrain-05+Terrain-06+Terrain-07+Terrain-08+Terrain-09+Terrain-10+Terrain-11+Terrain-12+Terrain-13+Terrain-14+Terrain-15+Terrain-16,SuccessWeighted,0,30,30,1,30.6467,30.6467,4.7937,512,925,512
2121,Terrain-04,Terrain-A+Terrain-B+Terrain-C+Terrain-D+Terrain-01+Terrain-02+Terrain-03+Terrain-05+Terrain-06+Terrain-07+Terrain-08+Terrain-09+Terrain-10+Terrain-11+Terrain-12+Terrain-13+Terrain-14+Terrain-15+Terrain-16,TabularNgramBC,0,30,30,1,95.0933,95.0933,14.8744,291,226968,291
2121,Terrain-04,Terrain-A+Terrain-B+Terrain-C+Terrain-D+Terrain-01+Terrain-02+Terrain-03+Terrain-05+Terrain-06+Terrain-07+Terrain-08+Terrain-09+Terrain-10+Terrain-11+Terrain-12+Terrain-13+Terrain-14+Terrain-15+Terrain-16,EmptyLTM,0,30,30,1,88.5072,88.5072,13.8442,0,0,0
2222,Terrain-04,Terrain-A+Terrain-B+Terrain-C+Terrain-D+Terrain-01+Terrain-02+Terrain-03+Terrain-05+Terrain-06+Terrain-07+Terrain-08+Terrain-09+Terrain-10+Terrain-11+Terrain-12+Terrain-13+Terrain-14+Terrain-15+Terrain-16,SuccessWeighted,0,30,30,1,25.9318,25.9318,4.0562,512,912,512
2222,Terrain-04,Terrain-A+Terrain-B+Terrain-C+Terrain-D+Terrain-01+Terrain-02+Terrain-03+Terrain-05+Terrain-06+Terrain-07+Terrain-08+Terrain-09+Terrain-10+Terrain-11+Terrain-12+Terrain-13+Terrain-14+Terrain-15+Terrain-16,TabularNgramBC,0,30,30,1,70.2551,70.2551,10.9892,295,227241,295
2222,Terrain-04,Terrain-A+Terrain-B+Terrain-C+Terrain-D+Terrain-01+Terrain-02+Terrain-03+Terrain-05+Terrain-06+Terrain-07+Terrain-08+Terrain-09+Terrain-10+Terrain-11+Terrain-12+Terrain-13+Terrain-14+Terrain-15+Terrain-16,EmptyLTM,0,30,30,1,81.4039,81.4039,12.7331,0,0,0
2323,Terrain-04,Terrain-A+Terrain-B+Terrain-C+Terrain-D+Terrain-01+Terrain-02+Terrain-03+Terrain-05+Terrain-06+Terrain-07+Terrain-08+Terrain-09+Terrain-10+Terrain-11+Terrain-12+Terrain-13+Terrain-14+Terrain-15+Terrain-16,SuccessWeighted,0,30,30,1,27.2197,27.2197,4.2577,512,899,512
2323,Terrain-04,Terrain-A+Terrain-B+Terrain-C+Terrain-D+Terrain-01+Terrain-02+Terrain-03+Terrain-05+Terrain-06+Terrain-07+Terrain-08+Terrain-09+Terrain-10+Terrain-11+Terrain-12+Terrain-13+Terrain-14+Terrain-15+Terrain-16,TabularNgramBC,0,30,30,1,103.1247,103.1247,16.1306,290,227046,290
2323,Terrain-04,Terrain-A+Terrain-B+Terrain-C+Terrain-D+Terrain-01+Terrain-02+Terrain-03+Terrain-05+Terrain-06+Terrain-07+Terrain-08+Terrain-09+Terrain-10+Terrain-11+Terrain-12+Terrain-13+Terrain-14+Terrain-15+Terrain-16,EmptyLTM,0,30,30,1,94.0387,94.0387,14.7094,0,0,0
2424,Terrain-04,Terrain-A+Terrain-B+Terrain-C+Terrain-D+Terrain-01+Terrain-02+Terrain-03+Terrain-05+Terrain-06+Terrain-07+Terrain-08+Terrain-09+Terrain-10+Terrain-11+Terrain-12+Terrain-13+Terrain-14+Terrain-15+Terrain-16,SuccessWeighted,0,30,30,1,26.744,26.744,4.1833,512,919,512
2424,Terrain-04,Terrain-A+Terrain-B+Terrain-C+Terrain-D+Terrain-01+Terrain-02+Terrain-03+Terrain-05+Terrain-06+Terrain-07+Terrain-08+Terrain-09+Terrain-10+Terrain-11+Terrain-12+Terrain-13+Terrain-14+Terrain-15+Terrain-16,TabularNgramBC,0,30,30,1,79.9605,79.9605,12.5073,295,227196,295
2424,Terrain-04,Terrain-A+Terrain-B+Terrain-C+Terrain-D+Terrain-01+Terrain-02+Terrain-03+Terrain-05+Terrain-06+Terrain-07+Terrain-08+Terrain-09+Terrain-10+Terrain-11+Terrain-12+Terrain-13+Terrain-14+Terrain-15+Terrain-16,EmptyLTM,0,30,30,1,83.3756,83.3756,13.0415,0,0,0
2525,Terrain-04,Terrain-A+Terrain-B+Terrain-C+Terrain-D+Terrain-01+Terrain-02+Terrain-03+Terrain-05+Terrain-06+Terrain-07+Terrain-08+Terrain-09+Terrain-10+Terrain-11+Terrain-12+Terrain-13+Terrain-14+Terrain-15+Terrain-16,SuccessWeighted,0,30,30,1,31.8942,31.8942,4.9888,512,922,512
2525,Terrain-04,Terrain-A+Terrain-B+Terrain-C+Terrain-D+Terrain-01+Terrain-02+Terrain-03+Terrain-05+Terrain-06+Terrain-07+Terrain-08+Terrain-09+Terrain-10+Terrain-11+Terrain-12+Terrain-13+Terrain-14+Terrain-15+Terrain-16,TabularNgramBC,0,30,30,1,68.4618,68.4618,10.7087,289,226998,289
2525,Terrain-04,Terrain-A+Terrain-B+Terrain-C+Terrain-D+Terrain-01+Terrain-02+Terrain-03+Terrain-05+Terrain-06+Terrain-07+Terrain-08+Terrain-09+Terrain-10+Terrain-11+Terrain-12+Terrain-13+Terrain-14+Terrain-15+Terrain-16,EmptyLTM,0,30,30,1,83.5208,83.5208,13.0642,0,0,0
101,Terrain-05,Terrain-A+Terrain-B+Terrain-C+Terrain-D+Terrain-01+Terrain-02+Terrain-03+Terrain-04+Terrain-06+Terrain-07+Terrain-08+Terrain-09+Terrain-10+Terrain-11+Terrain-12+Terrain-13+Terrain-14+Terrain-15+Terrain-16,SuccessWeighted,0,30,30,1,32.6033,32.6033,5.7577,512,879,512
101,Terrain-05,Terrain-A+Terrain-B+Terrain-C+Terrain-D+Terrain-01+Terrain-02+Terrain-03+Terrain-04+Terrain-06+Terrain-07+Terrain-08+Terrain-09+Terrain-10+Terrain-11+Terrain-12+Terrain-13+Terrain-14+Terrain-15+Terrain-16,TabularNgramBC,0,30,30,1,96.1559,96.1559,16.981,287,225360,287
101,Terrain-05,Terrain-A+Terrain-B+Terrain-C+Terrain-D+Terrain-01+Terrain-02+Terrain-03+Terrain-04+Terrain-06+Terrain-07+Terrain-08+Terrain-09+Terrain-10+Terrain-11+Terrain-12+Terrain-13+Terrain-14+Terrain-15+Terrain-16,EmptyLTM,0,30,30,1,132.2421,132.2421,23.3538,0,0,0
202,Terrain-05,Terrain-A+Terrain-B+Terrain-C+Terrain-D+Terrain-01+Terrain-02+Terrain-03+Terrain-04+Terrain-06+Terrain-07+Terrain-08+Terrain-09+Terrain-10+Terrain-11+Terrain-12+Terrain-13+Terrain-14+Terrain-15+Terrain-16,SuccessWeighted,0,30,30,1,26.5994,26.5994,4.6974,512,890,512
202,Terrain-05,Terrain-A+Terrain-B+Terrain-C+Terrain-D+Terrain-01+Terrain-02+Terrain-03+Terrain-04+Terrain-06+Terrain-07+Terrain-08+Terrain-09+Terrain-10+Terrain-11+Terrain-12+Terrain-13+Terrain-14+Terrain-15+Terrain-16,TabularNgramBC,0,30,30,1,114.8214,114.8214,20.2773,293,225594,293
202,Terrain-05,Terrain-A+Terrain-B+Terrain-C+Terrain-D+Terrain-01+Terrain-02+Terrain-03+Terrain-04+Terrain-06+Terrain-07+Terrain-08+Terrain-09+Terrain-10+Terrain-11+Terrain-12+Terrain-13+Terrain-14+Terrain-15+Terrain-16,EmptyLTM,0,30,30,1,100.1943,100.1943,17.6942,0,0,0
303,Terrain-05,Terrain-A+Terrain-B+Terrain-C+Terrain-D+Terrain-01+Terrain-02+Terrain-03+Terrain-04+Terrain-06+Terrain-07+Terrain-08+Terrain-09+Terrain-10+Terrain-11+Terrain-12+Terrain-13+Terrain-14+Terrain-15+Terrain-16,SuccessWeighted,0,30,30,1,27.6495,27.6495,4.8829,512,909,512
303,Terrain-05,Terrain-A+Terrain-B+Terrain-C+Terrain-D+Terrain-01+Terrain-02+Terrain-03+Terrain-04+Terrain-06+Terrain-07+Terrain-08+Terrain-09+Terrain-10+Terrain-11+Terrain-12+Terrain-13+Terrain-14+Terrain-15+Terrain-16,TabularNgramBC,0,30,30,1,99.2617,99.2617,17.5295,284,225480,284
303,Terrain-05,Terrain-A+Terrain-B+Terrain-C+Terrain-D+Terrain-01+Terrain-02+Terrain-03+Terrain-04+Terrain-06+Terrain-07+Terrain-08+Terrain-09+Terrain-10+Terrain-11+Terrain-12+Terrain-13+Terrain-14+Terrain-15+Terrain-16,EmptyLTM,0,30,30,1,94.0869,94.0869,16.6156,0,0,0
404,Terrain-05,Terrain-A+Terrain-B+Terrain-C+Terrain-D+Terrain-01+Terrain-02+Terrain-03+Terrain-04+Terrain-06+Terrain-07+Terrain-08+Terrain-09+Terrain-10+Terrain-11+Terrain-12+Terrain-13+Terrain-14+Terrain-15+Terrain-16,SuccessWeighted,0,30,30,1,25.4795,25.4795,4.4996,512,908,512
404,Terrain-05,Terrain-A+Terrain-B+Terrain-C+Terrain-D+Terrain-01+Terrain-02+Terrain-03+Terrain-04+Terrain-06+Terrain-07+Terrain-08+Terrain-09+Terrain-10+Terrain-11+Terrain-12+Terrain-13+Terrain-14+Terrain-15+Terrain-16,TabularNgramBC,0,30,30,1,83.7099,83.7099,14.7831,292,225075,292
404,Terrain-05,Terrain-A+Terrain-B+Terrain-C+Terrain-D+Terrain-01+Terrain-02+Terrain-03+Terrain-04+Terrain-06+Terrain-07+Terrain-08+Terrain-09+Terrain-10+Terrain-11+Terrain-12+Terrain-13+Terrain-14+Terrain-15+Terrain-16,EmptyLTM,0,30,30,1,83.8996,83.8996,14.8166,0,0,0
505,Terrain-05,Terrain-A+Terrain-B+Terrain-C+Terrain-D+Terrain-01+Terrain-02+Terrain-03+Terrain-04+Terrain-06+Terrain-07+Terrain-08+Terrain-09+Terrain-10+Terrain-11+Terrain-12+Terrain-13+Terrain-14+Terrain-15+Terrain-16,SuccessWeighted,0,30,30,1,24.0324,24.0324,4.2441,512,881,512
505,Terrain-05,Terrain-A+Terrain-B+Terrain-C+Terrain-D+Terrain-01+Terrain-02+Terrain-03+Terrain-04+Terrain-06+Terrain-07+Terrain-08+Terrain-09+Terrain-10+Terrain-11+Terrain-12+Terrain-13+Terrain-14+Terrain-15+Terrain-16,TabularNgramBC,0,30,30,1,124.2732,124.2732,21.9465,294,225288,294
505,Terrain-05,Terrain-A+Terrain-B+Terrain-C+Terrain-D+Terrain-01+Terrain-02+Terrain-03+Terrain-04+Terrain-06+Terrain-07+Terrain-08+Terrain-09+Terrain-10+Terrain-11+Terrain-12+Terrain-13+Terrain-14+Terrain-15+Terrain-16,EmptyLTM,0,30,30,1,88.2414,88.2414,15.5833,0,0,0
606,Terrain-05,Terrain-A+Terrain-B+Terrain-C+Terrain-D+Terrain-01+Terrain-02+Terrain-03+Terrain-04+Terrain-06+Terrain-07+Terrain-08+Terrain-09+Terrain-10+Terrain-11+Terrain-12+Terrain-13+Terrain-14+Terrain-15+Terrain-16,SuccessWeighted,0,30,30,1,24.1499,24.1499,4.2648,512,894,512
606,Terrain-05,Terrain-A+Terrain-B+Terrain-C+Terrain-D+Terrain-01+Terrain-02+Terrain-03+Terrain-04+Terrain-06+Terrain-07+Terrain-08+Terrain-09+Terrain-10+Terrain-11+Terrain-12+Terrain-13+Terrain-14+Terrain-15+Terrain-16,TabularNgramBC,0,30,30,1,110.7532,110.7532,19.5589,296,225420,296
606,Terrain-05,Terrain-A+Terrain-B+Terrain-C+Terrain-D+Terrain-01+Terrain-02+Terrain-03+Terrain-04+Terrain-06+Terrain-07+Terrain-08+Terrain-09+Terrain-10+Terrain-11+Terrain-12+Terrain-13+Terrain-14+Terrain-15+Terrain-16,EmptyLTM,0,30,30,1,97.9506,97.9506,17.298,0,0,0
707,Terrain-05,Terrain-A+Terrain-B+Terrain-C+Terrain-D+Terrain-01+Terrain-02+Terrain-03+Terrain-04+Terrain-06+Terrain-07+Terrain-08+Terrain-09+Terrain-10+Terrain-11+Terrain-12+Terrain-13+Terrain-14+Terrain-15+Terrain-16,SuccessWeighted,0,30,30,1,26.6395,26.6395,4.7045,512,877,512
707,Terrain-05,Terrain-A+Terrain-B+Terrain-C+Terrain-D+Terrain-01+Terrain-02+Terrain-03+Terrain-04+Terrain-06+Terrain-07+Terrain-08+Terrain-09+Terrain-10+Terrain-11+Terrain-12+Terrain-13+Terrain-14+Terrain-15+Terrain-16,TabularNgramBC,0,30,30,1,88.2807,88.2807,15.5903,279,225417,279
707,Terrain-05,Terrain-A+Terrain-B+Terrain-C+Terrain-D+Terrain-01+Terrain-02+Terrain-03+Terrain-04+Terrain-06+Terrain-07+Terrain-08+Terrain-09+Terrain-10+Terrain-11+Terrain-12+Terrain-13+Terrain-14+Terrain-15+Terrain-16,EmptyLTM,0,30,30,1,93.8654,93.8654,16.5765,0,0,0
808,Terrain-05,Terrain-A+Terrain-B+Terrain-C+Terrain-D+Terrain-01+Terrain-02+Terrain-03+Terrain-04+Terrain-06+Terrain-07+Terrain-08+Terrain-09+Terrain-10+Terrain-11+Terrain-12+Terrain-13+Terrain-14+Terrain-15+Terrain-16,SuccessWeighted,0,30,30,1,24.6381,24.6381,4.3511,512,888,512
808,Terrain-05,Terrain-A+Terrain-B+Terrain-C+Terrain-D+Terrain-01+Terrain-02+Terrain-03+Terrain-04+Terrain-06+Terrain-07+Terrain-08+Terrain-09+Terrain-10+Terrain-11+Terrain-12+Terrain-13+Terrain-14+Terrain-15+Terrain-16,TabularNgramBC,0,30,30,1,85.2302,85.2302,15.0515,294,225570,294
808,Terrain-05,Terrain-A+Terrain-B+Terrain-C+Terrain-D+Terrain-01+Terrain-02+Terrain-03+Terrain-04+Terrain-06+Terrain-07+Terrain-08+Terrain-09+Terrain-10+Terrain-11+Terrain-12+Terrain-13+Terrain-14+Terrain-15+Terrain-16,EmptyLTM,0,30,30,1,96.6766,96.6766,17.073,0,0,0
909,Terrain-05,Terrain-A+Terrain-B+Terrain-C+Terrain-D+Terrain-01+Terrain-02+Terrain-03+Terrain-04+Terrain-06+Terrain-07+Terrain-08+Terrain-09+Terrain-10+Terrain-11+Terrain-12+Terrain-13+Terrain-14+Terrain-15+Terrain-16,SuccessWeighted,0,30,30,1,22.8892,22.8892,4.0422,512,891,512
909,Terrain-05,Terrain-A+Terrain-B+Terrain-C+Terrain-D+Terrain-01+Terrain-02+Terrain-03+Terrain-04+Terrain-06+Terrain-07+Terrain-08+Terrain-09+Terrain-10+Terrain-11+Terrain-12+Terrain-13+Terrain-14+Terrain-15+Terrain-16,TabularNgramBC,0,30,30,1,77.8502,77.8502,13.7482,300,225129,300
909,Terrain-05,Terrain-A+Terrain-B+Terrain-C+Terrain-D+Terrain-01+Terrain-02+Terrain-03+Terrain-04+Terrain-06+Terrain-07+Terrain-08+Terrain-09+Terrain-10+Terrain-11+Terrain-12+Terrain-13+Terrain-14+Terrain-15+Terrain-16,EmptyLTM,0,30,30,1,88.7811,88.7811,15.6786,0,0,0
1010,Terrain-05,Terrain-A+Terrain-B+Terrain-C+Terrain-D+Terrain-01+Terrain-02+Terrain-03+Terrain-04+Terrain-06+Terrain-07+Terrain-08+Terrain-09+Terrain-10+Terrain-11+Terrain-12+Terrain-13+Terrain-14+Terrain-15+Terrain-16,SuccessWeighted,0,30,30,1,32.3907,32.3907,5.7202,512,908,512
1010,Terrain-05,Terrain-A+Terrain-B+Terrain-C+Terrain-D+Terrain-01+Terrain-02+Terrain-03+Terrain-04+Terrain-06+Terrain-07+Terrain-08+Terrain-09+Terrain-10+Terrain-11+Terrain-12+Terrain-13+Terrain-14+Terrain-15+Terrain-16,TabularNgramBC,0,30,30,1,92.3794,92.3794,16.3141,286,225546,286
1010,Terrain-05,Terrain-A+Terrain-B+Terrain-C+Terrain-D+Terrain-01+Terrain-02+Terrain-03+Terrain-04+Terrain-06+Terrain-07+Terrain-08+Terrain-09+Terrain-10+Terrain-11+Terrain-12+Terrain-13+Terrain-14+Terrain-15+Terrain-16,EmptyLTM,0,30,30,1,101.3296,101.3296,17.8947,0,0,0
1111,Terrain-05,Terrain-A+Terrain-B+Terrain-C+Terrain-D+Terrain-01+Terrain-02+Terrain-03+Terrain-04+Terrain-06+Terrain-07+Terrain-08+Terrain-09+Terrain-10+Terrain-11+Terrain-12+Terrain-13+Terrain-14+Terrain-15+Terrain-16,SuccessWeighted,0,30,30,1,32.894,32.894,5.809,512,908,512
1111,Terrain-05,Terrain-A+Terrain-B+Terrain-C+Terrain-D+Terrain-01+Terrain-02+Terrain-03+Terrain-04+Terrain-06+Terrain-07+Terrain-08+Terrain-09+Terrain-10+Terrain-11+Terrain-12+Terrain-13+Terrain-14+Terrain-15+Terrain-16,TabularNgramBC,0,30,30,1,74.4165,74.4165,13.1419,293,225600,293
1111,Terrain-05,Terrain-A+Terrain-B+Terrain-C+Terrain-D+Terrain-01+Terrain-02+Terrain-03+Terrain-04+Terrain-06+Terrain-07+Terrain-08+Terrain-09+Terrain-10+Terrain-11+Terrain-12+Terrain-13+Terrain-14+Terrain-15+Terrain-16,EmptyLTM,0,30,30,1,120.7131,120.7131,21.3178,0,0,0
1212,Terrain-05,Terrain-A+Terrain-B+Terrain-C+Terrain-D+Terrain-01+Terrain-02+Terrain-03+Terrain-04+Terrain-06+Terrain-07+Terrain-08+Terrain-09+Terrain-10+Terrain-11+Terrain-12+Terrain-13+Terrain-14+Terrain-15+Terrain-16,SuccessWeighted,0,30,30,1,21.8281,21.8281,3.8548,512,905,512
1212,Terrain-05,Terrain-A+Terrain-B+Terrain-C+Terrain-D+Terrain-01+Terrain-02+Terrain-03+Terrain-04+Terrain-06+Terrain-07+Terrain-08+Terrain-09+Terrain-10+Terrain-11+Terrain-12+Terrain-13+Terrain-14+Terrain-15+Terrain-16,TabularNgramBC,0,30,30,1,95.0753,95.0753,16.7902,292,225561,292
1212,Terrain-05,Terrain-A+Terrain-B+Terrain-C+Terrain-D+Terrain-01+Terrain-02+Terrain-03+Terrain-04+Terrain-06+Terrain-07+Terrain-08+Terrain-09+Terrain-10+Terrain-11+Terrain-12+Terrain-13+Terrain-14+Terrain-15+Terrain-16,EmptyLTM,0,30,30,1,95.8223,95.8223,16.9221,0,0,0
1313,Terrain-05,Terrain-A+Terrain-B+Terrain-C+Terrain-D+Terrain-01+Terrain-02+Terrain-03+Terrain-04+Terrain-06+Terrain-07+Terrain-08+Terrain-09+Terrain-10+Terrain-11+Terrain-12+Terrain-13+Terrain-14+Terrain-15+Terrain-16,SuccessWeighted,0,30,30,1,23.2728,23.2728,4.1099,512,917,512
1313,Terrain-05,Terrain-A+Terrain-B+Terrain-C+Terrain-D+Terrain-01+Terrain-02+Terrain-03+Terrain-04+Terrain-06+Terrain-07+Terrain-08+Terrain-09+Terrain-10+Terrain-11+Terrain-12+Terrain-13+Terrain-14+Terrain-15+Terrain-16,TabularNgramBC,0,30,30,1,97.0916,97.0916,17.1463,290,225522,290
1313,Terrain-05,Terrain-A+Terrain-B+Terrain-C+Terrain-D+Terrain-01+Terrain-02+Terrain-03+Terrain-04+Terrain-06+Terrain-07+Terrain-08+Terrain-09+Terrain-10+Terrain-11+Terrain-12+Terrain-13+Terrain-14+Terrain-15+Terrain-16,EmptyLTM,0,30,30,1,90.4083,90.4083,15.966,0,0,0
1414,Terrain-05,Terrain-A+Terrain-B+Terrain-C+Terrain-D+Terrain-01+Terrain-02+Terrain-03+Terrain-04+Terrain-06+Terrain-07+Terrain-08+Terrain-09+Terrain-10+Terrain-11+Terrain-12+Terrain-13+Terrain-14+Terrain-15+Terrain-16,SuccessWeighted,0,30,30,1,38.2913,38.2913,6.7622,512,892,512
1414,Terrain-05,Terrain-A+Terrain-B+Terrain-C+Terrain-D+Terrain-01+Terrain-02+Terrain-03+Terrain-04+Terrain-06+Terrain-07+Terrain-08+Terrain-09+Terrain-10+Terrain-11+Terrain-12+Terrain-13+Terrain-14+Terrain-15+Terrain-16,TabularNgramBC,0,30,30,1,75.5609,75.5609,13.344,287,225510,287
1414,Terrain-05,Terrain-A+Terrain-B+Terrain-C+Terrain-D+Terrain-01+Terrain-02+Terrain-03+Terrain-04+Terrain-06+Terrain-07+Terrain-08+Terrain-09+Terrain-10+Terrain-11+Terrain-12+Terrain-13+Terrain-14+Terrain-15+Terrain-16,EmptyLTM,0,30,30,1,89.62,89.62,15.8268,0,0,0
1515,Terrain-05,Terrain-A+Terrain-B+Terrain-C+Terrain-D+Terrain-01+Terrain-02+Terrain-03+Terrain-04+Terrain-06+Terrain-07+Terrain-08+Terrain-09+Terrain-10+Terrain-11+Terrain-12+Terrain-13+Terrain-14+Terrain-15+Terrain-16,SuccessWeighted,0,30,30,1,35.8547,35.8547,6.3319,512,897,512
1515,Terrain-05,Terrain-A+Terrain-B+Terrain-C+Terrain-D+Terrain-01+Terrain-02+Terrain-03+Terrain-04+Terrain-06+Terrain-07+Terrain-08+Terrain-09+Terrain-10+Terrain-11+Terrain-12+Terrain-13+Terrain-14+Terrain-15+Terrain-16,TabularNgramBC,0,30,30,1,111.0127,111.0127,19.6047,295,225465,295
1515,Terrain-05,Terrain-A+Terrain-B+Terrain-C+Terrain-D+Terrain-01+Terrain-02+Terrain-03+Terrain-04+Terrain-06+Terrain-07+Terrain-08+Terrain-09+Terrain-10+Terrain-11+Terrain-12+Terrain-13+Terrain-14+Terrain-15+Terrain-16,EmptyLTM,0,30,30,1,90.6579,90.6579,16.0101,0,0,0
1616,Terrain-05,Terrain-A+Terrain-B+Terrain-C+Terrain-D+Terrain-01+Terrain-02+Terrain-03+Terrain-04+Terrain-06+Terrain-07+Terrain-08+Terrain-09+Terrain-10+Terrain-11+Terrain-12+Terrain-13+Terrain-14+Terrain-15+Terrain-16,SuccessWeighted,0,30,30,1,26.2097,26.2097,4.6286,512,910,512
1616,Terrain-05,Terrain-A+Terrain-B+Terrain-C+Terrain-D+Terrain-01+Terrain-02+Terrain-03+Terrain-04+Terrain-06+Terrain-07+Terrain-08+Terrain-09+Terrain-10+Terrain-11+Terrain-12+Terrain-13+Terrain-14+Terrain-15+Terrain-16,TabularNgramBC,0,30,30,1,107.5446,107.5446,18.9923,291,225450,291
1616,Terrain-05,Terrain-A+Terrain-B+Terrain-C+Terrain-D+Terrain-01+Terrain-02+Terrain-03+Terrain-04+Terrain-06+Terrain-07+Terrain-08+Terrain-09+Terrain-10+Terrain-11+Terrain-12+Terrain-13+Terrain-14+Terrain-15+Terrain-16,EmptyLTM,0,30,30,1,90.2519,90.2519,15.9384,0,0,0
1717,Terrain-05,Terrain-A+Terrain-B+Terrain-C+Terrain-D+Terrain-01+Terrain-02+Terrain-03+Terrain-04+Terrain-06+Terrain-07+Terrain-08+Terrain-09+Terrain-10+Terrain-11+Terrain-12+Terrain-13+Terrain-14+Terrain-15+Terrain-16,SuccessWeighted,0,30,30,1,25.7496,25.7496,4.5473,512,883,512
1717,Terrain-05,Terrain-A+Terrain-B+Terrain-C+Terrain-D+Terrain-01+Terrain-02+Terrain-03+Terrain-04+Terrain-06+Terrain-07+Terrain-08+Terrain-09+Terrain-10+Terrain-11+Terrain-12+Terrain-13+Terrain-14+Terrain-15+Terrain-16,TabularNgramBC,0,30,30,1,89.3502,89.3502,15.7791,289,225477,289
1717,Terrain-05,Terrain-A+Terrain-B+Terrain-C+Terrain-D+Terrain-01+Terrain-02+Terrain-03+Terrain-04+Terrain-06+Terrain-07+Terrain-08+Terrain-09+Terrain-10+Terrain-11+Terrain-12+Terrain-13+Terrain-14+Terrain-15+Terrain-16,EmptyLTM,0,30,30,1,98.4519,98.4519,17.3865,0,0,0
1818,Terrain-05,Terrain-A+Terrain-B+Terrain-C+Terrain-D+Terrain-01+Terrain-02+Terrain-03+Terrain-04+Terrain-06+Terrain-07+Terrain-08+Terrain-09+Terrain-10+Terrain-11+Terrain-12+Terrain-13+Terrain-14+Terrain-15+Terrain-16,SuccessWeighted,0,30,30,1,28.38,28.38,5.0119,512,885,512
1818,Terrain-05,Terrain-A+Terrain-B+Terrain-C+Terrain-D+Terrain-01+Terrain-02+Terrain-03+Terrain-04+Terrain-06+Terrain-07+Terrain-08+Terrain-09+Terrain-10+Terrain-11+Terrain-12+Terrain-13+Terrain-14+Terrain-15+Terrain-16,TabularNgramBC,0,30,30,1,81.7183,81.7183,14.4314,289,225426,289
1818,Terrain-05,Terrain-A+Terrain-B+Terrain-C+Terrain-D+Terrain-01+Terrain-02+Terrain-03+Terrain-04+Terrain-06+Terrain-07+Terrain-08+Terrain-09+Terrain-10+Terrain-11+Terrain-12+Terrain-13+Terrain-14+Terrain-15+Terrain-16,EmptyLTM,0,30,30,1,92.7552,92.7552,16.3805,0,0,0
1919,Terrain-05,Terrain-A+Terrain-B+Terrain-C+Terrain-D+Terrain-01+Terrain-02+Terrain-03+Terrain-04+Terrain-06+Terrain-07+Terrain-08+Terrain-09+Terrain-10+Terrain-11+Terrain-12+Terrain-13+Terrain-14+Terrain-15+Terrain-16,SuccessWeighted,0,30,30,1,23.0756,23.0756,4.0751,512,895,512
1919,Terrain-05,Terrain-A+Terrain-B+Terrain-C+Terrain-D+Terrain-01+Terrain-02+Terrain-03+Terrain-04+Terrain-06+Terrain-07+Terrain-08+Terrain-09+Terrain-10+Terrain-11+Terrain-12+Terrain-13+Terrain-14+Terrain-15+Terrain-16,TabularNgramBC,0,30,30,1,73.4923,73.4923,12.9787,287,225513,287
1919,Terrain-05,Terrain-A+Terrain-B+Terrain-C+Terrain-D+Terrain-01+Terrain-02+Terrain-03+Terrain-04+Terrain-06+Terrain-07+Terrain-08+Terrain-09+Terrain-10+Terrain-11+Terrain-12+Terrain-13+Terrain-14+Terrain-15+Terrain-16,EmptyLTM,0,30,30,1,105.3224,105.3224,18.5998,0,0,0
2020,Terrain-05,Terrain-A+Terrain-B+Terrain-C+Terrain-D+Terrain-01+Terrain-02+Terrain-03+Terrain-04+Terrain-06+Terrain-07+Terrain-08+Terrain-09+Terrain-10+Terrain-11+Terrain-12+Terrain-13+Terrain-14+Terrain-15+Terrain-16,SuccessWeighted,0,30,30,1,26.0867,26.0867,4.6069,512,894,512
2020,Terrain-05,Terrain-A+Terrain-B+Terrain-C+Terrain-D+Terrain-01+Terrain-02+Terrain-03+Terrain-04+Terrain-06+Terrain-07+Terrain-08+Terrain-09+Terrain-10+Terrain-11+Terrain-12+Terrain-13+Terrain-14+Terrain-15+Terrain-16,TabularNgramBC,0,30,30,1,88.0298,88.0298,15.546,298,225498,298
2020,Terrain-05,Terrain-A+Terrain-B+Terrain-C+Terrain-D+Terrain-01+Terrain-02+Terrain-03+Terrain-04+Terrain-06+Terrain-07+Terrain-08+Terrain-09+Terrain-10+Terrain-11+Terrain-12+Terrain-13+Terrain-14+Terrain-15+Terrain-16,EmptyLTM,0,30,30,1,105.1017,105.1017,18.5608,0,0,0
2121,Terrain-05,Terrain-A+Terrain-B+Terrain-C+Terrain-D+Terrain-01+Terrain-02+Terrain-03+Terrain-04+Terrain-06+Terrain-07+Terrain-08+Terrain-09+Terrain-10+Terrain-11+Terrain-12+Terrain-13+Terrain-14+Terrain-15+Terrain-16,SuccessWeighted,0,30,30,1,27.4659,27.4659,4.8504,512,896,512
2121,Terrain-05,Terrain-A+Terrain-B+Terrain-C+Terrain-D+Terrain-01+Terrain-02+Terrain-03+Terrain-04+Terrain-06+Terrain-07+Terrain-08+Terrain-09+Terrain-10+Terrain-11+Terrain-12+Terrain-13+Terrain-14+Terrain-15+Terrain-16,TabularNgramBC,0,30,30,1,91.4736,91.4736,16.1541,286,225456,286
2121,Terrain-05,Terrain-A+Terrain-B+Terrain-C+Terrain-D+Terrain-01+Terrain-02+Terrain-03+Terrain-04+Terrain-06+Terrain-07+Terrain-08+Terrain-09+Terrain-10+Terrain-11+Terrain-12+Terrain-13+Terrain-14+Terrain-15+Terrain-16,EmptyLTM,0,30,30,1,88.6694,88.6694,15.6589,0,0,0
2222,Terrain-05,Terrain-A+Terrain-B+Terrain-C+Terrain-D+Terrain-01+Terrain-02+Terrain-03+Terrain-04+Terrain-06+Terrain-07+Terrain-08+Terrain-09+Terrain-10+Terrain-11+Terrain-12+Terrain-13+Terrain-14+Terrain-15+Terrain-16,SuccessWeighted,0,30,30,1,25.4042,25.4042,4.4864,512,894,512
2222,Terrain-05,Terrain-A+Terrain-B+Terrain-C+Terrain-D+Terrain-01+Terrain-02+Terrain-03+Terrain-04+Terrain-06+Terrain-07+Terrain-08+Terrain-09+Terrain-10+Terrain-11+Terrain-12+Terrain-13+Terrain-14+Terrain-15+Terrain-16,TabularNgramBC,0,30,30,1,91.1617,91.1617,16.099,285,225543,285
2222,Terrain-05,Terrain-A+Terrain-B+Terrain-C+Terrain-D+Terrain-01+Terrain-02+Terrain-03+Terrain-04+Terrain-06+Terrain-07+Terrain-08+Terrain-09+Terrain-10+Terrain-11+Terrain-12+Terrain-13+Terrain-14+Terrain-15+Terrain-16,EmptyLTM,0,30,30,1,104.6514,104.6514,18.4813,0,0,0
2323,Terrain-05,Terrain-A+Terrain-B+Terrain-C+Terrain-D+Terrain-01+Terrain-02+Terrain-03+Terrain-04+Terrain-06+Terrain-07+Terrain-08+Terrain-09+Terrain-10+Terrain-11+Terrain-12+Terrain-13+Terrain-14+Terrain-15+Terrain-16,SuccessWeighted,0,30,30,1,30.5513,30.5513,5.3953,512,895,512
2323,Terrain-05,Terrain-A+Terrain-B+Terrain-C+Terrain-D+Terrain-01+Terrain-02+Terrain-03+Terrain-04+Terrain-06+Terrain-07+Terrain-08+Terrain-09+Terrain-10+Terrain-11+Terrain-12+Terrain-13+Terrain-14+Terrain-15+Terrain-16,TabularNgramBC,0,30,30,1,91.4729,91.4729,16.154,296,225459,296
2323,Terrain-05,Terrain-A+Terrain-B+Terrain-C+Terrain-D+Terrain-01+Terrain-02+Terrain-03+Terrain-04+Terrain-06+Terrain-07+Terrain-08+Terrain-09+Terrain-10+Terrain-11+Terrain-12+Terrain-13+Terrain-14+Terrain-15+Terrain-16,EmptyLTM,0,30,30,1,89.2406,89.2406,15.7598,0,0,0
2424,Terrain-05,Terrain-A+Terrain-B+Terrain-C+Terrain-D+Terrain-01+Terrain-02+Terrain-03+Terrain-04+Terrain-06+Terrain-07+Terrain-08+Terrain-09+Terrain-10+Terrain-11+Terrain-12+Terrain-13+Terrain-14+Terrain-15+Terrain-16,SuccessWeighted,0,30,30,1,25.4819,25.4819,4.5001,512,904,512
2424,Terrain-05,Terrain-A+Terrain-B+Terrain-C+Terrain-D+Terrain-01+Terrain-02+Terrain-03+Terrain-04+Terrain-06+Terrain-07+Terrain-08+Terrain-09+Terrain-10+Terrain-11+Terrain-12+Terrain-13+Terrain-14+Terrain-15+Terrain-16,TabularNgramBC,0,30,30,1,121.3989,121.3989,21.4389,299,225681,299
2424,Terrain-05,Terrain-A+Terrain-B+Terrain-C+Terrain-D+Terrain-01+Terrain-02+Terrain-03+Terrain-04+Terrain-06+Terrain-07+Terrain-08+Terrain-09+Terrain-10+Terrain-11+Terrain-12+Terrain-13+Terrain-14+Terrain-15+Terrain-16,EmptyLTM,0,30,30,1,87.9464,87.9464,15.5312,0,0,0
2525,Terrain-05,Terrain-A+Terrain-B+Terrain-C+Terrain-D+Terrain-01+Terrain-02+Terrain-03+Terrain-04+Terrain-06+Terrain-07+Terrain-08+Terrain-09+Terrain-10+Terrain-11+Terrain-12+Terrain-13+Terrain-14+Terrain-15+Terrain-16,SuccessWeighted,0,30,30,1,25.0689,25.0689,4.4271,512,912,512
2525,Terrain-05,Terrain-A+Terrain-B+Terrain-C+Terrain-D+Terrain-01+Terrain-02+Terrain-03+Terrain-04+Terrain-06+Terrain-07+Terrain-08+Terrain-09+Terrain-10+Terrain-11+Terrain-12+Terrain-13+Terrain-14+Terrain-15+Terrain-16,TabularNgramBC,0,30,30,1,85.3479,85.3479,15.0723,286,225567,286
2525,Terrain-05,Terrain-A+Terrain-B+Terrain-C+Terrain-D+Terrain-01+Terrain-02+Terrain-03+Terrain-04+Terrain-06+Terrain-07+Terrain-08+Terrain-09+Terrain-10+Terrain-11+Terrain-12+Terrain-13+Terrain-14+Terrain-15+Terrain-16,EmptyLTM,0,30,30,1,91.749,91.749,16.2028,0,0,0
101,Terrain-06,Terrain-A+Terrain-B+Terrain-C+Terrain-D+Terrain-01+Terrain-02+Terrain-03+Terrain-04+Terrain-05+Terrain-07+Terrain-08+Terrain-09+Terrain-10+Terrain-11+Terrain-12+Terrain-13+Terrain-14+Terrain-15+Terrain-16,SuccessWeighted,0,30,30,1,33.9477,33.9477,5.5854,512,883,512
101,Terrain-06,Terrain-A+Terrain-B+Terrain-C+Terrain-D+Terrain-01+Terrain-02+Terrain-03+Terrain-04+Terrain-05+Terrain-07+Terrain-08+Terrain-09+Terrain-10+Terrain-11+Terrain-12+Terrain-13+Terrain-14+Terrain-15+Terrain-16,TabularNgramBC,0,30,30,1,78.8146,78.8146,12.9674,298,225243,298
101,Terrain-06,Terrain-A+Terrain-B+Terrain-C+Terrain-D+Terrain-01+Terrain-02+Terrain-03+Terrain-04+Terrain-05+Terrain-07+Terrain-08+Terrain-09+Terrain-10+Terrain-11+Terrain-12+Terrain-13+Terrain-14+Terrain-15+Terrain-16,EmptyLTM,0,30,30,1,101.2747,101.2747,16.6627,0,0,0
202,Terrain-06,Terrain-A+Terrain-B+Terrain-C+Terrain-D+Terrain-01+Terrain-02+Terrain-03+Terrain-04+Terrain-05+Terrain-07+Terrain-08+Terrain-09+Terrain-10+Terrain-11+Terrain-12+Terrain-13+Terrain-14+Terrain-15+Terrain-16,SuccessWeighted,0,30,30,1,22.5292,22.5292,3.7067,512,900,512
202,Terrain-06,Terrain-A+Terrain-B+Terrain-C+Terrain-D+Terrain-01+Terrain-02+Terrain-03+Terrain-04+Terrain-05+Terrain-07+Terrain-08+Terrain-09+Terrain-10+Terrain-11+Terrain-12+Terrain-13+Terrain-14+Terrain-15+Terrain-16,TabularNgramBC,0,30,30,1,92.2318,92.2318,15.1749,298,225639,298
202,Terrain-06,Terrain-A+Terrain-B+Terrain-C+Terrain-D+Terrain-01+Terrain-02+Terrain-03+Terrain-04+Terrain-05+Terrain-07+Terrain-08+Terrain-09+Terrain-10+Terrain-11+Terrain-12+Terrain-13+Terrain-14+Terrain-15+Terrain-16,EmptyLTM,0,30,30,1,105.8326,105.8326,17.4126,0,0,0
303,Terrain-06,Terrain-A+Terrain-B+Terrain-C+Terrain-D+Terrain-01+Terrain-02+Terrain-03+Terrain-04+Terrain-05+Terrain-07+Terrain-08+Terrain-09+Terrain-10+Terrain-11+Terrain-12+Terrain-13+Terrain-14+Terrain-15+Terrain-16,SuccessWeighted,0,30,30,1,30.1753,30.1753,4.9647,512,899,512
303,Terrain-06,Terrain-A+Terrain-B+Terrain-C+Terrain-D+Terrain-01+Terrain-02+Terrain-03+Terrain-04+Terrain-05+Terrain-07+Terrain-08+Terrain-09+Terrain-10+Terrain-11+Terrain-12+Terrain-13+Terrain-14+Terrain-15+Terrain-16,TabularNgramBC,0,30,30,1,79.3154,79.3154,13.0498,293,225471,293
303,Terrain-06,Terrain-A+Terrain-B+Terrain-C+Terrain-D+Terrain-01+Terrain-02+Terrain-03+Terrain-04+Terrain-05+Terrain-07+Terrain-08+Terrain-09+Terrain-10+Terrain-11+Terrain-12+Terrain-13+Terrain-14+Terrain-15+Terrain-16,EmptyLTM,0,30,30,1,99.5127,99.5127,16.3728,0,0,0
404,Terrain-06,Terrain-A+Terrain-B+Terrain-C+Terrain-D+Terrain-01+Terrain-02+Terrain-03+Terrain-04+Terrain-05+Terrain-07+Terrain-08+Terrain-09+Terrain-10+Terrain-11+Terrain-12+Terrain-13+Terrain-14+Terrain-15+Terrain-16,SuccessWeighted,0,30,30,1,28.5018,28.5018,4.6894,512,903,512
404,Terrain-06,Terrain-A+Terrain-B+Terrain-C+Terrain-D+Terrain-01+Terrain-02+Terrain-03+Terrain-04+Terrain-05+Terrain-07+Terrain-08+Terrain-09+Terrain-10+Terrain-11+Terrain-12+Terrain-13+Terrain-14+Terrain-15+Terrain-16,TabularNgramBC,0,30,30,1,70.1852,70.1852,11.5476,297,225066,297
404,Terrain-06,Terrain-A+Terrain-B+Terrain-C+Terrain-D+Terrain-01+Terrain-02+Terrain-03+Terrain-04+Terrain-05+Terrain-07+Terrain-08+Terrain-09+Terrain-10+Terrain-11+Terrain-12+Terrain-13+Terrain-14+Terrain-15+Terrain-16,EmptyLTM,0,30,30,1,107.07,107.07,17.6162,0,0,0
505,Terrain-06,Terrain-A+Terrain-B+Terrain-C+Terrain-D+Terrain-01+Terrain-02+Terrain-03+Terrain-04+Terrain-05+Terrain-07+Terrain-08+Terrain-09+Terrain-10+Terrain-11+Terrain-12+Terrain-13+Terrain-14+Terrain-15+Terrain-16,SuccessWeighted,0,30,30,1,24.474,24.474,4.0267,512,878,512
505,Terrain-06,Terrain-A+Terrain-B+Terrain-C+Terrain-D+Terrain-01+Terrain-02+Terrain-03+Terrain-04+Terrain-05+Terrain-07+Terrain-08+Terrain-09+Terrain-10+Terrain-11+Terrain-12+Terrain-13+Terrain-14+Terrain-15+Terrain-16,TabularNgramBC,0,30,30,1,89.7412,89.7412,14.7651,293,225279,293
505,Terrain-06,Terrain-A+Terrain-B+Terrain-C+Terrain-D+Terrain-01+Terrain-02+Terrain-03+Terrain-04+Terrain-05+Terrain-07+Terrain-08+Terrain-09+Terrain-10+Terrain-11+Terrain-12+Terrain-13+Terrain-14+Terrain-15+Terrain-16,EmptyLTM,0,30,30,1,124.6289,124.6289,20.5052,0,0,0
606,Terrain-06,Terrain-A+Terrain-B+Terrain-C+Terrain-D+Terrain-01+Terrain-02+Terrain-03+Terrain-04+Terrain-05+Terrain-07+Terrain-08+Terrain-09+Terrain-10+Terrain-11+Terrain-12+Terrain-13+Terrain-14+Terrain-15+Terrain-16,SuccessWeighted,0,30,30,1,24.434,24.434,4.0201,512,886,512
606,Terrain-06,Terrain-A+Terrain-B+Terrain-C+Terrain-D+Terrain-01+Terrain-02+Terrain-03+Terrain-04+Terrain-05+Terrain-07+Terrain-08+Terrain-09+Terrain-10+Terrain-11+Terrain-12+Terrain-13+Terrain-14+Terrain-15+Terrain-16,TabularNgramBC,0,30,30,1,83.8789,83.8789,13.8006,298,225318,298
606,Terrain-06,Terrain-A+Terrain-B+Terrain-C+Terrain-D+Terrain-01+Terrain-02+Terrain-03+Terrain-04+Terrain-05+Terrain-07+Terrain-08+Terrain-09+Terrain-10+Terrain-11+Terrain-12+Terrain-13+Terrain-14+Terrain-15+Terrain-16,EmptyLTM,0,30,30,1,76.5429,76.5429,12.5936,0,0,0
707,Terrain-06,Terrain-A+Terrain-B+Terrain-C+Terrain-D+Terrain-01+Terrain-02+Terrain-03+Terrain-04+Terrain-05+Terrain-07+Terrain-08+Terrain-09+Terrain-10+Terrain-11+Terrain-12+Terrain-13+Terrain-14+Terrain-15+Terrain-16,SuccessWeighted,0,30,30,1,28.5196,28.5196,4.6923,512,876,512
707,Terrain-06,Terrain-A+Terrain-B+Terrain-C+Terrain-D+Terrain-01+Terrain-02+Terrain-03+Terrain-04+Terrain-05+Terrain-07+Terrain-08+Terrain-09+Terrain-10+Terrain-11+Terrain-12+Terrain-13+Terrain-14+Terrain-15+Terrain-16,TabularNgramBC,0,30,30,1,85.6179,85.6179,14.0867,291,225408,291
707,Terrain-06,Terrain-A+Terrain-B+Terrain-C+Terrain-D+Terrain-01+Terrain-02+Terrain-03+Terrain-04+Terrain-05+Terrain-07+Terrain-08+Terrain-09+Terrain-10+Terrain-11+Terrain-12+Terrain-13+Terrain-14+Terrain-15+Terrain-16,EmptyLTM,0,30,30,1,97.9947,97.9947,16.1231,0,0,0
808,Terrain-06,Terrain-A+Terrain-B+Terrain-C+Terrain-D+Terrain-01+Terrain-02+Terrain-03+Terrain-04+Terrain-05+Terrain-07+Terrain-08+Terrain-09+Terrain-10+Terrain-11+Terrain-12+Terrain-13+Terrain-14+Terrain-15+Terrain-16,SuccessWeighted,0,30,30,1,30.3959,30.3959,5.001,512,879,512
808,Terrain-06,Terrain-A+Terrain-B+Terrain-C+Terrain-D+Terrain-01+Terrain-02+Terrain-03+Terrain-04+Terrain-05+Terrain-07+Terrain-08+Terrain-09+Terrain-10+Terrain-11+Terrain-12+Terrain-13+Terrain-14+Terrain-15+Terrain-16,TabularNgramBC,0,30,30,1,83.5646,83.5646,13.7489,295,225375,295
808,Terrain-06,Terrain-A+Terrain-B+Terrain-C+Terrain-D+Terrain-01+Terrain-02+Terrain-03+Terrain-04+Terrain-05+Terrain-07+Terrain-08+Terrain-09+Terrain-10+Terrain-11+Terrain-12+Terrain-13+Terrain-14+Terrain-15+Terrain-16,EmptyLTM,0,30,30,1,103.6462,103.6462,17.0529,0,0,0
909,Terrain-06,Terrain-A+Terrain-B+Terrain-C+Terrain-D+Terrain-01+Terrain-02+Terrain-03+Terrain-04+Terrain-05+Terrain-07+Terrain-08+Terrain-09+Terrain-10+Terrain-11+Terrain-12+Terrain-13+Terrain-14+Terrain-15+Terrain-16,SuccessWeighted,0,30,30,1,20.4782,20.4782,3.3693,512,880,512
909,Terrain-06,Terrain-A+Terrain-B+Terrain-C+Terrain-D+Terrain-01+Terrain-02+Terrain-03+Terrain-04+Terrain-05+Terrain-07+Terrain-08+Terrain-09+Terrain-10+Terrain-11+Terrain-12+Terrain-13+Terrain-14+Terrain-15+Terrain-16,TabularNgramBC,0,30,30,1,89.4708,89.4708,14.7206,299,225066,299
909,Terrain-06,Terrain-A+Terrain-B+Terrain-C+Terrain-D+Terrain-01+Terrain-02+Terrain-03+Terrain-04+Terrain-05+Terrain-07+Terrain-08+Terrain-09+Terrain-10+Terrain-11+Terrain-12+Terrain-13+Terrain-14+Terrain-15+Terrain-16,EmptyLTM,0,30,30,1,101.2761,101.2761,16.663,0,0,0
1010,Terrain-06,Terrain-A+Terrain-B+Terrain-C+Terrain-D+Terrain-01+Terrain-02+Terrain-03+Terrain-04+Terrain-05+Terrain-07+Terrain-08+Terrain-09+Terrain-10+Terrain-11+Terrain-12+Terrain-13+Terrain-14+Terrain-15+Terrain-16,SuccessWeighted,0,30,30,1,39.7189,39.7189,6.5349,512,910,512
1010,Terrain-06,Terrain-A+Terrain-B+Terrain-C+Terrain-D+Terrain-01+Terrain-02+Terrain-03+Terrain-04+Terrain-05+Terrain-07+Terrain-08+Terrain-09+Terrain-10+Terrain-11+Terrain-12+Terrain-13+Terrain-14+Terrain-15+Terrain-16,TabularNgramBC,0,30,30,1,102.5882,102.5882,16.8788,293,225537,293
1010,Terrain-06,Terrain-A+Terrain-B+Terrain-C+Terrain-D+Terrain-01+Terrain-02+Terrain-03+Terrain-04+Terrain-05+Terrain-07+Terrain-08+Terrain-09+Terrain-10+Terrain-11+Terrain-12+Terrain-13+Terrain-14+Terrain-15+Terrain-16,EmptyLTM,0,30,30,1,114.6422,114.6422,18.8621,0,0,0
1111,Terrain-06,Terrain-A+Terrain-B+Terrain-C+Terrain-D+Terrain-01+Terrain-02+Terrain-03+Terrain-04+Terrain-05+Terrain-07+Terrain-08+Terrain-09+Terrain-10+Terrain-11+Terrain-12+Terrain-13+Terrain-14+Terrain-15+Terrain-16,SuccessWeighted,0,30,30,1,24.6996,24.6996,4.0638,512,900,512
1111,Terrain-06,Terrain-A+Terrain-B+Terrain-C+Terrain-D+Terrain-01+Terrain-02+Terrain-03+Terrain-04+Terrain-05+Terrain-07+Terrain-08+Terrain-09+Terrain-10+Terrain-11+Terrain-12+Terrain-13+Terrain-14+Terrain-15+Terrain-16,TabularNgramBC,0,30,30,1,66.4195,66.4195,10.928,298,225537,298
1111,Terrain-06,Terrain-A+Terrain-B+Terrain-C+Terrain-D+Terrain-01+Terrain-02+Terrain-03+Terrain-04+Terrain-05+Terrain-07+Terrain-08+Terrain-09+Terrain-10+Terrain-11+Terrain-12+Terrain-13+Terrain-14+Terrain-15+Terrain-16,EmptyLTM,0,30,30,1,105.3491,105.3491,17.3331,0,0,0
1212,Terrain-06,Terrain-A+Terrain-B+Terrain-C+Terrain-D+Terrain-01+Terrain-02+Terrain-03+Terrain-04+Terrain-05+Terrain-07+Terrain-08+Terrain-09+Terrain-10+Terrain-11+Terrain-12+Terrain-13+Terrain-14+Terrain-15+Terrain-16,SuccessWeighted,0,30,30,1,26.7344,26.7344,4.3986,512,892,512
1212,Terrain-06,Terrain-A+Terrain-B+Terrain-C+Terrain-D+Terrain-01+Terrain-02+Terrain-03+Terrain-04+Terrain-05+Terrain-07+Terrain-08+Terrain-09+Terrain-10+Terrain-11+Terrain-12+Terrain-13+Terrain-14+Terrain-15+Terrain-16,TabularNgramBC,0,30,30,1,94.6549,94.6549,15.5736,299,225552,299
1212,Terrain-06,Terrain-A+Terrain-B+Terrain-C+Terrain-D+Terrain-01+Terrain-02+Terrain-03+Terrain-04+Terrain-05+Terrain-07+Terrain-08+Terrain-09+Terrain-10+Terrain-11+Terrain-12+Terrain-13+Terrain-14+Terrain-15+Terrain-16,EmptyLTM,0,30,30,1,98.0927,98.0927,16.1392,0,0,0
1313,Terrain-06,Terrain-A+Terrain-B+Terrain-C+Terrain-D+Terrain-01+Terrain-02+Terrain-03+Terrain-04+Terrain-05+Terrain-07+Terrain-08+Terrain-09+Terrain-10+Terrain-11+Terrain-12+Terrain-13+Terrain-14+Terrain-15+Terrain-16,SuccessWeighted,0,30,30,1,22.5571,22.5571,3.7113,512,916,512
1313,Terrain-06,Terrain-A+Terrain-B+Terrain-C+Terrain-D+Terrain-01+Terrain-02+Terrain-03+Terrain-04+Terrain-05+Terrain-07+Terrain-08+Terrain-09+Terrain-10+Terrain-11+Terrain-12+Terrain-13+Terrain-14+Terrain-15+Terrain-16,TabularNgramBC,0,30,30,1,130.543,130.543,21.4782,294,225513,294
1313,Terrain-06,Terrain-A+Terrain-B+Terrain-C+Terrain-D+Terrain-01+Terrain-02+Terrain-03+Terrain-04+Terrain-05+Terrain-07+Terrain-08+Terrain-09+Terrain-10+Terrain-11+Terrain-12+Terrain-13+Terrain-14+Terrain-15+Terrain-16,EmptyLTM,0,30,30,1,85.0619,85.0619,13.9952,0,0,0
1414,Terrain-06,Terrain-A+Terrain-B+Terrain-C+Terrain-D+Terrain-01+Terrain-02+Terrain-03+Terrain-04+Terrain-05+Terrain-07+Terrain-08+Terrain-09+Terrain-10+Terrain-11+Terrain-12+Terrain-13+Terrain-14+Terrain-15+Terrain-16,SuccessWeighted,0,30,30,1,39.9219,39.9219,6.5683,512,887,512
1414,Terrain-06,Terrain-A+Terrain-B+Terrain-C+Terrain-D+Terrain-01+Terrain-02+Terrain-03+Terrain-04+Terrain-05+Terrain-07+Terrain-08+Terrain-09+Terrain-10+Terrain-11+Terrain-12+Terrain-13+Terrain-14+Terrain-15+Terrain-16,TabularNgramBC,0,30,30,1,105.0849,105.0849,17.2896,297,225369,297
1414,Terrain-06,Terrain-A+Terrain-B+Terrain-C+Terrain-D+Terrain-01+Terrain-02+Terrain-03+Terrain-04+Terrain-05+Terrain-07+Terrain-08+Terrain-09+Terrain-10+Terrain-11+Terrain-12+Terrain-13+Terrain-14+Terrain-15+Terrain-16,EmptyLTM,0,30,30,1,92.9198,92.9198,15.2881,0,0,0
1515,Terrain-06,Terrain-A+Terrain-B+Terrain-C+Terrain-D+Terrain-01+Terrain-02+Terrain-03+Terrain-04+Terrain-05+Terrain-07+Terrain-08+Terrain-09+Terrain-10+Terrain-11+Terrain-12+Terrain-13+Terrain-14+Terrain-15+Terrain-16,SuccessWeighted,0,30,30,1,42.3253,42.3253,6.9638,512,880,512
1515,Terrain-06,Terrain-A+Terrain-B+Terrain-C+Terrain-D+Terrain-01+Terrain-02+Terrain-03+Terrain-04+Terrain-05+Terrain-07+Terrain-08+Terrain-09+Terrain-10+Terrain-11+Terrain-12+Terrain-13+Terrain-14+Terrain-15+Terrain-16,TabularNgramBC,0,30,30,1,87.4946,87.4946,14.3955,294,225456,294
1515,Terrain-06,Terrain-A+Terrain-B+Terrain-C+Terrain-D+Terrain-01+Terrain-02+Terrain-03+Terrain-04+Terrain-05+Terrain-07+Terrain-08+Terrain-09+Terrain-10+Terrain-11+Terrain-12+Terrain-13+Terrain-14+Terrain-15+Terrain-16,EmptyLTM,0,30,30,1,102.157,102.157,16.8079,0,0,0
1616,Terrain-06,Terrain-A+Terrain-B+Terrain-C+Terrain-D+Terrain-01+Terrain-02+Terrain-03+Terrain-04+Terrain-05+Terrain-07+Terrain-08+Terrain-09+Terrain-10+Terrain-11+Terrain-12+Terrain-13+Terrain-14+Terrain-15+Terrain-16,SuccessWeighted,0,30,30,1,26.4926,26.4926,4.3588,512,912,512
1616,Terrain-06,Terrain-A+Terrain-B+Terrain-C+Terrain-D+Terrain-01+Terrain-02+Terrain-03+Terrain-04+Terrain-05+Terrain-07+Terrain-08+Terrain-09+Terrain-10+Terrain-11+Terrain-12+Terrain-13+Terrain-14+Terrain-15+Terrain-16,TabularNgramBC,0,30,30,1,93.5458,93.5458,15.3911,294,225441,294
1616,Terrain-06,Terrain-A+Terrain-B+Terrain-C+Terrain-D+Terrain-01+Terrain-02+Terrain-03+Terrain-04+Terrain-05+Terrain-07+Terrain-08+Terrain-09+Terrain-10+Terrain-11+Terrain-12+Terrain-13+Terrain-14+Terrain-15+Terrain-16,EmptyLTM,0,30,30,1,79.3787,79.3787,13.0602,0,0,0
1717,Terrain-06,Terrain-A+Terrain-B+Terrain-C+Terrain-D+Terrain-01+Terrain-02+Terrain-03+Terrain-04+Terrain-05+Terrain-07+Terrain-08+Terrain-09+Terrain-10+Terrain-11+Terrain-12+Terrain-13+Terrain-14+Terrain-15+Terrain-16,SuccessWeighted,0,30,30,1,25.3679,25.3679,4.1738,512,886,512
1717,Terrain-06,Terrain-A+Terrain-B+Terrain-C+Terrain-D+Terrain-01+Terrain-02+Terrain-03+Terrain-04+Terrain-05+Terrain-07+Terrain-08+Terrain-09+Terrain-10+Terrain-11+Terrain-12+Terrain-13+Terrain-14+Terrain-15+Terrain-16,TabularNgramBC,0,30,30,1,73.9022,73.9022,12.1591,294,225414,294
1717,Terrain-06,Terrain-A+Terrain-B+Terrain-C+Terrain-D+Terrain-01+Terrain-02+Terrain-03+Terrain-04+Terrain-05+Terrain-07+Terrain-08+Terrain-09+Terrain-10+Terrain-11+Terrain-12+Terrain-13+Terrain-14+Terrain-15+Terrain-16,EmptyLTM,0,30,30,1,109.655,109.655,18.0415,0,0,0
1818,Terrain-06,Terrain-A+Terrain-B+Terrain-C+Terrain-D+Terrain-01+Terrain-02+Terrain-03+Terrain-04+Terrain-05+Terrain-07+Terrain-08+Terrain-09+Terrain-10+Terrain-11+Terrain-12+Terrain-13+Terrain-14+Terrain-15+Terrain-16,SuccessWeighted,0,30,30,1,25.9131,25.9131,4.2635,512,889,512
1818,Terrain-06,Terrain-A+Terrain-B+Terrain-C+Terrain-D+Terrain-01+Terrain-02+Terrain-03+Terrain-04+Terrain-05+Terrain-07+Terrain-08+Terrain-09+Terrain-10+Terrain-11+Terrain-12+Terrain-13+Terrain-14+Terrain-15+Terrain-16,TabularNgramBC,0,30,30,1,89.5499,89.5499,14.7336,290,225237,290
1818,Terrain-06,Terrain-A+Terrain-B+Terrain-C+Terrain-D+Terrain-01+Terrain-02+Terrain-03+Terrain-04+Terrain-05+Terrain-07+Terrain-08+Terrain-09+Terrain-10+Terrain-11+Terrain-12+Terrain-13+Terrain-14+Terrain-15+Terrain-16,EmptyLTM,0,30,30,1,106.6655,106.6655,17.5497,0,0,0
1919,Terrain-06,Terrain-A+Terrain-B+Terrain-C+Terrain-D+Terrain-01+Terrain-02+Terrain-03+Terrain-04+Terrain-05+Terrain-07+Terrain-08+Terrain-09+Terrain-10+Terrain-11+Terrain-12+Terrain-13+Terrain-14+Terrain-15+Terrain-16,SuccessWeighted,0,30,30,1,26.1256,26.1256,4.2984,512,898,512
1919,Terrain-06,Terrain-A+Terrain-B+Terrain-C+Terrain-D+Terrain-01+Terrain-02+Terrain-03+Terrain-04+Terrain-05+Terrain-07+Terrain-08+Terrain-09+Terrain-10+Terrain-11+Terrain-12+Terrain-13+Terrain-14+Terrain-15+Terrain-16,TabularNgramBC,0,30,30,1,92.0688,92.0688,15.1481,298,225393,298
1919,Terrain-06,Terrain-A+Terrain-B+Terrain-C+Terrain-D+Terrain-01+Terrain-02+Terrain-03+Terrain-04+Terrain-05+Terrain-07+Terrain-08+Terrain-09+Terrain-10+Terrain-11+Terrain-12+Terrain-13+Terrain-14+Terrain-15+Terrain-16,EmptyLTM,0,30,30,1,76.8758,76.8758,12.6484,0,0,0
2020,Terrain-06,Terrain-A+Terrain-B+Terrain-C+Terrain-D+Terrain-01+Terrain-02+Terrain-03+Terrain-04+Terrain-05+Terrain-07+Terrain-08+Terrain-09+Terrain-10+Terrain-11+Terrain-12+Terrain-13+Terrain-14+Terrain-15+Terrain-16,SuccessWeighted,0,30,30,1,25.3409,25.3409,4.1693,512,896,512
2020,Terrain-06,Terrain-A+Terrain-B+Terrain-C+Terrain-D+Terrain-01+Terrain-02+Terrain-03+Terrain-04+Terrain-05+Terrain-07+Terrain-08+Terrain-09+Terrain-10+Terrain-11+Terrain-12+Terrain-13+Terrain-14+Terrain-15+Terrain-16,TabularNgramBC,0,30,30,1,80.4404,80.4404,13.2348,295,225321,295
2020,Terrain-06,Terrain-A+Terrain-B+Terrain-C+Terrain-D+Terrain-01+Terrain-02+Terrain-03+Terrain-04+Terrain-05+Terrain-07+Terrain-08+Terrain-09+Terrain-10+Terrain-11+Terrain-12+Terrain-13+Terrain-14+Terrain-15+Terrain-16,EmptyLTM,0,30,30,1,101.8654,101.8654,16.7599,0,0,0
2121,Terrain-06,Terrain-A+Terrain-B+Terrain-C+Terrain-D+Terrain-01+Terrain-02+Terrain-03+Terrain-04+Terrain-05+Terrain-07+Terrain-08+Terrain-09+Terrain-10+Terrain-11+Terrain-12+Terrain-13+Terrain-14+Terrain-15+Terrain-16,SuccessWeighted,0,30,30,1,30.0423,30.0423,4.9428,512,898,512
2121,Terrain-06,Terrain-A+Terrain-B+Terrain-C+Terrain-D+Terrain-01+Terrain-02+Terrain-03+Terrain-04+Terrain-05+Terrain-07+Terrain-08+Terrain-09+Terrain-10+Terrain-11+Terrain-12+Terrain-13+Terrain-14+Terrain-15+Terrain-16,TabularNgramBC,0,30,30,1,94.9885,94.9885,15.6284,294,225393,294
2121,Terrain-06,Terrain-A+Terrain-B+Terrain-C+Terrain-D+Terrain-01+Terrain-02+Terrain-03+Terrain-04+Terrain-05+Terrain-07+Terrain-08+Terrain-09+Terrain-10+Terrain-11+Terrain-12+Terrain-13+Terrain-14+Terrain-15+Terrain-16,EmptyLTM,0,30,30,1,104.5011,104.5011,17.1936,0,0,0
2222,Terrain-06,Terrain-A+Terrain-B+Terrain-C+Terrain-D+Terrain-01+Terrain-02+Terrain-03+Terrain-04+Terrain-05+Terrain-07+Terrain-08+Terrain-09+Terrain-10+Terrain-11+Terrain-12+Terrain-13+Terrain-14+Terrain-15+Terrain-16,SuccessWeighted,0,30,30,1,22.3061,22.3061,3.67,512,890,512
2222,Terrain-06,Terrain-A+Terrain-B+Terrain-C+Terrain-D+Terrain-01+Terrain-02+Terrain-03+Terrain-04+Terrain-05+Terrain-07+Terrain-08+Terrain-09+Terrain-10+Terrain-11+Terrain-12+Terrain-13+Terrain-14+Terrain-15+Terrain-16,TabularNgramBC,0,30,30,1,84.4078,84.4078,13.8876,293,225534,293
2222,Terrain-06,Terrain-A+Terrain-B+Terrain-C+Terrain-D+Terrain-01+Terrain-02+Terrain-03+Terrain-04+Terrain-05+Terrain-07+Terrain-08+Terrain-09+Terrain-10+Terrain-11+Terrain-12+Terrain-13+Terrain-14+Terrain-15+Terrain-16,EmptyLTM,0,30,30,1,82.0844,82.0844,13.5053,0,0,0
2323,Terrain-06,Terrain-A+Terrain-B+Terrain-C+Terrain-D+Terrain-01+Terrain-02+Terrain-03+Terrain-04+Terrain-05+Terrain-07+Terrain-08+Terrain-09+Terrain-10+Terrain-11+Terrain-12+Terrain-13+Terrain-14+Terrain-15+Terrain-16,SuccessWeighted,0,30,30,1,21.8297,21.8297,3.5916,512,895,512
2323,Terrain-06,Terrain-A+Terrain-B+Terrain-C+Terrain-D+Terrain-01+Terrain-02+Terrain-03+Terrain-04+Terrain-05+Terrain-07+Terrain-08+Terrain-09+Terrain-10+Terrain-11+Terrain-12+Terrain-13+Terrain-14+Terrain-15+Terrain-16,TabularNgramBC,0,30,30,1,80.5522,80.5522,13.2532,297,225450,297
2323,Terrain-06,Terrain-A+Terrain-B+Terrain-C+Terrain-D+Terrain-01+Terrain-02+Terrain-03+Terrain-04+Terrain-05+Terrain-07+Terrain-08+Terrain-09+Terrain-10+Terrain-11+Terrain-12+Terrain-13+Terrain-14+Terrain-15+Terrain-16,EmptyLTM,0,30,30,1,93.1122,93.1122,15.3197,0,0,0
2424,Terrain-06,Terrain-A+Terrain-B+Terrain-C+Terrain-D+Terrain-01+Terrain-02+Terrain-03+Terrain-04+Terrain-05+Terrain-07+Terrain-08+Terrain-09+Terrain-10+Terrain-11+Terrain-12+Terrain-13+Terrain-14+Terrain-15+Terrain-16,SuccessWeighted,0,30,30,1,23.9725,23.9725,3.9442,512,909,512
2424,Terrain-06,Terrain-A+Terrain-B+Terrain-C+Terrain-D+Terrain-01+Terrain-02+Terrain-03+Terrain-04+Terrain-05+Terrain-07+Terrain-08+Terrain-09+Terrain-10+Terrain-11+Terrain-12+Terrain-13+Terrain-14+Terrain-15+Terrain-16,TabularNgramBC,0,30,30,1,79.7058,79.7058,13.114,299,225540,299
2424,Terrain-06,Terrain-A+Terrain-B+Terrain-C+Terrain-D+Terrain-01+Terrain-02+Terrain-03+Terrain-04+Terrain-05+Terrain-07+Terrain-08+Terrain-09+Terrain-10+Terrain-11+Terrain-12+Terrain-13+Terrain-14+Terrain-15+Terrain-16,EmptyLTM,0,30,30,1,78.5478,78.5478,12.9235,0,0,0
2525,Terrain-06,Terrain-A+Terrain-B+Terrain-C+Terrain-D+Terrain-01+Terrain-02+Terrain-03+Terrain-04+Terrain-05+Terrain-07+Terrain-08+Terrain-09+Terrain-10+Terrain-11+Terrain-12+Terrain-13+Terrain-14+Terrain-15+Terrain-16,SuccessWeighted,0,30,30,1,26.2748,26.2748,4.323,512,905,512
2525,Terrain-06,Terrain-A+Terrain-B+Terrain-C+Terrain-D+Terrain-01+Terrain-02+Terrain-03+Terrain-04+Terrain-05+Terrain-07+Terrain-08+Terrain-09+Terrain-10+Terrain-11+Terrain-12+Terrain-13+Terrain-14+Terrain-15+Terrain-16,TabularNgramBC,0,30,30,1,98.6808,98.6808,16.2359,290,225558,290
2525,Terrain-06,Terrain-A+Terrain-B+Terrain-C+Terrain-D+Terrain-01+Terrain-02+Terrain-03+Terrain-04+Terrain-05+Terrain-07+Terrain-08+Terrain-09+Terrain-10+Terrain-11+Terrain-12+Terrain-13+Terrain-14+Terrain-15+Terrain-16,EmptyLTM,0,30,30,1,103.4737,103.4737,17.0245,0,0,0
101,Terrain-07,Terrain-A+Terrain-B+Terrain-C+Terrain-D+Terrain-01+Terrain-02+Terrain-03+Terrain-04+Terrain-05+Terrain-06+Terrain-08+Terrain-09+Terrain-10+Terrain-11+Terrain-12+Terrain-13+Terrain-14+Terrain-15+Terrain-16,SuccessWeighted,0,30,30,1,28.8962,28.8962,4.8541,512,898,512
101,Terrain-07,Terrain-A+Terrain-B+Terrain-C+Terrain-D+Terrain-01+Terrain-02+Terrain-03+Terrain-04+Terrain-05+Terrain-06+Terrain-08+Terrain-09+Terrain-10+Terrain-11+Terrain-12+Terrain-13+Terrain-14+Terrain-15+Terrain-16,TabularNgramBC,0,30,30,1,74.6063,74.6063,12.5326,296,225255,296
101,Terrain-07,Terrain-A+Terrain-B+Terrain-C+Terrain-D+Terrain-01+Terrain-02+Terrain-03+Terrain-04+Terrain-05+Terrain-06+Terrain-08+Terrain-09+Terrain-10+Terrain-11+Terrain-12+Terrain-13+Terrain-14+Terrain-15+Terrain-16,EmptyLTM,0,30,30,1,149.3883,149.3883,25.0948,0,0,0
202,Terrain-07,Terrain-A+Terrain-B+Terrain-C+Terrain-D+Terrain-01+Terrain-02+Terrain-03+Terrain-04+Terrain-05+Terrain-06+Terrain-08+Terrain-09+Terrain-10+Terrain-11+Terrain-12+Terrain-13+Terrain-14+Terrain-15+Terrain-16,SuccessWeighted,0,30,30,1,25.1355,25.1355,4.2224,512,909,512
202,Terrain-07,Terrain-A+Terrain-B+Terrain-C+Terrain-D+Terrain-01+Terrain-02+Terrain-03+Terrain-04+Terrain-05+Terrain-06+Terrain-08+Terrain-09+Terrain-10+Terrain-11+Terrain-12+Terrain-13+Terrain-14+Terrain-15+Terrain-16,TabularNgramBC,0,30,30,1,96.7397,96.7397,16.2507,299,225597,299
202,Terrain-07,Terrain-A+Terrain-B+Terrain-C+Terrain-D+Terrain-01+Terrain-02+Terrain-03+Terrain-04+Terrain-05+Terrain-06+Terrain-08+Terrain-09+Terrain-10+Terrain-11+Terrain-12+Terrain-13+Terrain-14+Terrain-15+Terrain-16,EmptyLTM,0,30,30,1,121.0629,121.0629,20.3366,0,0,0
303,Terrain-07,Terrain-A+Terrain-B+Terrain-C+Terrain-D+Terrain-01+Terrain-02+Terrain-03+Terrain-04+Terrain-05+Terrain-06+Terrain-08+Terrain-09+Terrain-10+Terrain-11+Terrain-12+Terrain-13+Terrain-14+Terrain-15+Terrain-16,SuccessWeighted,0,30,30,1,31.4288,31.4288,5.2795,512,915,512
303,Terrain-07,Terrain-A+Terrain-B+Terrain-C+Terrain-D+Terrain-01+Terrain-02+Terrain-03+Terrain-04+Terrain-05+Terrain-06+Terrain-08+Terrain-09+Terrain-10+Terrain-11+Terrain-12+Terrain-13+Terrain-14+Terrain-15+Terrain-16,TabularNgramBC,0,30,30,1,80.6917,80.6917,13.5549,294,225483,294
303,Terrain-07,Terrain-A+Terrain-B+Terrain-C+Terrain-D+Terrain-01+Terrain-02+Terrain-03+Terrain-04+Terrain-05+Terrain-06+Terrain-08+Terrain-09+Terrain-10+Terrain-11+Terrain-12+Terrain-13+Terrain-14+Terrain-15+Terrain-16,EmptyLTM,0,30,30,1,138.8205,138.8205,23.3196,0,0,0
404,Terrain-07,Terrain-A+Terrain-B+Terrain-C+Terrain-D+Terrain-01+Terrain-02+Terrain-03+Terrain-04+Terrain-05+Terrain-06+Terrain-08+Terrain-09+Terrain-10+Terrain-11+Terrain-12+Terrain-13+Terrain-14+Terrain-15+Terrain-16,SuccessWeighted,0,30,30,1,24.8201,24.8201,4.1694,512,915,512
404,Terrain-07,Terrain-A+Terrain-B+Terrain-C+Terrain-D+Terrain-01+Terrain-02+Terrain-03+Terrain-04+Terrain-05+Terrain-06+Terrain-08+Terrain-09+Terrain-10+Terrain-11+Terrain-12+Terrain-13+Terrain-14+Terrain-15+Terrain-16,TabularNgramBC,0,30,30,1,84.584,84.584,14.2087,297,225078,297
404,Terrain-07,Terrain-A+Terrain-B+Terrain-C+Terrain-D+Terrain-01+Terrain-02+Terrain-03+Terrain-04+Terrain-05+Terrain-06+Terrain-08+Terrain-09+Terrain-10+Terrain-11+Terrain-12+Terrain-13+Terrain-14+Terrain-15+Terrain-16,EmptyLTM,0,30,30,1,174.572,174.572,29.3252,0,0,0
505,Terrain-07,Terrain-A+Terrain-B+Terrain-C+Terrain-D+Terrain-01+Terrain-02+Terrain-03+Terrain-04+Terrain-05+Terrain-06+Terrain-08+Terrain-09+Terrain-10+Terrain-11+Terrain-12+Terrain-13+Terrain-14+Terrain-15+Terrain-16,SuccessWeighted,0,30,30,1,24.2576,24.2576,4.0749,512,894,512
505,Terrain-07,Terrain-A+Terrain-B+Terrain-C+Terrain-D+Terrain-01+Terrain-02+Terrain-03+Terrain-04+Terrain-05+Terrain-06+Terrain-08+Terrain-09+Terrain-10+Terrain-11+Terrain-12+Terrain-13+Terrain-14+Terrain-15+Terrain-16,TabularNgramBC,0,30,30,1,74.612,74.612,12.5336,294,225237,294
505,Terrain-07,Terrain-A+Terrain-B+Terrain-C+Terrain-D+Terrain-01+Terrain-02+Terrain-03+Terrain-04+Terrain-05+Terrain-06+Terrain-08+Terrain-09+Terrain-10+Terrain-11+Terrain-12+Terrain-13+Terrain-14+Terrain-15+Terrain-16,EmptyLTM,0,30,30,1,190.9205,190.9205,32.0715,0,0,0
606,Terrain-07,Terrain-A+Terrain-B+Terrain-C+Terrain-D+Terrain-01+Terrain-02+Terrain-03+Terrain-04+Terrain-05+Terrain-06+Terrain-08+Terrain-09+Terrain-10+Terrain-11+Terrain-12+Terrain-13+Terrain-14+Terrain-15+Terrain-16,SuccessWeighted,0,30,30,1,28.1339,28.1339,4.726,512,903,512
606,Terrain-07,Terrain-A+Terrain-B+Terrain-C+Terrain-D+Terrain-01+Terrain-02+Terrain-03+Terrain-04+Terrain-05+Terrain-06+Terrain-08+Terrain-09+Terrain-10+Terrain-11+Terrain-12+Terrain-13+Terrain-14+Terrain-15+Terrain-16,TabularNgramBC,0,30,30,1,98.3152,98.3152,16.5153,298,225273,298
606,Terrain-07,Terrain-A+Terrain-B+Terrain-C+Terrain-D+Terrain-01+Terrain-02+Terrain-03+Terrain-04+Terrain-05+Terrain-06+Terrain-08+Terrain-09+Terrain-10+Terrain-11+Terrain-12+Terrain-13+Terrain-14+Terrain-15+Terrain-16,EmptyLTM,0,30,30,1,150.7696,150.7696,25.3268,0,0,0
707,Terrain-07,Terrain-A+Terrain-B+Terrain-C+Terrain-D+Terrain-01+Terrain-02+Terrain-03+Terrain-04+Terrain-05+Terrain-06+Terrain-08+Terrain-09+Terrain-10+Terrain-11+Terrain-12+Terrain-13+Terrain-14+Terrain-15+Terrain-16,SuccessWeighted,0,30,30,1,26.1628,26.1628,4.3949,512,887,512
707,Terrain-07,Terrain-A+Terrain-B+Terrain-C+Terrain-D+Terrain-01+Terrain-02+Terrain-03+Terrain-04+Terrain-05+Terrain-06+Terrain-08+Terrain-09+Terrain-10+Terrain-11+Terrain-12+Terrain-13+Terrain-14+Terrain-15+Terrain-16,TabularNgramBC,0,30,30,1,72.9512,72.9512,12.2546,288,225420,288
707,Terrain-07,Terrain-A+Terrain-B+Terrain-C+Terrain-D+Terrain-01+Terrain-02+Terrain-03+Terrain-04+Terrain-05+Terrain-06+Terrain-08+Terrain-09+Terrain-10+Terrain-11+Terrain-12+Terrain-13+Terrain-14+Terrain-15+Terrain-16,EmptyLTM,0,30,30,1,134.1111,134.1111,22.5285,0,0,0
808,Terrain-07,Terrain-A+Terrain-B+Terrain-C+Terrain-D+Terrain-01+Terrain-02+Terrain-03+Terrain-04+Terrain-05+Terrain-06+Terrain-08+Terrain-09+Terrain-10+Terrain-11+Terrain-12+Terrain-13+Terrain-14+Terrain-15+Terrain-16,SuccessWeighted,0,30,30,1,23.8344,23.8344,4.0038,512,896,512
808,Terrain-07,Terrain-A+Terrain-B+Terrain-C+Terrain-D+Terrain-01+Terrain-02+Terrain-03+Terrain-04+Terrain-05+Terrain-06+Terrain-08+Terrain-09+Terrain-10+Terrain-11+Terrain-12+Terrain-13+Terrain-14+Terrain-15+Terrain-16,TabularNgramBC,0,30,30,1,109.2101,109.2101,18.3455,301,225387,301
808,Terrain-07,Terrain-A+Terrain-B+Terrain-C+Terrain-D+Terrain-01+Terrain-02+Terrain-03+Terrain-04+Terrain-05+Terrain-06+Terrain-08+Terrain-09+Terrain-10+Terrain-11+Terrain-12+Terrain-13+Terrain-14+Terrain-15+Terrain-16,EmptyLTM,0,30,30,1,133.0113,133.0113,22.3437,0,0,0
909,Terrain-07,Terrain-A+Terrain-B+Terrain-C+Terrain-D+Terrain-01+Terrain-02+Terrain-03+Terrain-04+Terrain-05+Terrain-06+Terrain-08+Terrain-09+Terrain-10+Terrain-11+Terrain-12+Terrain-13+Terrain-14+Terrain-15+Terrain-16,SuccessWeighted,0,30,30,1,21.7005,21.7005,3.6453,512,895,512
909,Terrain-07,Terrain-A+Terrain-B+Terrain-C+Terrain-D+Terrain-01+Terrain-02+Terrain-03+Terrain-04+Terrain-05+Terrain-06+Terrain-08+Terrain-09+Terrain-10+Terrain-11+Terrain-12+Terrain-13+Terrain-14+Terrain-15+Terrain-16,TabularNgramBC,0,30,30,1,72.0704,72.0704,12.1066,298,225024,298
909,Terrain-07,Terrain-A+Terrain-B+Terrain-C+Terrain-D+Terrain-01+Terrain-02+Terrain-03+Terrain-04+Terrain-05+Terrain-06+Terrain-08+Terrain-09+Terrain-10+Terrain-11+Terrain-12+Terrain-13+Terrain-14+Terrain-15+Terrain-16,EmptyLTM,0,30,30,1,104.2132,104.2132,17.5061,0,0,0
1010,Terrain-07,Terrain-A+Terrain-B+Terrain-C+Terrain-D+Terrain-01+Terrain-02+Terrain-03+Terrain-04+Terrain-05+Terrain-06+Terrain-08+Terrain-09+Terrain-10+Terrain-11+Terrain-12+Terrain-13+Terrain-14+Terrain-15+Terrain-16,SuccessWeighted,0,30,30,1,37.5622,37.5622,6.3098,512,918,512
1010,Terrain-07,Terrain-A+Terrain-B+Terrain-C+Terrain-D+Terrain-01+Terrain-02+Terrain-03+Terrain-04+Terrain-05+Terrain-06+Terrain-08+Terrain-09+Terrain-10+Terrain-11+Terrain-12+Terrain-13+Terrain-14+Terrain-15+Terrain-16,TabularNgramBC,0,30,30,1,71.8315,71.8315,12.0665,292,225435,292
1010,Terrain-07,Terrain-A+Terrain-B+Terrain-C+Terrain-D+Terrain-01+Terrain-02+Terrain-03+Terrain-04+Terrain-05+Terrain-06+Terrain-08+Terrain-09+Terrain-10+Terrain-11+Terrain-12+Terrain-13+Terrain-14+Terrain-15+Terrain-16,EmptyLTM,0,30,30,1,151.2064,151.2064,25.4002,0,0,0
1111,Terrain-07,Terrain-A+Terrain-B+Terrain-C+Terrain-D+Terrain-01+Terrain-02+Terrain-03+Terrain-04+Terrain-05+Terrain-06+Terrain-08+Terrain-09+Terrain-10+Terrain-11+Terrain-12+Terrain-13+Terrain-14+Terrain-15+Terrain-16,SuccessWeighted,0,30,30,1,23.8585,23.8585,4.0078,512,924,512
1111,Terrain-07,Terrain-A+Terrain-B+Terrain-C+Terrain-D+Terrain-01+Terrain-02+Terrain-03+Terrain-04+Terrain-05+Terrain-06+Terrain-08+Terrain-09+Terrain-10+Terrain-11+Terrain-12+Terrain-13+Terrain-14+Terrain-15+Terrain-16,TabularNgramBC,0,30,30,1,73.6108,73.6108,12.3654,298,225603,298
1111,Terrain-07,Terrain-A+Terrain-B+Terrain-C+Terrain-D+Terrain-01+Terrain-02+Terrain-03+Terrain-04+Terrain-05+Terrain-06+Terrain-08+Terrain-09+Terrain-10+Terrain-11+Terrain-12+Terrain-13+Terrain-14+Terrain-15+Terrain-16,EmptyLTM,0,30,30,1,125.4252,125.4252,21.0694,0,0,0
1212,Terrain-07,Terrain-A+Terrain-B+Terrain-C+Terrain-D+Terrain-01+Terrain-02+Terrain-03+Terrain-04+Terrain-05+Terrain-06+Terrain-08+Terrain-09+Terrain-10+Terrain-11+Terrain-12+Terrain-13+Terrain-14+Terrain-15+Terrain-16,SuccessWeighted,0,30,30,1,24.7181,24.7181,4.1522,512,910,512
1212,Terrain-07,Terrain-A+Terrain-B+Terrain-C+Terrain-D+Terrain-01+Terrain-02+Terrain-03+Terrain-04+Terrain-05+Terrain-06+Terrain-08+Terrain-09+Terrain-10+Terrain-11+Terrain-12+Terrain-13+Terrain-14+Terrain-15+Terrain-16,TabularNgramBC,0,30,30,1,98.7914,98.7914,16.5953,299,225564,299
1212,Terrain-07,Terrain-A+Terrain-B+Terrain-C+Terrain-D+Terrain-01+Terrain-02+Terrain-03+Terrain-04+Terrain-05+Terrain-06+Terrain-08+Terrain-09+Terrain-10+Terrain-11+Terrain-12+Terrain-13+Terrain-14+Terrain-15+Terrain-16,EmptyLTM,0,30,30,1,154.2237,154.2237,25.9071,0,0,0
1313,Terrain-07,Terrain-A+Terrain-B+Terrain-C+Terrain-D+Terrain-01+Terrain-02+Terrain-03+Terrain-04+Terrain-05+Terrain-06+Terrain-08+Terrain-09+Terrain-10+Terrain-11+Terrain-12+Terrain-13+Terrain-14+Terrain-15+Terrain-16,SuccessWeighted,0,30,30,1,20.1941,20.1941,3.3923,512,932,512
1313,Terrain-07,Terrain-A+Terrain-B+Terrain-C+Terrain-D+Terrain-01+Terrain-02+Terrain-03+Terrain-04+Terrain-05+Terrain-06+Terrain-08+Terrain-09+Terrain-10+Terrain-11+Terrain-12+Terrain-13+Terrain-14+Terrain-15+Terrain-16,TabularNgramBC,0,30,30,1,84.6344,84.6344,14.2172,294,225525,294
1313,Terrain-07,Terrain-A+Terrain-B+Terrain-C+Terrain-D+Terrain-01+Terrain-02+Terrain-03+Terrain-04+Terrain-05+Terrain-06+Terrain-08+Terrain-09+Terrain-10+Terrain-11+Terrain-12+Terrain-13+Terrain-14+Terrain-15+Terrain-16,EmptyLTM,0,30,30,1,123.2844,123.2844,20.7098,0,0,0
1414,Terrain-07,Terrain-A+Terrain-B+Terrain-C+Terrain-D+Terrain-01+Terrain-02+Terrain-03+Terrain-04+Terrain-05+Terrain-06+Terrain-08+Terrain-09+Terrain-10+Terrain-11+Terrain-12+Terrain-13+Terrain-14+Terrain-15+Terrain-16,SuccessWeighted,0,30,30,1,46.7226,46.7226,7.8486,512,909,512
1414,Terrain-07,Terrain-A+Terrain-B+Terrain-C+Terrain-D+Terrain-01+Terrain-02+Terrain-03+Terrain-04+Terrain-05+Terrain-06+Terrain-08+Terrain-09+Terrain-10+Terrain-11+Terrain-12+Terrain-13+Terrain-14+Terrain-15+Terrain-16,TabularNgramBC,0,30,30,1,71.6828,71.6828,12.0415,298,225381,298
1414,Terrain-07,Terrain-A+Terrain-B+Terrain-C+Terrain-D+Terrain-01+Terrain-02+Terrain-03+Terrain-04+Terrain-05+Terrain-06+Terrain-08+Terrain-09+Terrain-10+Terrain-11+Terrain-12+Terrain-13+Terrain-14+Terrain-15+Terrain-16,EmptyLTM,0,30,29,0.9667,150.2095,144.6365,25.2327,0,0,0
1515,Terrain-07,Terrain-A+Terrain-B+Terrain-C+Terrain-D+Terrain-01+Terrain-02+Terrain-03+Terrain-04+Terrain-05+Terrain-06+Terrain-08+Terrain-09+Terrain-10+Terrain-11+Terrain-12+Terrain-13+Terrain-14+Terrain-15+Terrain-16,SuccessWeighted,0,30,30,1,57.7222,57.7222,9.6964,512,916,512
1515,Terrain-07,Terrain-A+Terrain-B+Terrain-C+Terrain-D+Terrain-01+Terrain-02+Terrain-03+Terrain-04+Terrain-05+Terrain-06+Terrain-08+Terrain-09+Terrain-10+Terrain-11+Terrain-12+Terrain-13+Terrain-14+Terrain-15+Terrain-16,TabularNgramBC,0,30,30,1,91.0673,91.0673,15.2978,295,225630,295
1515,Terrain-07,Terrain-A+Terrain-B+Terrain-C+Terrain-D+Terrain-01+Terrain-02+Terrain-03+Terrain-04+Terrain-05+Terrain-06+Terrain-08+Terrain-09+Terrain-10+Terrain-11+Terrain-12+Terrain-13+Terrain-14+Terrain-15+Terrain-16,EmptyLTM,0,30,30,1,130.5649,130.5649,21.9328,0,0,0
1616,Terrain-07,Terrain-A+Terrain-B+Terrain-C+Terrain-D+Terrain-01+Terrain-02+Terrain-03+Terrain-04+Terrain-05+Terrain-06+Terrain-08+Terrain-09+Terrain-10+Terrain-11+Terrain-12+Terrain-13+Terrain-14+Terrain-15+Terrain-16,SuccessWeighted,0,30,30,1,20.7491,20.7491,3.4855,512,924,512
1616,Terrain-07,Terrain-A+Terrain-B+Terrain-C+Terrain-D+Terrain-01+Terrain-02+Terrain-03+Terrain-04+Terrain-05+Terrain-06+Terrain-08+Terrain-09+Terrain-10+Terrain-11+Terrain-12+Terrain-13+Terrain-14+Terrain-15+Terrain-16,TabularNgramBC,0,30,30,1,67.7887,67.7887,11.3874,295,225453,295
1616,Terrain-07,Terrain-A+Terrain-B+Terrain-C+Terrain-D+Terrain-01+Terrain-02+Terrain-03+Terrain-04+Terrain-05+Terrain-06+Terrain-08+Terrain-09+Terrain-10+Terrain-11+Terrain-12+Terrain-13+Terrain-14+Terrain-15+Terrain-16,EmptyLTM,0,30,30,1,111.6395,111.6395,18.7536,0,0,0
1717,Terrain-07,Terrain-A+Terrain-B+Terrain-C+Terrain-D+Terrain-01+Terrain-02+Terrain-03+Terrain-04+Terrain-05+Terrain-06+Terrain-08+Terrain-09+Terrain-10+Terrain-11+Terrain-12+Terrain-13+Terrain-14+Terrain-15+Terrain-16,SuccessWeighted,0,30,30,1,22.1292,22.1292,3.7173,512,903,512
1717,Terrain-07,Terrain-A+Terrain-B+Terrain-C+Terrain-D+Terrain-01+Terrain-02+Terrain-03+Terrain-04+Terrain-05+Terrain-06+Terrain-08+Terrain-09+Terrain-10+Terrain-11+Terrain-12+Terrain-13+Terrain-14+Terrain-15+Terrain-16,TabularNgramBC,0,30,30,1,77.4094,77.4094,13.0035,294,225426,294
1717,Terrain-07,Terrain-A+Terrain-B+Terrain-C+Terrain-D+Terrain-01+Terrain-02+Terrain-03+Terrain-04+Terrain-05+Terrain-06+Terrain-08+Terrain-09+Terrain-10+Terrain-11+Terrain-12+Terrain-13+Terrain-14+Terrain-15+Terrain-16,EmptyLTM,0,30,30,1,121.7859,121.7859,20.458,0,0,0
1818,Terrain-07,Terrain-A+Terrain-B+Terrain-C+Terrain-D+Terrain-01+Terrain-02+Terrain-03+Terrain-04+Terrain-05+Terrain-06+Terrain-08+Terrain-09+Terrain-10+Terrain-11+Terrain-12+Terrain-13+Terrain-14+Terrain-15+Terrain-16,SuccessWeighted,0,30,30,1,28.3795,28.3795,4.7673,512,902,512
1818,Terrain-07,Terrain-A+Terrain-B+Terrain-C+Terrain-D+Terrain-01+Terrain-02+Terrain-03+Terrain-04+Terrain-05+Terrain-06+Terrain-08+Terrain-09+Terrain-10+Terrain-11+Terrain-12+Terrain-13+Terrain-14+Terrain-15+Terrain-16,TabularNgramBC,0,30,30,1,90.9076,90.9076,15.271,297,225303,297
1818,Terrain-07,Terrain-A+Terrain-B+Terrain-C+Terrain-D+Terrain-01+Terrain-02+Terrain-03+Terrain-04+Terrain-05+Terrain-06+Terrain-08+Terrain-09+Terrain-10+Terrain-11+Terrain-12+Terrain-13+Terrain-14+Terrain-15+Terrain-16,EmptyLTM,0,30,30,1,147.214,147.214,24.7295,0,0,0
1919,Terrain-07,Terrain-A+Terrain-B+Terrain-C+Terrain-D+Terrain-01+Terrain-02+Terrain-03+Terrain-04+Terrain-05+Terrain-06+Terrain-08+Terrain-09+Terrain-10+Terrain-11+Terrain-12+Terrain-13+Terrain-14+Terrain-15+Terrain-16,SuccessWeighted,0,30,30,1,23.6455,23.6455,3.9721,512,907,512
1919,Terrain-07,Terrain-A+Terrain-B+Terrain-C+Terrain-D+Terrain-01+Terrain-02+Terrain-03+Terrain-04+Terrain-05+Terrain-06+Terrain-08+Terrain-09+Terrain-10+Terrain-11+Terrain-12+Terrain-13+Terrain-14+Terrain-15+Terrain-16,TabularNgramBC,0,30,30,1,96.0466,96.0466,16.1342,295,225459,295
1919,Terrain-07,Terrain-A+Terrain-B+Terrain-C+Terrain-D+Terrain-01+Terrain-02+Terrain-03+Terrain-04+Terrain-05+Terrain-06+Terrain-08+Terrain-09+Terrain-10+Terrain-11+Terrain-12+Terrain-13+Terrain-14+Terrain-15+Terrain-16,EmptyLTM,0,30,30,1,159.1575,159.1575,26.7358,0,0,0
2020,Terrain-07,Terrain-A+Terrain-B+Terrain-C+Terrain-D+Terrain-01+Terrain-02+Terrain-03+Terrain-04+Terrain-05+Terrain-06+Terrain-08+Terrain-09+Terrain-10+Terrain-11+Terrain-12+Terrain-13+Terrain-14+Terrain-15+Terrain-16,SuccessWeighted,0,30,30,1,23.176,23.176,3.8932,512,921,512
2020,Terrain-07,Terrain-A+Terrain-B+Terrain-C+Terrain-D+Terrain-01+Terrain-02+Terrain-03+Terrain-04+Terrain-05+Terrain-06+Terrain-08+Terrain-09+Terrain-10+Terrain-11+Terrain-12+Terrain-13+Terrain-14+Terrain-15+Terrain-16,TabularNgramBC,0,30,30,1,100.1382,100.1382,16.8216,295,225333,295
2020,Terrain-07,Terrain-A+Terrain-B+Terrain-C+Terrain-D+Terrain-01+Terrain-02+Terrain-03+Terrain-04+Terrain-05+Terrain-06+Terrain-08+Terrain-09+Terrain-10+Terrain-11+Terrain-12+Terrain-13+Terrain-14+Terrain-15+Terrain-16,EmptyLTM,0,30,30,1,111.097,111.097,18.6625,0,0,0
2121,Terrain-07,Terrain-A+Terrain-B+Terrain-C+Terrain-D+Terrain-01+Terrain-02+Terrain-03+Terrain-04+Terrain-05+Terrain-06+Terrain-08+Terrain-09+Terrain-10+Terrain-11+Terrain-12+Terrain-13+Terrain-14+Terrain-15+Terrain-16,SuccessWeighted,0,30,30,1,23.3446,23.3446,3.9215,512,917,512
2121,Terrain-07,Terrain-A+Terrain-B+Terrain-C+Terrain-D+Terrain-01+Terrain-02+Terrain-03+Terrain-04+Terrain-05+Terrain-06+Terrain-08+Terrain-09+Terrain-10+Terrain-11+Terrain-12+Terrain-13+Terrain-14+Terrain-15+Terrain-16,TabularNgramBC,0,30,30,1,91.7512,91.7512,15.4127,294,225555,294
2121,Terrain-07,Terrain-A+Terrain-B+Terrain-C+Terrain-D+Terrain-01+Terrain-02+Terrain-03+Terrain-04+Terrain-05+Terrain-06+Terrain-08+Terrain-09+Terrain-10+Terrain-11+Terrain-12+Terrain-13+Terrain-14+Terrain-15+Terrain-16,EmptyLTM,0,30,29,0.9667,175.3474,173.8426,29.4555,0,0,0
2222,Terrain-07,Terrain-A+Terrain-B+Terrain-C+Terrain-D+Terrain-01+Terrain-02+Terrain-03+Terrain-04+Terrain-05+Terrain-06+Terrain-08+Terrain-09+Terrain-10+Terrain-11+Terrain-12+Terrain-13+Terrain-14+Terrain-15+Terrain-16,SuccessWeighted,0,30,30,1,21.7958,21.7958,3.6613,512,906,512
2222,Terrain-07,Terrain-A+Terrain-B+Terrain-C+Terrain-D+Terrain-01+Terrain-02+Terrain-03+Terrain-04+Terrain-05+Terrain-06+Terrain-08+Terrain-09+Terrain-10+Terrain-11+Terrain-12+Terrain-13+Terrain-14+Terrain-15+Terrain-16,TabularNgramBC,0,30,30,1,92.9811,92.9811,15.6193,295,225546,295
2222,Terrain-07,Terrain-A+Terrain-B+Terrain-C+Terrain-D+Terrain-01+Terrain-02+Terrain-03+Terrain-04+Terrain-05+Terrain-06+Terrain-08+Terrain-09+Terrain-10+Terrain-11+Terrain-12+Terrain-13+Terrain-14+Terrain-15+Terrain-16,EmptyLTM,0,30,29,0.9667,129.7025,122.0396,21.7879,0,0,0
2323,Terrain-07,Terrain-A+Terrain-B+Terrain-C+Terrain-D+Terrain-01+Terrain-02+Terrain-03+Terrain-04+Terrain-05+Terrain-06+Terrain-08+Terrain-09+Terrain-10+Terrain-11+Terrain-12+Terrain-13+Terrain-14+Terrain-15+Terrain-16,SuccessWeighted,0,30,30,1,23.4198,23.4198,3.9341,512,916,512
2323,Terrain-07,Terrain-A+Terrain-B+Terrain-C+Terrain-D+Terrain-01+Terrain-02+Terrain-03+Terrain-04+Terrain-05+Terrain-06+Terrain-08+Terrain-09+Terrain-10+Terrain-11+Terrain-12+Terrain-13+Terrain-14+Terrain-15+Terrain-16,TabularNgramBC,0,30,30,1,78.6951,78.6951,13.2195,297,225408,297
2323,Terrain-07,Terrain-A+Terrain-B+Terrain-C+Terrain-D+Terrain-01+Terrain-02+Terrain-03+Terrain-04+Terrain-05+Terrain-06+Terrain-08+Terrain-09+Terrain-10+Terrain-11+Terrain-12+Terrain-13+Terrain-14+Terrain-15+Terrain-16,EmptyLTM,0,30,30,1,162.5863,162.5863,27.3118,0,0,0
2424,Terrain-07,Terrain-A+Terrain-B+Terrain-C+Terrain-D+Terrain-01+Terrain-02+Terrain-03+Terrain-04+Terrain-05+Terrain-06+Terrain-08+Terrain-09+Terrain-10+Terrain-11+Terrain-12+Terrain-13+Terrain-14+Terrain-15+Terrain-16,SuccessWeighted,0,30,30,1,24.9036,24.9036,4.1834,512,923,512
2424,Terrain-07,Terrain-A+Terrain-B+Terrain-C+Terrain-D+Terrain-01+Terrain-02+Terrain-03+Terrain-04+Terrain-05+Terrain-06+Terrain-08+Terrain-09+Terrain-10+Terrain-11+Terrain-12+Terrain-13+Terrain-14+Terrain-15+Terrain-16,TabularNgramBC,0,30,30,1,85.8309,85.8309,14.4182,300,225552,300
2424,Terrain-07,Terrain-A+Terrain-B+Terrain-C+Terrain-D+Terrain-01+Terrain-02+Terrain-03+Terrain-04+Terrain-05+Terrain-06+Terrain-08+Terrain-09+Terrain-10+Terrain-11+Terrain-12+Terrain-13+Terrain-14+Terrain-15+Terrain-16,EmptyLTM,0,30,30,1,119.9977,119.9977,20.1576,0,0,0
2525,Terrain-07,Terrain-A+Terrain-B+Terrain-C+Terrain-D+Terrain-01+Terrain-02+Terrain-03+Terrain-04+Terrain-05+Terrain-06+Terrain-08+Terrain-09+Terrain-10+Terrain-11+Terrain-12+Terrain-13+Terrain-14+Terrain-15+Terrain-16,SuccessWeighted,0,30,30,1,22.5167,22.5167,3.7824,512,931,512
2525,Terrain-07,Terrain-A+Terrain-B+Terrain-C+Terrain-D+Terrain-01+Terrain-02+Terrain-03+Terrain-04+Terrain-05+Terrain-06+Terrain-08+Terrain-09+Terrain-10+Terrain-11+Terrain-12+Terrain-13+Terrain-14+Terrain-15+Terrain-16,TabularNgramBC,0,30,30,1,77.1331,77.1331,12.9571,291,225570,291
2525,Terrain-07,Terrain-A+Terrain-B+Terrain-C+Terrain-D+Terrain-01+Terrain-02+Terrain-03+Terrain-04+Terrain-05+Terrain-06+Terrain-08+Terrain-09+Terrain-10+Terrain-11+Terrain-12+Terrain-13+Terrain-14+Terrain-15+Terrain-16,EmptyLTM,0,30,30,1,155.6457,155.6457,26.1459,0,0,0
101,Terrain-08,Terrain-A+Terrain-B+Terrain-C+Terrain-D+Terrain-01+Terrain-02+Terrain-03+Terrain-04+Terrain-05+Terrain-06+Terrain-07+Terrain-09+Terrain-10+Terrain-11+Terrain-12+Terrain-13+Terrain-14+Terrain-15+Terrain-16,SuccessWeighted,0,30,30,1,24.505,24.505,3.8525,512,884,512
101,Terrain-08,Terrain-A+Terrain-B+Terrain-C+Terrain-D+Terrain-01+Terrain-02+Terrain-03+Terrain-04+Terrain-05+Terrain-06+Terrain-07+Terrain-09+Terrain-10+Terrain-11+Terrain-12+Terrain-13+Terrain-14+Terrain-15+Terrain-16,TabularNgramBC,0,30,30,1,55.4398,55.4398,8.716,297,226800,297
101,Terrain-08,Terrain-A+Terrain-B+Terrain-C+Terrain-D+Terrain-01+Terrain-02+Terrain-03+Terrain-04+Terrain-05+Terrain-06+Terrain-07+Terrain-09+Terrain-10+Terrain-11+Terrain-12+Terrain-13+Terrain-14+Terrain-15+Terrain-16,EmptyLTM,0,30,30,1,80.6565,80.6565,12.6804,0,0,0
202,Terrain-08,Terrain-A+Terrain-B+Terrain-C+Terrain-D+Terrain-01+Terrain-02+Terrain-03+Terrain-04+Terrain-05+Terrain-06+Terrain-07+Terrain-09+Terrain-10+Terrain-11+Terrain-12+Terrain-13+Terrain-14+Terrain-15+Terrain-16,SuccessWeighted,0,30,30,1,27.446,27.446,4.3149,512,903,512
202,Terrain-08,Terrain-A+Terrain-B+Terrain-C+Terrain-D+Terrain-01+Terrain-02+Terrain-03+Terrain-04+Terrain-05+Terrain-06+Terrain-07+Terrain-09+Terrain-10+Terrain-11+Terrain-12+Terrain-13+Terrain-14+Terrain-15+Terrain-16,TabularNgramBC,0,30,30,1,94.1695,94.1695,14.8049,301,227241,301
202,Terrain-08,Terrain-A+Terrain-B+Terrain-C+Terrain-D+Terrain-01+Terrain-02+Terrain-03+Terrain-04+Terrain-05+Terrain-06+Terrain-07+Terrain-09+Terrain-10+Terrain-11+Terrain-12+Terrain-13+Terrain-14+Terrain-15+Terrain-16,EmptyLTM,0,30,30,1,88.0264,88.0264,13.8391,0,0,0
303,Terrain-08,Terrain-A+Terrain-B+Terrain-C+Terrain-D+Terrain-01+Terrain-02+Terrain-03+Terrain-04+Terrain-05+Terrain-06+Terrain-07+Terrain-09+Terrain-10+Terrain-11+Terrain-12+Terrain-13+Terrain-14+Terrain-15+Terrain-16,SuccessWeighted,0,30,30,1,25.7058,25.7058,4.0413,512,902,512
303,Terrain-08,Terrain-A+Terrain-B+Terrain-C+Terrain-D+Terrain-01+Terrain-02+Terrain-03+Terrain-04+Terrain-05+Terrain-06+Terrain-07+Terrain-09+Terrain-10+Terrain-11+Terrain-12+Terrain-13+Terrain-14+Terrain-15+Terrain-16,TabularNgramBC,0,30,30,1,103.5203,103.5203,16.2749,294,227136,294
303,Terrain-08,Terrain-A+Terrain-B+Terrain-C+Terrain-D+Terrain-01+Terrain-02+Terrain-03+Terrain-04+Terrain-05+Terrain-06+Terrain-07+Terrain-09+Terrain-10+Terrain-11+Terrain-12+Terrain-13+Terrain-14+Terrain-15+Terrain-16,EmptyLTM,0,30,30,1,84.7044,84.7044,13.3168,0,0,0
404,Terrain-08,Terrain-A+Terrain-B+Terrain-C+Terrain-D+Terrain-01+Terrain-02+Terrain-03+Terrain-04+Terrain-05+Terrain-06+Terrain-07+Terrain-09+Terrain-10+Terrain-11+Terrain-12+Terrain-13+Terrain-14+Terrain-15+Terrain-16,SuccessWeighted,0,30,30,1,28.7766,28.7766,4.5241,512,908,512
404,Terrain-08,Terrain-A+Terrain-B+Terrain-C+Terrain-D+Terrain-01+Terrain-02+Terrain-03+Terrain-04+Terrain-05+Terrain-06+Terrain-07+Terrain-09+Terrain-10+Terrain-11+Terrain-12+Terrain-13+Terrain-14+Terrain-15+Terrain-16,TabularNgramBC,0,30,30,1,68.8717,68.8717,10.8277,297,226614,297
404,Terrain-08,Terrain-A+Terrain-B+Terrain-C+Terrain-D+Terrain-01+Terrain-02+Terrain-03+Terrain-04+Terrain-05+Terrain-06+Terrain-07+Terrain-09+Terrain-10+Terrain-11+Terrain-12+Terrain-13+Terrain-14+Terrain-15+Terrain-16,EmptyLTM,0,30,30,1,98.5666,98.5666,15.4961,0,0,0
505,Terrain-08,Terrain-A+Terrain-B+Terrain-C+Terrain-D+Terrain-01+Terrain-02+Terrain-03+Terrain-04+Terrain-05+Terrain-06+Terrain-07+Terrain-09+Terrain-10+Terrain-11+Terrain-12+Terrain-13+Terrain-14+Terrain-15+Terrain-16,SuccessWeighted,0,30,30,1,21.2689,21.2689,3.3438,512,888,512
505,Terrain-08,Terrain-A+Terrain-B+Terrain-C+Terrain-D+Terrain-01+Terrain-02+Terrain-03+Terrain-04+Terrain-05+Terrain-06+Terrain-07+Terrain-09+Terrain-10+Terrain-11+Terrain-12+Terrain-13+Terrain-14+Terrain-15+Terrain-16,TabularNgramBC,0,30,30,1,92.0812,92.0812,14.4766,299,226845,299
505,Terrain-08,Terrain-A+Terrain-B+Terrain-C+Terrain-D+Terrain-01+Terrain-02+Terrain-03+Terrain-04+Terrain-05+Terrain-06+Terrain-07+Terrain-09+Terrain-10+Terrain-11+Terrain-12+Terrain-13+Terrain-14+Terrain-15+Terrain-16,EmptyLTM,0,30,30,1,59.9039,59.9039,9.4178,0,0,0
606,Terrain-08,Terrain-A+Terrain-B+Terrain-C+Terrain-D+Terrain-01+Terrain-02+Terrain-03+Terrain-04+Terrain-05+Terrain-06+Terrain-07+Terrain-09+Terrain-10+Terrain-11+Terrain-12+Terrain-13+Terrain-14+Terrain-15+Terrain-16,SuccessWeighted,0,30,30,1,33.5679,33.5679,5.2774,512,896,512
606,Terrain-08,Terrain-A+Terrain-B+Terrain-C+Terrain-D+Terrain-01+Terrain-02+Terrain-03+Terrain-04+Terrain-05+Terrain-06+Terrain-07+Terrain-09+Terrain-10+Terrain-11+Terrain-12+Terrain-13+Terrain-14+Terrain-15+Terrain-16,TabularNgramBC,0,30,30,1,83.1524,83.1524,13.0728,298,226887,298
606,Terrain-08,Terrain-A+Terrain-B+Terrain-C+Terrain-D+Terrain-01+Terrain-02+Terrain-03+Terrain-04+Terrain-05+Terrain-06+Terrain-07+Terrain-09+Terrain-10+Terrain-11+Terrain-12+Terrain-13+Terrain-14+Terrain-15+Terrain-16,EmptyLTM,0,30,30,1,83.22,83.22,13.0834,0,0,0
707,Terrain-08,Terrain-A+Terrain-B+Terrain-C+Terrain-D+Terrain-01+Terrain-02+Terrain-03+Terrain-04+Terrain-05+Terrain-06+Terrain-07+Terrain-09+Terrain-10+Terrain-11+Terrain-12+Terrain-13+Terrain-14+Terrain-15+Terrain-16,SuccessWeighted,0,30,30,1,29.4441,29.4441,4.6291,512,891,512
707,Terrain-08,Terrain-A+Terrain-B+Terrain-C+Terrain-D+Terrain-01+Terrain-02+Terrain-03+Terrain-04+Terrain-05+Terrain-06+Terrain-07+Terrain-09+Terrain-10+Terrain-11+Terrain-12+Terrain-13+Terrain-14+Terrain-15+Terrain-16,TabularNgramBC,0,30,30,1,103.0837,103.0837,16.2063,293,227016,293
707,Terrain-08,Terrain-A+Terrain-B+Terrain-C+Terrain-D+Terrain-01+Terrain-02+Terrain-03+Terrain-04+Terrain-05+Terrain-06+Terrain-07+Terrain-09+Terrain-10+Terrain-11+Terrain-12+Terrain-13+Terrain-14+Terrain-15+Terrain-16,EmptyLTM,0,30,30,1,88.923,88.923,13.98,0,0,0
808,Terrain-08,Terrain-A+Terrain-B+Terrain-C+Terrain-D+Terrain-01+Terrain-02+Terrain-03+Terrain-04+Terrain-05+Terrain-06+Terrain-07+Terrain-09+Terrain-10+Terrain-11+Terrain-12+Terrain-13+Terrain-14+Terrain-15+Terrain-16,SuccessWeighted,0,30,30,1,25.9997,25.9997,4.0875,512,898,512
808,Terrain-08,Terrain-A+Terrain-B+Terrain-C+Terrain-D+Terrain-01+Terrain-02+Terrain-03+Terrain-04+Terrain-05+Terrain-06+Terrain-07+Terrain-09+Terrain-10+Terrain-11+Terrain-12+Terrain-13+Terrain-14+Terrain-15+Terrain-16,TabularNgramBC,0,30,30,1,72.5378,72.5378,11.404,300,227064,300
808,Terrain-08,Terrain-A+Terrain-B+Terrain-C+Terrain-D+Terrain-01+Terrain-02+Terrain-03+Terrain-04+Terrain-05+Terrain-06+Terrain-07+Terrain-09+Terrain-10+Terrain-11+Terrain-12+Terrain-13+Terrain-14+Terrain-15+Terrain-16,EmptyLTM,0,30,30,1,80.9616,80.9616,12.7284,0,0,0
909,Terrain-08,Terrain-A+Terrain-B+Terrain-C+Terrain-D+Terrain-01+Terrain-02+Terrain-03+Terrain-04+Terrain-05+Terrain-06+Terrain-07+Terrain-09+Terrain-10+Terrain-11+Terrain-12+Terrain-13+Terrain-14+Terrain-15+Terrain-16,SuccessWeighted,0,30,30,1,24.8557,24.8557,3.9077,512,883,512
909,Terrain-08,Terrain-A+Terrain-B+Terrain-C+Terrain-D+Terrain-01+Terrain-02+Terrain-03+Terrain-04+Terrain-05+Terrain-06+Terrain-07+Terrain-09+Terrain-10+Terrain-11+Terrain-12+Terrain-13+Terrain-14+Terrain-15+Terrain-16,TabularNgramBC,0,30,30,1,74.2048,74.2048,11.6661,296,226779,296
909,Terrain-08,Terrain-A+Terrain-B+Terrain-C+Terrain-D+Terrain-01+Terrain-02+Terrain-03+Terrain-04+Terrain-05+Terrain-06+Terrain-07+Terrain-09+Terrain-10+Terrain-11+Terrain-12+Terrain-13+Terrain-14+Terrain-15+Terrain-16,EmptyLTM,0,30,30,1,86.6674,86.6674,13.6254,0,0,0
1010,Terrain-08,Terrain-A+Terrain-B+Terrain-C+Terrain-D+Terrain-01+Terrain-02+Terrain-03+Terrain-04+Terrain-05+Terrain-06+Terrain-07+Terrain-09+Terrain-10+Terrain-11+Terrain-12+Terrain-13+Terrain-14+Terrain-15+Terrain-16,SuccessWeighted,0,30,30,1,26.2998,26.2998,4.1347,512,914,512
1010,Terrain-08,Terrain-A+Terrain-B+Terrain-C+Terrain-D+Terrain-01+Terrain-02+Terrain-03+Terrain-04+Terrain-05+Terrain-06+Terrain-07+Terrain-09+Terrain-10+Terrain-11+Terrain-12+Terrain-13+Terrain-14+Terrain-15+Terrain-16,TabularNgramBC,0,30,30,1,69.9208,69.9208,10.9926,292,227046,292
1010,Terrain-08,Terrain-A+Terrain-B+Terrain-C+Terrain-D+Terrain-01+Terrain-02+Terrain-03+Terrain-04+Terrain-05+Terrain-06+Terrain-07+Terrain-09+Terrain-10+Terrain-11+Terrain-12+Terrain-13+Terrain-14+Terrain-15+Terrain-16,EmptyLTM,0,30,30,1,72.698,72.698,11.4292,0,0,0
1111,Terrain-08,Terrain-A+Terrain-B+Terrain-C+Terrain-D+Terrain-01+Terrain-02+Terrain-03+Terrain-04+Terrain-05+Terrain-06+Terrain-07+Terrain-09+Terrain-10+Terrain-11+Terrain-12+Terrain-13+Terrain-14+Terrain-15+Terrain-16,SuccessWeighted,0,30,30,1,26.0912,26.0912,4.1019,512,909,512
1111,Terrain-08,Terrain-A+Terrain-B+Terrain-C+Terrain-D+Terrain-01+Terrain-02+Terrain-03+Terrain-04+Terrain-05+Terrain-06+Terrain-07+Terrain-09+Terrain-10+Terrain-11+Terrain-12+Terrain-13+Terrain-14+Terrain-15+Terrain-16,TabularNgramBC,0,30,30,1,76.8683,76.8683,12.0848,299,227220,299
1111,Terrain-08,Terrain-A+Terrain-B+Terrain-C+Terrain-D+Terrain-01+Terrain-02+Terrain-03+Terrain-04+Terrain-05+Terrain-06+Terrain-07+Terrain-09+Terrain-10+Terrain-11+Terrain-12+Terrain-13+Terrain-14+Terrain-15+Terrain-16,EmptyLTM,0,30,30,1,100.8636,100.8636,15.8573,0,0,0
1212,Terrain-08,Terrain-A+Terrain-B+Terrain-C+Terrain-D+Terrain-01+Terrain-02+Terrain-03+Terrain-04+Terrain-05+Terrain-06+Terrain-07+Terrain-09+Terrain-10+Terrain-11+Terrain-12+Terrain-13+Terrain-14+Terrain-15+Terrain-16,SuccessWeighted,0,30,30,1,24.9336,24.9336,3.9199,512,898,512
1212,Terrain-08,Terrain-A+Terrain-B+Terrain-C+Terrain-D+Terrain-01+Terrain-02+Terrain-03+Terrain-04+Terrain-05+Terrain-06+Terrain-07+Terrain-09+Terrain-10+Terrain-11+Terrain-12+Terrain-13+Terrain-14+Terrain-15+Terrain-16,TabularNgramBC,0,30,30,1,68.4982,68.4982,10.7689,296,227148,296
1212,Terrain-08,Terrain-A+Terrain-B+Terrain-C+Terrain-D+Terrain-01+Terrain-02+Terrain-03+Terrain-04+Terrain-05+Terrain-06+Terrain-07+Terrain-09+Terrain-10+Terrain-11+Terrain-12+Terrain-13+Terrain-14+Terrain-15+Terrain-16,EmptyLTM,0,30,30,1,72.2426,72.2426,11.3576,0,0,0
1313,Terrain-08,Terrain-A+Terrain-B+Terrain-C+Terrain-D+Terrain-01+Terrain-02+Terrain-03+Terrain-04+Terrain-05+Terrain-06+Terrain-07+Terrain-09+Terrain-10+Terrain-11+Terrain-12+Terrain-13+Terrain-14+Terrain-15+Terrain-16,SuccessWeighted,0,30,30,1,21.8187,21.8187,3.4302,512,907,512
1313,Terrain-08,Terrain-A+Terrain-B+Terrain-C+Terrain-D+Terrain-01+Terrain-02+Terrain-03+Terrain-04+Terrain-05+Terrain-06+Terrain-07+Terrain-09+Terrain-10+Terrain-11+Terrain-12+Terrain-13+Terrain-14+Terrain-15+Terrain-16,TabularNgramBC,0,30,30,1,80.7793,80.7793,12.6997,293,227136,293
1313,Terrain-08,Terrain-A+Terrain-B+Terrain-C+Terrain-D+Terrain-01+Terrain-02+Terrain-03+Terrain-04+Terrain-05+Terrain-06+Terrain-07+Terrain-09+Terrain-10+Terrain-11+Terrain-12+Terrain-13+Terrain-14+Terrain-15+Terrain-16,EmptyLTM,0,30,30,1,78.7434,78.7434,12.3796,0,0,0
1414,Terrain-08,Terrain-A+Terrain-B+Terrain-C+Terrain-D+Terrain-01+Terrain-02+Terrain-03+Terrain-04+Terrain-05+Terrain-06+Terrain-07+Terrain-09+Terrain-10+Terrain-11+Terrain-12+Terrain-13+Terrain-14+Terrain-15+Terrain-16,SuccessWeighted,0,30,30,1,34.5485,34.5485,5.4315,512,893,512
1414,Terrain-08,Terrain-A+Terrain-B+Terrain-C+Terrain-D+Terrain-01+Terrain-02+Terrain-03+Terrain-04+Terrain-05+Terrain-06+Terrain-07+Terrain-09+Terrain-10+Terrain-11+Terrain-12+Terrain-13+Terrain-14+Terrain-15+Terrain-16,TabularNgramBC,0,30,30,1,61.431,61.431,9.6579,300,226938,300
1414,Terrain-08,Terrain-A+Terrain-B+Terrain-C+Terrain-D+Terrain-01+Terrain-02+Terrain-03+Terrain-04+Terrain-05+Terrain-06+Terrain-07+Terrain-09+Terrain-10+Terrain-11+Terrain-12+Terrain-13+Terrain-14+Terrain-15+Terrain-16,EmptyLTM,0,30,30,1,89.9979,89.9979,14.149,0,0,0
1515,Terrain-08,Terrain-A+Terrain-B+Terrain-C+Terrain-D+Terrain-01+Terrain-02+Terrain-03+Terrain-04+Terrain-05+Terrain-06+Terrain-07+Terrain-09+Terrain-10+Terrain-11+Terrain-12+Terrain-13+Terrain-14+Terrain-15+Terrain-16,SuccessWeighted,0,30,30,1,41.975,41.975,6.5991,512,904,512
1515,Terrain-08,Terrain-A+Terrain-B+Terrain-C+Terrain-D+Terrain-01+Terrain-02+Terrain-03+Terrain-04+Terrain-05+Terrain-06+Terrain-07+Terrain-09+Terrain-10+Terrain-11+Terrain-12+Terrain-13+Terrain-14+Terrain-15+Terrain-16,TabularNgramBC,0,30,30,1,96.1442,96.1442,15.1153,296,227109,296
1515,Terrain-08,Terrain-A+Terrain-B+Terrain-C+Terrain-D+Terrain-01+Terrain-02+Terrain-03+Terrain-04+Terrain-05+Terrain-06+Terrain-07+Terrain-09+Terrain-10+Terrain-11+Terrain-12+Terrain-13+Terrain-14+Terrain-15+Terrain-16,EmptyLTM,0,30,30,1,96.6882,96.6882,15.2008,0,0,0
1616,Terrain-08,Terrain-A+Terrain-B+Terrain-C+Terrain-D+Terrain-01+Terrain-02+Terrain-03+Terrain-04+Terrain-05+Terrain-06+Terrain-07+Terrain-09+Terrain-10+Terrain-11+Terrain-12+Terrain-13+Terrain-14+Terrain-15+Terrain-16,SuccessWeighted,0,30,30,1,21.5399,21.5399,3.3864,512,907,512
1616,Terrain-08,Terrain-A+Terrain-B+Terrain-C+Terrain-D+Terrain-01+Terrain-02+Terrain-03+Terrain-04+Terrain-05+Terrain-06+Terrain-07+Terrain-09+Terrain-10+Terrain-11+Terrain-12+Terrain-13+Terrain-14+Terrain-15+Terrain-16,TabularNgramBC,0,30,30,1,59.1305,59.1305,9.2962,294,226854,294
1616,Terrain-08,Terrain-A+Terrain-B+Terrain-C+Terrain-D+Terrain-01+Terrain-02+Terrain-03+Terrain-04+Terrain-05+Terrain-06+Terrain-07+Terrain-09+Terrain-10+Terrain-11+Terrain-12+Terrain-13+Terrain-14+Terrain-15+Terrain-16,EmptyLTM,0,30,30,1,73.1136,73.1136,11.4946,0,0,0
1717,Terrain-08,Terrain-A+Terrain-B+Terrain-C+Terrain-D+Terrain-01+Terrain-02+Terrain-03+Terrain-04+Terrain-05+Terrain-06+Terrain-07+Terrain-09+Terrain-10+Terrain-11+Terrain-12+Terrain-13+Terrain-14+Terrain-15+Terrain-16,SuccessWeighted,0,30,30,1,26.7658,26.7658,4.208,512,898,512
1717,Terrain-08,Terrain-A+Terrain-B+Terrain-C+Terrain-D+Terrain-01+Terrain-02+Terrain-03+Terrain-04+Terrain-05+Terrain-06+Terrain-07+Terrain-09+Terrain-10+Terrain-11+Terrain-12+Terrain-13+Terrain-14+Terrain-15+Terrain-16,TabularNgramBC,0,30,30,1,99.4806,99.4806,15.6398,295,227022,295
1717,Terrain-08,Terrain-A+Terrain-B+Terrain-C+Terrain-D+Terrain-01+Terrain-02+Terrain-03+Terrain-04+Terrain-05+Terrain-06+Terrain-07+Terrain-09+Terrain-10+Terrain-11+Terrain-12+Terrain-13+Terrain-14+Terrain-15+Terrain-16,EmptyLTM,0,30,30,1,74.0053,74.0053,11.6348,0,0,0
1818,Terrain-08,Terrain-A+Terrain-B+Terrain-C+Terrain-D+Terrain-01+Terrain-02+Terrain-03+Terrain-04+Terrain-05+Terrain-06+Terrain-07+Terrain-09+Terrain-10+Terrain-11+Terrain-12+Terrain-13+Terrain-14+Terrain-15+Terrain-16,SuccessWeighted,0,30,30,1,28.4174,28.4174,4.4676,512,908,512
1818,Terrain-08,Terrain-A+Terrain-B+Terrain-C+Terrain-D+Terrain-01+Terrain-02+Terrain-03+Terrain-04+Terrain-05+Terrain-06+Terrain-07+Terrain-09+Terrain-10+Terrain-11+Terrain-12+Terrain-13+Terrain-14+Terrain-15+Terrain-16,TabularNgramBC,0,30,30,1,82.6687,82.6687,12.9968,297,226959,297
1818,Terrain-08,Terrain-A+Terrain-B+Terrain-C+Terrain-D+Terrain-01+Terrain-02+Terrain-03+Terrain-04+Terrain-05+Terrain-06+Terrain-07+Terrain-09+Terrain-10+Terrain-11+Terrain-12+Terrain-13+Terrain-14+Terrain-15+Terrain-16,EmptyLTM,0,30,30,1,99.1068,99.1068,15.5811,0,0,0
1919,Terrain-08,Terrain-A+Terrain-B+Terrain-C+Terrain-D+Terrain-01+Terrain-02+Terrain-03+Terrain-04+Terrain-05+Terrain-06+Terrain-07+Terrain-09+Terrain-10+Terrain-11+Terrain-12+Terrain-13+Terrain-14+Terrain-15+Terrain-16,SuccessWeighted,0,30,30,1,23.9849,23.9849,3.7708,512,899,512
1919,Terrain-08,Terrain-A+Terrain-B+Terrain-C+Terrain-D+Terrain-01+Terrain-02+Terrain-03+Terrain-04+Terrain-05+Terrain-06+Terrain-07+Terrain-09+Terrain-10+Terrain-11+Terrain-12+Terrain-13+Terrain-14+Terrain-15+Terrain-16,TabularNgramBC,0,30,30,1,92.6898,92.6898,14.5722,293,226980,293
1919,Terrain-08,Terrain-A+Terrain-B+Terrain-C+Terrain-D+Terrain-01+Terrain-02+Terrain-03+Terrain-04+Terrain-05+Terrain-06+Terrain-07+Terrain-09+Terrain-10+Terrain-11+Terrain-12+Terrain-13+Terrain-14+Terrain-15+Terrain-16,EmptyLTM,0,30,30,1,88.0251,88.0251,13.8389,0,0,0
2020,Terrain-08,Terrain-A+Terrain-B+Terrain-C+Terrain-D+Terrain-01+Terrain-02+Terrain-03+Terrain-04+Terrain-05+Terrain-06+Terrain-07+Terrain-09+Terrain-10+Terrain-11+Terrain-12+Terrain-13+Terrain-14+Terrain-15+Terrain-16,SuccessWeighted,0,30,30,1,29.0895,29.0895,4.5733,512,902,512
2020,Terrain-08,Terrain-A+Terrain-B+Terrain-C+Terrain-D+Terrain-01+Terrain-02+Terrain-03+Terrain-04+Terrain-05+Terrain-06+Terrain-07+Terrain-09+Terrain-10+Terrain-11+Terrain-12+Terrain-13+Terrain-14+Terrain-15+Terrain-16,TabularNgramBC,0,30,30,1,80.0015,80.0015,12.5774,299,226983,299
2020,Terrain-08,Terrain-A+Terrain-B+Terrain-C+Terrain-D+Terrain-01+Terrain-02+Terrain-03+Terrain-04+Terrain-05+Terrain-06+Terrain-07+Terrain-09+Terrain-10+Terrain-11+Terrain-12+Terrain-13+Terrain-14+Terrain-15+Terrain-16,EmptyLTM,0,30,30,1,72.959,72.959,11.4703,0,0,0
2121,Terrain-08,Terrain-A+Terrain-B+Terrain-C+Terrain-D+Terrain-01+Terrain-02+Terrain-03+Terrain-04+Terrain-05+Terrain-06+Terrain-07+Terrain-09+Terrain-10+Terrain-11+Terrain-12+Terrain-13+Terrain-14+Terrain-15+Terrain-16,SuccessWeighted,0,30,30,1,25.2796,25.2796,3.9743,512,918,512
2121,Terrain-08,Terrain-A+Terrain-B+Terrain-C+Terrain-D+Terrain-01+Terrain-02+Terrain-03+Terrain-04+Terrain-05+Terrain-06+Terrain-07+Terrain-09+Terrain-10+Terrain-11+Terrain-12+Terrain-13+Terrain-14+Terrain-15+Terrain-16,TabularNgramBC,0,30,30,1,80.517,80.517,12.6585,298,227094,298
2121,Terrain-08,Terrain-A+Terrain-B+Terrain-C+Terrain-D+Terrain-01+Terrain-02+Terrain-03+Terrain-04+Terrain-05+Terrain-06+Terrain-07+Terrain-09+Terrain-10+Terrain-11+Terrain-12+Terrain-13+Terrain-14+Terrain-15+Terrain-16,EmptyLTM,0,30,30,1,96.7164,96.7164,15.2053,0,0,0
2222,Terrain-08,Terrain-A+Terrain-B+Terrain-C+Terrain-D+Terrain-01+Terrain-02+Terrain-03+Terrain-04+Terrain-05+Terrain-06+Terrain-07+Terrain-09+Terrain-10+Terrain-11+Terrain-12+Terrain-13+Terrain-14+Terrain-15+Terrain-16,SuccessWeighted,0,30,30,1,24.1639,24.1639,3.7989,512,914,512
2222,Terrain-08,Terrain-A+Terrain-B+Terrain-C+Terrain-D+Terrain-01+Terrain-02+Terrain-03+Terrain-04+Terrain-05+Terrain-06+Terrain-07+Terrain-09+Terrain-10+Terrain-11+Terrain-12+Terrain-13+Terrain-14+Terrain-15+Terrain-16,TabularNgramBC,0,30,30,1,94.183,94.183,14.807,295,227256,295
2222,Terrain-08,Terrain-A+Terrain-B+Terrain-C+Terrain-D+Terrain-01+Terrain-02+Terrain-03+Terrain-04+Terrain-05+Terrain-06+Terrain-07+Terrain-09+Terrain-10+Terrain-11+Terrain-12+Terrain-13+Terrain-14+Terrain-15+Terrain-16,EmptyLTM,0,30,30,1,101.7629,101.7629,15.9987,0,0,0
2323,Terrain-08,Terrain-A+Terrain-B+Terrain-C+Terrain-D+Terrain-01+Terrain-02+Terrain-03+Terrain-04+Terrain-05+Terrain-06+Terrain-07+Terrain-09+Terrain-10+Terrain-11+Terrain-12+Terrain-13+Terrain-14+Terrain-15+Terrain-16,SuccessWeighted,0,30,30,1,25.7482,25.7482,4.048,512,901,512
2323,Terrain-08,Terrain-A+Terrain-B+Terrain-C+Terrain-D+Terrain-01+Terrain-02+Terrain-03+Terrain-04+Terrain-05+Terrain-06+Terrain-07+Terrain-09+Terrain-10+Terrain-11+Terrain-12+Terrain-13+Terrain-14+Terrain-15+Terrain-16,TabularNgramBC,0,30,30,1,104.9545,104.9545,16.5004,294,227007,294
2323,Terrain-08,Terrain-A+Terrain-B+Terrain-C+Terrain-D+Terrain-01+Terrain-02+Terrain-03+Terrain-04+Terrain-05+Terrain-06+Terrain-07+Terrain-09+Terrain-10+Terrain-11+Terrain-12+Terrain-13+Terrain-14+Terrain-15+Terrain-16,EmptyLTM,0,30,30,1,89.201,89.201,14.0237,0,0,0
2424,Terrain-08,Terrain-A+Terrain-B+Terrain-C+Terrain-D+Terrain-01+Terrain-02+Terrain-03+Terrain-04+Terrain-05+Terrain-06+Terrain-07+Terrain-09+Terrain-10+Terrain-11+Terrain-12+Terrain-13+Terrain-14+Terrain-15+Terrain-16,SuccessWeighted,0,30,30,1,26.0109,26.0109,4.0893,512,916,512
2424,Terrain-08,Terrain-A+Terrain-B+Terrain-C+Terrain-D+Terrain-01+Terrain-02+Terrain-03+Terrain-04+Terrain-05+Terrain-06+Terrain-07+Terrain-09+Terrain-10+Terrain-11+Terrain-12+Terrain-13+Terrain-14+Terrain-15+Terrain-16,TabularNgramBC,0,30,30,1,77.1836,77.1836,12.1344,300,227100,300
2424,Terrain-08,Terrain-A+Terrain-B+Terrain-C+Terrain-D+Terrain-01+Terrain-02+Terrain-03+Terrain-04+Terrain-05+Terrain-06+Terrain-07+Terrain-09+Terrain-10+Terrain-11+Terrain-12+Terrain-13+Terrain-14+Terrain-15+Terrain-16,EmptyLTM,0,30,30,1,87.2509,87.2509,13.7172,0,0,0
2525,Terrain-08,Terrain-A+Terrain-B+Terrain-C+Terrain-D+Terrain-01+Terrain-02+Terrain-03+Terrain-04+Terrain-05+Terrain-06+Terrain-07+Terrain-09+Terrain-10+Terrain-11+Terrain-12+Terrain-13+Terrain-14+Terrain-15+Terrain-16,SuccessWeighted,0,30,30,1,25.6475,25.6475,4.0322,512,909,512
2525,Terrain-08,Terrain-A+Terrain-B+Terrain-C+Terrain-D+Terrain-01+Terrain-02+Terrain-03+Terrain-04+Terrain-05+Terrain-06+Terrain-07+Terrain-09+Terrain-10+Terrain-11+Terrain-12+Terrain-13+Terrain-14+Terrain-15+Terrain-16,TabularNgramBC,0,30,30,1,77.1878,77.1878,12.1351,292,227229,292
2525,Terrain-08,Terrain-A+Terrain-B+Terrain-C+Terrain-D+Terrain-01+Terrain-02+Terrain-03+Terrain-04+Terrain-05+Terrain-06+Terrain-07+Terrain-09+Terrain-10+Terrain-11+Terrain-12+Terrain-13+Terrain-14+Terrain-15+Terrain-16,EmptyLTM,0,30,30,1,89.0916,89.0916,14.0065,0,0,0
101,Terrain-09,Terrain-A+Terrain-B+Terrain-C+Terrain-D+Terrain-01+Terrain-02+Terrain-03+Terrain-04+Terrain-05+Terrain-06+Terrain-07+Terrain-08+Terrain-10+Terrain-11+Terrain-12+Terrain-13+Terrain-14+Terrain-15+Terrain-16,SuccessWeighted,0,30,30,1,27.4344,27.4344,4.5586,512,883,512
101,Terrain-09,Terrain-A+Terrain-B+Terrain-C+Terrain-D+Terrain-01+Terrain-02+Terrain-03+Terrain-04+Terrain-05+Terrain-06+Terrain-07+Terrain-08+Terrain-10+Terrain-11+Terrain-12+Terrain-13+Terrain-14+Terrain-15+Terrain-16,TabularNgramBC,0,30,30,1,100.0725,100.0725,16.6284,295,225369,295
101,Terrain-09,Terrain-A+Terrain-B+Terrain-C+Terrain-D+Terrain-01+Terrain-02+Terrain-03+Terrain-04+Terrain-05+Terrain-06+Terrain-07+Terrain-08+Terrain-10+Terrain-11+Terrain-12+Terrain-13+Terrain-14+Terrain-15+Terrain-16,EmptyLTM,0,30,30,1,96.1926,96.1926,15.9837,0,0,0
202,Terrain-09,Terrain-A+Terrain-B+Terrain-C+Terrain-D+Terrain-01+Terrain-02+Terrain-03+Terrain-04+Terrain-05+Terrain-06+Terrain-07+Terrain-08+Terrain-10+Terrain-11+Terrain-12+Terrain-13+Terrain-14+Terrain-15+Terrain-16,SuccessWeighted,0,30,30,1,24.2413,24.2413,4.028,512,906,512
202,Terrain-09,Terrain-A+Terrain-B+Terrain-C+Terrain-D+Terrain-01+Terrain-02+Terrain-03+Terrain-04+Terrain-05+Terrain-06+Terrain-07+Terrain-08+Terrain-10+Terrain-11+Terrain-12+Terrain-13+Terrain-14+Terrain-15+Terrain-16,TabularNgramBC,0,30,30,1,98.4922,98.4922,16.3658,298,225873,298
202,Terrain-09,Terrain-A+Terrain-B+Terrain-C+Terrain-D+Terrain-01+Terrain-02+Terrain-03+Terrain-04+Terrain-05+Terrain-06+Terrain-07+Terrain-08+Terrain-10+Terrain-11+Terrain-12+Terrain-13+Terrain-14+Terrain-15+Terrain-16,EmptyLTM,0,30,30,1,115.901,115.901,19.2585,0,0,0
303,Terrain-09,Terrain-A+Terrain-B+Terrain-C+Terrain-D+Terrain-01+Terrain-02+Terrain-03+Terrain-04+Terrain-05+Terrain-06+Terrain-07+Terrain-08+Terrain-10+Terrain-11+Terrain-12+Terrain-13+Terrain-14+Terrain-15+Terrain-16,SuccessWeighted,0,30,30,1,25.1156,25.1156,4.1733,512,909,512
303,Terrain-09,Terrain-A+Terrain-B+Terrain-C+Terrain-D+Terrain-01+Terrain-02+Terrain-03+Terrain-04+Terrain-05+Terrain-06+Terrain-07+Terrain-08+Terrain-10+Terrain-11+Terrain-12+Terrain-13+Terrain-14+Terrain-15+Terrain-16,TabularNgramBC,0,30,30,1,95.5196,95.5196,15.8718,294,225597,294
303,Terrain-09,Terrain-A+Terrain-B+Terrain-C+Terrain-D+Terrain-01+Terrain-02+Terrain-03+Terrain-04+Terrain-05+Terrain-06+Terrain-07+Terrain-08+Terrain-10+Terrain-11+Terrain-12+Terrain-13+Terrain-14+Terrain-15+Terrain-16,EmptyLTM,0,30,30,1,107.7048,107.7048,17.8966,0,0,0
404,Terrain-09,Terrain-A+Terrain-B+Terrain-C+Terrain-D+Terrain-01+Terrain-02+Terrain-03+Terrain-04+Terrain-05+Terrain-06+Terrain-07+Terrain-08+Terrain-10+Terrain-11+Terrain-12+Terrain-13+Terrain-14+Terrain-15+Terrain-16,SuccessWeighted,0,30,30,1,26.2635,26.2635,4.364,512,904,512
404,Terrain-09,Terrain-A+Terrain-B+Terrain-C+Terrain-D+Terrain-01+Terrain-02+Terrain-03+Terrain-04+Terrain-05+Terrain-06+Terrain-07+Terrain-08+Terrain-10+Terrain-11+Terrain-12+Terrain-13+Terrain-14+Terrain-15+Terrain-16,TabularNgramBC,0,30,30,1,67.1403,67.1403,11.1562,296,225246,296
404,Terrain-09,Terrain-A+Terrain-B+Terrain-C+Terrain-D+Terrain-01+Terrain-02+Terrain-03+Terrain-04+Terrain-05+Terrain-06+Terrain-07+Terrain-08+Terrain-10+Terrain-11+Terrain-12+Terrain-13+Terrain-14+Terrain-15+Terrain-16,EmptyLTM,0,30,30,1,95.8469,95.8469,15.9262,0,0,0
505,Terrain-09,Terrain-A+Terrain-B+Terrain-C+Terrain-D+Terrain-01+Terrain-02+Terrain-03+Terrain-04+Terrain-05+Terrain-06+Terrain-07+Terrain-08+Terrain-10+Terrain-11+Terrain-12+Terrain-13+Terrain-14+Terrain-15+Terrain-16,SuccessWeighted,0,30,30,1,21.5324,21.5324,3.5779,512,885,512
505,Terrain-09,Terrain-A+Terrain-B+Terrain-C+Terrain-D+Terrain-01+Terrain-02+Terrain-03+Terrain-04+Terrain-05+Terrain-06+Terrain-07+Terrain-08+Terrain-10+Terrain-11+Terrain-12+Terrain-13+Terrain-14+Terrain-15+Terrain-16,TabularNgramBC,0,30,30,1,97.5696,97.5696,16.2125,291,225360,291
505,Terrain-09,Terrain-A+Terrain-B+Terrain-C+Terrain-D+Terrain-01+Terrain-02+Terrain-03+Terrain-04+Terrain-05+Terrain-06+Terrain-07+Terrain-08+Terrain-10+Terrain-11+Terrain-12+Terrain-13+Terrain-14+Terrain-15+Terrain-16,EmptyLTM,0,30,30,1,101.135,101.135,16.8049,0,0,0
606,Terrain-09,Terrain-A+Terrain-B+Terrain-C+Terrain-D+Terrain-01+Terrain-02+Terrain-03+Terrain-04+Terrain-05+Terrain-06+Terrain-07+Terrain-08+Terrain-10+Terrain-11+Terrain-12+Terrain-13+Terrain-14+Terrain-15+Terrain-16,SuccessWeighted,0,30,30,1,27.8562,27.8562,4.6287,512,889,512
606,Terrain-09,Terrain-A+Terrain-B+Terrain-C+Terrain-D+Terrain-01+Terrain-02+Terrain-03+Terrain-04+Terrain-05+Terrain-06+Terrain-07+Terrain-08+Terrain-10+Terrain-11+Terrain-12+Terrain-13+Terrain-14+Terrain-15+Terrain-16,TabularNgramBC,0,30,30,1,112.4901,112.4901,18.6917,301,225540,301
606,Terrain-09,Terrain-A+Terrain-B+Terrain-C+Terrain-D+Terrain-01+Terrain-02+Terrain-03+Terrain-04+Terrain-05+Terrain-06+Terrain-07+Terrain-08+Terrain-10+Terrain-11+Terrain-12+Terrain-13+Terrain-14+Terrain-15+Terrain-16,EmptyLTM,0,30,30,1,98.6564,98.6564,16.3931,0,0,0
707,Terrain-09,Terrain-A+Terrain-B+Terrain-C+Terrain-D+Terrain-01+Terrain-02+Terrain-03+Terrain-04+Terrain-05+Terrain-06+Terrain-07+Terrain-08+Terrain-10+Terrain-11+Terrain-12+Terrain-13+Terrain-14+Terrain-15+Terrain-16,SuccessWeighted,0,30,30,1,30.776,30.776,5.1138,512,906,512
707,Terrain-09,Terrain-A+Terrain-B+Terrain-C+Terrain-D+Terrain-01+Terrain-02+Terrain-03+Terrain-04+Terrain-05+Terrain-06+Terrain-07+Terrain-08+Terrain-10+Terrain-11+Terrain-12+Terrain-13+Terrain-14+Terrain-15+Terrain-16,TabularNgramBC,0,30,30,1,92.4043,92.4043,15.3542,289,225498,289
707,Terrain-09,Terrain-A+Terrain-B+Terrain-C+Terrain-D+Terrain-01+Terrain-02+Terrain-03+Terrain-04+Terrain-05+Terrain-06+Terrain-07+Terrain-08+Terrain-10+Terrain-11+Terrain-12+Terrain-13+Terrain-14+Terrain-15+Terrain-16,EmptyLTM,0,30,30,1,88.9977,88.9977,14.7881,0,0,0
808,Terrain-09,Terrain-A+Terrain-B+Terrain-C+Terrain-D+Terrain-01+Terrain-02+Terrain-03+Terrain-04+Terrain-05+Terrain-06+Terrain-07+Terrain-08+Terrain-10+Terrain-11+Terrain-12+Terrain-13+Terrain-14+Terrain-15+Terrain-16,SuccessWeighted,0,30,30,1,30.8819,30.8819,5.1314,512,902,512
808,Terrain-09,Terrain-A+Terrain-B+Terrain-C+Terrain-D+Terrain-01+Terrain-02+Terrain-03+Terrain-04+Terrain-05+Terrain-06+Terrain-07+Terrain-08+Terrain-10+Terrain-11+Terrain-12+Terrain-13+Terrain-14+Terrain-15+Terrain-16,TabularNgramBC,0,30,30,1,84.181,84.181,13.9878,301,225525,301
808,Terrain-09,Terrain-A+Terrain-B+Terrain-C+Terrain-D+Terrain-01+Terrain-02+Terrain-03+Terrain-04+Terrain-05+Terrain-06+Terrain-07+Terrain-08+Terrain-10+Terrain-11+Terrain-12+Terrain-13+Terrain-14+Terrain-15+Terrain-16,EmptyLTM,0,30,30,1,108.1495,108.1495,17.9705,0,0,0
909,Terrain-09,Terrain-A+Terrain-B+Terrain-C+Terrain-D+Terrain-01+Terrain-02+Terrain-03+Terrain-04+Terrain-05+Terrain-06+Terrain-07+Terrain-08+Terrain-10+Terrain-11+Terrain-12+Terrain-13+Terrain-14+Terrain-15+Terrain-16,SuccessWeighted,0,30,30,1,22.0757,22.0757,3.6682,512,901,512
909,Terrain-09,Terrain-A+Terrain-B+Terrain-C+Terrain-D+Terrain-01+Terrain-02+Terrain-03+Terrain-04+Terrain-05+Terrain-06+Terrain-07+Terrain-08+Terrain-10+Terrain-11+Terrain-12+Terrain-13+Terrain-14+Terrain-15+Terrain-16,TabularNgramBC,0,30,30,1,108.7476,108.7476,18.0698,302,225138,302
909,Terrain-09,Terrain-A+Terrain-B+Terrain-C+Terrain-D+Terrain-01+Terrain-02+Terrain-03+Terrain-04+Terrain-05+Terrain-06+Terrain-07+Terrain-08+Terrain-10+Terrain-11+Terrain-12+Terrain-13+Terrain-14+Terrain-15+Terrain-16,EmptyLTM,0,30,30,1,74.9001,74.9001,12.4456,0,0,0
1010,Terrain-09,Terrain-A+Terrain-B+Terrain-C+Terrain-D+Terrain-01+Terrain-02+Terrain-03+Terrain-04+Terrain-05+Terrain-06+Terrain-07+Terrain-08+Terrain-10+Terrain-11+Terrain-12+Terrain-13+Terrain-14+Terrain-15+Terrain-16,SuccessWeighted,0,30,30,1,31.0677,31.0677,5.1623,512,903,512
1010,Terrain-09,Terrain-A+Terrain-B+Terrain-C+Terrain-D+Terrain-01+Terrain-02+Terrain-03+Terrain-04+Terrain-05+Terrain-06+Terrain-07+Terrain-08+Terrain-10+Terrain-11+Terrain-12+Terrain-13+Terrain-14+Terrain-15+Terrain-16,TabularNgramBC,0,30,30,1,100.4753,100.4753,16.6953,290,225441,290
1010,Terrain-09,Terrain-A+Terrain-B+Terrain-C+Terrain-D+Terrain-01+Terrain-02+Terrain-03+Terrain-04+Terrain-05+Terrain-06+Terrain-07+Terrain-08+Terrain-10+Terrain-11+Terrain-12+Terrain-13+Terrain-14+Terrain-15+Terrain-16,EmptyLTM,0,30,30,1,108.0388,108.0388,17.9521,0,0,0
1111,Terrain-09,Terrain-A+Terrain-B+Terrain-C+Terrain-D+Terrain-01+Terrain-02+Terrain-03+Terrain-04+Terrain-05+Terrain-06+Terrain-07+Terrain-08+Terrain-10+Terrain-11+Terrain-12+Terrain-13+Terrain-14+Terrain-15+Terrain-16,SuccessWeighted,0,30,30,1,26.0511,26.0511,4.3287,512,913,512
1111,Terrain-09,Terrain-A+Terrain-B+Terrain-C+Terrain-D+Terrain-01+Terrain-02+Terrain-03+Terrain-04+Terrain-05+Terrain-06+Terrain-07+Terrain-08+Terrain-10+Terrain-11+Terrain-12+Terrain-13+Terrain-14+Terrain-15+Terrain-16,TabularNgramBC,0,30,30,1,95.6909,95.6909,15.9003,297,225609,297
1111,Terrain-09,Terrain-A+Terrain-B+Terrain-C+Terrain-D+Terrain-01+Terrain-02+Terrain-03+Terrain-04+Terrain-05+Terrain-06+Terrain-07+Terrain-08+Terrain-10+Terrain-11+Terrain-12+Terrain-13+Terrain-14+Terrain-15+Terrain-16,EmptyLTM,0,30,30,1,85.1791,85.1791,14.1536,0,0,0
1212,Terrain-09,Terrain-A+Terrain-B+Terrain-C+Terrain-D+Terrain-01+Terrain-02+Terrain-03+Terrain-04+Terrain-05+Terrain-06+Terrain-07+Terrain-08+Terrain-10+Terrain-11+Terrain-12+Terrain-13+Terrain-14+Terrain-15+Terrain-16,SuccessWeighted,0,30,30,1,24.2509,24.2509,4.0296,512,904,512
1212,Terrain-09,Terrain-A+Terrain-B+Terrain-C+Terrain-D+Terrain-01+Terrain-02+Terrain-03+Terrain-04+Terrain-05+Terrain-06+Terrain-07+Terrain-08+Terrain-10+Terrain-11+Terrain-12+Terrain-13+Terrain-14+Terrain-15+Terrain-16,TabularNgramBC,0,30,30,1,89.859,89.859,14.9312,296,225678,296
1212,Terrain-09,Terrain-A+Terrain-B+Terrain-C+Terrain-D+Terrain-01+Terrain-02+Terrain-03+Terrain-04+Terrain-05+Terrain-06+Terrain-07+Terrain-08+Terrain-10+Terrain-11+Terrain-12+Terrain-13+Terrain-14+Terrain-15+Terrain-16,EmptyLTM,0,30,30,1,112.0145,112.0145,18.6127,0,0,0
1313,Terrain-09,Terrain-A+Terrain-B+Terrain-C+Terrain-D+Terrain-01+Terrain-02+Terrain-03+Terrain-04+Terrain-05+Terrain-06+Terrain-07+Terrain-08+Terrain-10+Terrain-11+Terrain-12+Terrain-13+Terrain-14+Terrain-15+Terrain-16,SuccessWeighted,0,30,30,1,20.0074,20.0074,3.3245,512,911,512
1313,Terrain-09,Terrain-A+Terrain-B+Terrain-C+Terrain-D+Terrain-01+Terrain-02+Terrain-03+Terrain-04+Terrain-05+Terrain-06+Terrain-07+Terrain-08+Terrain-10+Terrain-11+Terrain-12+Terrain-13+Terrain-14+Terrain-15+Terrain-16,TabularNgramBC,0,30,30,1,98.7851,98.7851,16.4144,294,225702,294
1313,Terrain-09,Terrain-A+Terrain-B+Terrain-C+Terrain-D+Terrain-01+Terrain-02+Terrain-03+Terrain-04+Terrain-05+Terrain-06+Terrain-07+Terrain-08+Terrain-10+Terrain-11+Terrain-12+Terrain-13+Terrain-14+Terrain-15+Terrain-16,EmptyLTM,0,30,30,1,80.3845,80.3845,13.3569,0,0,0
1414,Terrain-09,Terrain-A+Terrain-B+Terrain-C+Terrain-D+Terrain-01+Terrain-02+Terrain-03+Terrain-04+Terrain-05+Terrain-06+Terrain-07+Terrain-08+Terrain-10+Terrain-11+Terrain-12+Terrain-13+Terrain-14+Terrain-15+Terrain-16,SuccessWeighted,0,30,30,1,35.806,35.806,5.9496,512,893,512
1414,Terrain-09,Terrain-A+Terrain-B+Terrain-C+Terrain-D+Terrain-01+Terrain-02+Terrain-03+Terrain-04+Terrain-05+Terrain-06+Terrain-07+Terrain-08+Terrain-10+Terrain-11+Terrain-12+Terrain-13+Terrain-14+Terrain-15+Terrain-16,TabularNgramBC,0,30,30,1,77.9083,77.9083,12.9455,298,225465,298
1414,Terrain-09,Terrain-A+Terrain-B+Terrain-C+Terrain-D+Terrain-01+Terrain-02+Terrain-03+Terrain-04+Terrain-05+Terrain-06+Terrain-07+Terrain-08+Terrain-10+Terrain-11+Terrain-12+Terrain-13+Terrain-14+Terrain-15+Terrain-16,EmptyLTM,0,30,30,1,100.7597,100.7597,16.7425,0,0,0
1515,Terrain-09,Terrain-A+Terrain-B+Terrain-C+Terrain-D+Terrain-01+Terrain-02+Terrain-03+Terrain-04+Terrain-05+Terrain-06+Terrain-07+Terrain-08+Terrain-10+Terrain-11+Terrain-12+Terrain-13+Terrain-14+Terrain-15+Terrain-16,SuccessWeighted,0,30,30,1,40.1369,40.1369,6.6693,512,901,512
1515,Terrain-09,Terrain-A+Terrain-B+Terrain-C+Terrain-D+Terrain-01+Terrain-02+Terrain-03+Terrain-04+Terrain-05+Terrain-06+Terrain-07+Terrain-08+Terrain-10+Terrain-11+Terrain-12+Terrain-13+Terrain-14+Terrain-15+Terrain-16,TabularNgramBC,0,30,30,1,87.4335,87.4335,14.5282,294,225690,294
1515,Terrain-09,Terrain-A+Terrain-B+Terrain-C+Terrain-D+Terrain-01+Terrain-02+Terrain-03+Terrain-04+Terrain-05+Terrain-06+Terrain-07+Terrain-08+Terrain-10+Terrain-11+Terrain-12+Terrain-13+Terrain-14+Terrain-15+Terrain-16,EmptyLTM,0,30,30,1,104.4976,104.4976,17.3636,0,0,0
1616,Terrain-09,Terrain-A+Terrain-B+Terrain-C+Terrain-D+Terrain-01+Terrain-02+Terrain-03+Terrain-04+Terrain-05+Terrain-06+Terrain-07+Terrain-08+Terrain-10+Terrain-11+Terrain-12+Terrain-13+Terrain-14+Terrain-15+Terrain-16,SuccessWeighted,0,30,30,1,25.796,25.796,4.2863,512,911,512
1616,Terrain-09,Terrain-A+Terrain-B+Terrain-C+Terrain-D+Terrain-01+Terrain-02+Terrain-03+Terrain-04+Terrain-05+Terrain-06+Terrain-07+Terrain-08+Terrain-10+Terrain-11+Terrain-12+Terrain-13+Terrain-14+Terrain-15+Terrain-16,TabularNgramBC,0,30,30,1,70.9508,70.9508,11.7894,296,225459,296
1616,Terrain-09,Terrain-A+Terrain-B+Terrain-C+Terrain-D+Terrain-01+Terrain-02+Terrain-03+Terrain-04+Terrain-05+Terrain-06+Terrain-07+Terrain-08+Terrain-10+Terrain-11+Terrain-12+Terrain-13+Terrain-14+Terrain-15+Terrain-16,EmptyLTM,0,30,30,1,127.7681,127.7681,21.2303,0,0,0
1717,Terrain-09,Terrain-A+Terrain-B+Terrain-C+Terrain-D+Terrain-01+Terrain-02+Terrain-03+Terrain-04+Terrain-05+Terrain-06+Terrain-07+Terrain-08+Terrain-10+Terrain-11+Terrain-12+Terrain-13+Terrain-14+Terrain-15+Terrain-16,SuccessWeighted,0,30,30,1,23.1664,23.1664,3.8494,512,884,512
1717,Terrain-09,Terrain-A+Terrain-B+Terrain-C+Terrain-D+Terrain-01+Terrain-02+Terrain-03+Terrain-04+Terrain-05+Terrain-06+Terrain-07+Terrain-08+Terrain-10+Terrain-11+Terrain-12+Terrain-13+Terrain-14+Terrain-15+Terrain-16,TabularNgramBC,0,30,30,1,117.5566,117.5566,19.5336,294,225486,294
1717,Terrain-09,Terrain-A+Terrain-B+Terrain-C+Terrain-D+Terrain-01+Terrain-02+Terrain-03+Terrain-04+Terrain-05+Terrain-06+Terrain-07+Terrain-08+Terrain-10+Terrain-11+Terrain-12+Terrain-13+Terrain-14+Terrain-15+Terrain-16,EmptyLTM,0,30,30,1,78.7191,78.7191,13.0802,0,0,0
1818,Terrain-09,Terrain-A+Terrain-B+Terrain-C+Terrain-D+Terrain-01+Terrain-02+Terrain-03+Terrain-04+Terrain-05+Terrain-06+Terrain-07+Terrain-08+Terrain-10+Terrain-11+Terrain-12+Terrain-13+Terrain-14+Terrain-15+Terrain-16,SuccessWeighted,0,30,30,1,26.8422,26.8422,4.4602,512,887,512
1818,Terrain-09,Terrain-A+Terrain-B+Terrain-C+Terrain-D+Terrain-01+Terrain-02+Terrain-03+Terrain-04+Terrain-05+Terrain-06+Terrain-07+Terrain-08+Terrain-10+Terrain-11+Terrain-12+Terrain-13+Terrain-14+Terrain-15+Terrain-16,TabularNgramBC,0,30,30,1,88.7971,88.7971,14.7548,296,225435,296
1818,Terrain-09,Terrain-A+Terrain-B+Terrain-C+Terrain-D+Terrain-01+Terrain-02+Terrain-03+Terrain-04+Terrain-05+Terrain-06+Terrain-07+Terrain-08+Terrain-10+Terrain-11+Terrain-12+Terrain-13+Terrain-14+Terrain-15+Terrain-16,EmptyLTM,0,30,30,1,110.1935,110.1935,18.3101,0,0,0
1919,Terrain-09,Terrain-A+Terrain-B+Terrain-C+Terrain-D+Terrain-01+Terrain-02+Terrain-03+Terrain-04+Terrain-05+Terrain-06+Terrain-07+Terrain-08+Terrain-10+Terrain-11+Terrain-12+Terrain-13+Terrain-14+Terrain-15+Terrain-16,SuccessWeighted,0,30,30,1,25.073,25.073,4.1662,512,892,512
1919,Terrain-09,Terrain-A+Terrain-B+Terrain-C+Terrain-D+Terrain-01+Terrain-02+Terrain-03+Terrain-04+Terrain-05+Terrain-06+Terrain-07+Terrain-08+Terrain-10+Terrain-11+Terrain-12+Terrain-13+Terrain-14+Terrain-15+Terrain-16,TabularNgramBC,0,30,30,1,98.5917,98.5917,16.3823,294,225522,294
1919,Terrain-09,Terrain-A+Terrain-B+Terrain-C+Terrain-D+Terrain-01+Terrain-02+Terrain-03+Terrain-04+Terrain-05+Terrain-06+Terrain-07+Terrain-08+Terrain-10+Terrain-11+Terrain-12+Terrain-13+Terrain-14+Terrain-15+Terrain-16,EmptyLTM,0,30,30,1,102.8448,102.8448,17.089,0,0,0
2020,Terrain-09,Terrain-A+Terrain-B+Terrain-C+Terrain-D+Terrain-01+Terrain-02+Terrain-03+Terrain-04+Terrain-05+Terrain-06+Terrain-07+Terrain-08+Terrain-10+Terrain-11+Terrain-12+Terrain-13+Terrain-14+Terrain-15+Terrain-16,SuccessWeighted,0,30,30,1,31.8579,31.8579,5.2936,512,905,512
2020,Terrain-09,Terrain-A+Terrain-B+Terrain-C+Terrain-D+Terrain-01+Terrain-02+Terrain-03+Terrain-04+Terrain-05+Terrain-06+Terrain-07+Terrain-08+Terrain-10+Terrain-11+Terrain-12+Terrain-13+Terrain-14+Terrain-15+Terrain-16,TabularNgramBC,0,30,30,1,107.8742,107.8742,17.9247,302,225507,302
2020,Terrain-09,Terrain-A+Terrain-B+Terrain-C+Terrain-D+Terrain-01+Terrain-02+Terrain-03+Terrain-04+Terrain-05+Terrain-06+Terrain-07+Terrain-08+Terrain-10+Terrain-11+Terrain-12+Terrain-13+Terrain-14+Terrain-15+Terrain-16,EmptyLTM,0,30,30,1,128.3115,128.3115,21.3206,0,0,0
2121,Terrain-09,Terrain-A+Terrain-B+Terrain-C+Terrain-D+Terrain-01+Terrain-02+Terrain-03+Terrain-04+Terrain-05+Terrain-06+Terrain-07+Terrain-08+Terrain-10+Terrain-11+Terrain-12+Terrain-13+Terrain-14+Terrain-15+Terrain-16,SuccessWeighted,0,30,30,1,35.7164,35.7164,5.9348,512,915,512
2121,Terrain-09,Terrain-A+Terrain-B+Terrain-C+Terrain-D+Terrain-01+Terrain-02+Terrain-03+Terrain-04+Terrain-05+Terrain-06+Terrain-07+Terrain-08+Terrain-10+Terrain-11+Terrain-12+Terrain-13+Terrain-14+Terrain-15+Terrain-16,TabularNgramBC,0,30,30,1,102.4486,102.4486,17.0232,291,225615,291
2121,Terrain-09,Terrain-A+Terrain-B+Terrain-C+Terrain-D+Terrain-01+Terrain-02+Terrain-03+Terrain-04+Terrain-05+Terrain-06+Terrain-07+Terrain-08+Terrain-10+Terrain-11+Terrain-12+Terrain-13+Terrain-14+Terrain-15+Terrain-16,EmptyLTM,0,30,30,1,105.9409,105.9409,17.6035,0,0,0
2222,Terrain-09,Terrain-A+Terrain-B+Terrain-C+Terrain-D+Terrain-01+Terrain-02+Terrain-03+Terrain-04+Terrain-05+Terrain-06+Terrain-07+Terrain-08+Terrain-10+Terrain-11+Terrain-12+Terrain-13+Terrain-14+Terrain-15+Terrain-16,SuccessWeighted,0,30,30,1,23.5669,23.5669,3.916,512,907,512
2222,Terrain-09,Terrain-A+Terrain-B+Terrain-C+Terrain-D+Terrain-01+Terrain-02+Terrain-03+Terrain-04+Terrain-05+Terrain-06+Terrain-07+Terrain-08+Terrain-10+Terrain-11+Terrain-12+Terrain-13+Terrain-14+Terrain-15+Terrain-16,TabularNgramBC,0,30,30,1,102.1669,102.1669,16.9764,294,225717,294
2222,Terrain-09,Terrain-A+Terrain-B+Terrain-C+Terrain-D+Terrain-01+Terrain-02+Terrain-03+Terrain-04+Terrain-05+Terrain-06+Terrain-07+Terrain-08+Terrain-10+Terrain-11+Terrain-12+Terrain-13+Terrain-14+Terrain-15+Terrain-16,EmptyLTM,0,30,30,1,95.7666,95.7666,15.9129,0,0,0
2323,Terrain-09,Terrain-A+Terrain-B+Terrain-C+Terrain-D+Terrain-01+Terrain-02+Terrain-03+Terrain-04+Terrain-05+Terrain-06+Terrain-07+Terrain-08+Terrain-10+Terrain-11+Terrain-12+Terrain-13+Terrain-14+Terrain-15+Terrain-16,SuccessWeighted,0,30,30,1,25.5444,25.5444,4.2445,512,910,512
2323,Terrain-09,Terrain-A+Terrain-B+Terrain-C+Terrain-D+Terrain-01+Terrain-02+Terrain-03+Terrain-04+Terrain-05+Terrain-06+Terrain-07+Terrain-08+Terrain-10+Terrain-11+Terrain-12+Terrain-13+Terrain-14+Terrain-15+Terrain-16,TabularNgramBC,0,30,30,1,71.6165,71.6165,11.9,298,225522,298
2323,Terrain-09,Terrain-A+Terrain-B+Terrain-C+Terrain-D+Terrain-01+Terrain-02+Terrain-03+Terrain-04+Terrain-05+Terrain-06+Terrain-07+Terrain-08+Terrain-10+Terrain-11+Terrain-12+Terrain-13+Terrain-14+Terrain-15+Terrain-16,EmptyLTM,0,30,30,1,83.2568,83.2568,13.8342,0,0,0
2424,Terrain-09,Terrain-A+Terrain-B+Terrain-C+Terrain-D+Terrain-01+Terrain-02+Terrain-03+Terrain-04+Terrain-05+Terrain-06+Terrain-07+Terrain-08+Terrain-10+Terrain-11+Terrain-12+Terrain-13+Terrain-14+Terrain-15+Terrain-16,SuccessWeighted,0,30,30,1,27.3724,27.3724,4.5483,512,914,512
2424,Terrain-09,Terrain-A+Terrain-B+Terrain-C+Terrain-D+Terrain-01+Terrain-02+Terrain-03+Terrain-04+Terrain-05+Terrain-06+Terrain-07+Terrain-08+Terrain-10+Terrain-11+Terrain-12+Terrain-13+Terrain-14+Terrain-15+Terrain-16,TabularNgramBC,0,30,30,1,102.1952,102.1952,16.9811,299,225633,299
2424,Terrain-09,Terrain-A+Terrain-B+Terrain-C+Terrain-D+Terrain-01+Terrain-02+Terrain-03+Terrain-04+Terrain-05+Terrain-06+Terrain-07+Terrain-08+Terrain-10+Terrain-11+Terrain-12+Terrain-13+Terrain-14+Terrain-15+Terrain-16,EmptyLTM,0,30,30,1,87.2914,87.2914,14.5046,0,0,0
2525,Terrain-09,Terrain-A+Terrain-B+Terrain-C+Terrain-D+Terrain-01+Terrain-02+Terrain-03+Terrain-04+Terrain-05+Terrain-06+Terrain-07+Terrain-08+Terrain-10+Terrain-11+Terrain-12+Terrain-13+Terrain-14+Terrain-15+Terrain-16,SuccessWeighted,0,30,30,1,24.2813,24.2813,4.0347,512,919,512
2525,Terrain-09,Terrain-A+Terrain-B+Terrain-C+Terrain-D+Terrain-01+Terrain-02+Terrain-03+Terrain-04+Terrain-05+Terrain-06+Terrain-07+Terrain-08+Terrain-10+Terrain-11+Terrain-12+Terrain-13+Terrain-14+Terrain-15+Terrain-16,TabularNgramBC,0,30,30,1,97.6656,97.6656,16.2284,291,225630,291
2525,Terrain-09,Terrain-A+Terrain-B+Terrain-C+Terrain-D+Terrain-01+Terrain-02+Terrain-03+Terrain-04+Terrain-05+Terrain-06+Terrain-07+Terrain-08+Terrain-10+Terrain-11+Terrain-12+Terrain-13+Terrain-14+Terrain-15+Terrain-16,EmptyLTM,0,30,30,1,98.9044,98.9044,16.4343,0,0,0
101,Terrain-10,Terrain-A+Terrain-B+Terrain-C+Terrain-D+Terrain-01+Terrain-02+Terrain-03+Terrain-04+Terrain-05+Terrain-06+Terrain-07+Terrain-08+Terrain-09+Terrain-11+Terrain-12+Terrain-13+Terrain-14+Terrain-15+Terrain-16,SuccessWeighted,0,30,30,1,30.472,30.472,4.9141,512,873,512
101,Terrain-10,Terrain-A+Terrain-B+Terrain-C+Terrain-D+Terrain-01+Terrain-02+Terrain-03+Terrain-04+Terrain-05+Terrain-06+Terrain-07+Terrain-08+Terrain-09+Terrain-11+Terrain-12+Terrain-13+Terrain-14+Terrain-15+Terrain-16,TabularNgramBC,0,30,30,1,102.9287,102.9287,16.5989,295,225249,295
101,Terrain-10,Terrain-A+Terrain-B+Terrain-C+Terrain-D+Terrain-01+Terrain-02+Terrain-03+Terrain-04+Terrain-05+Terrain-06+Terrain-07+Terrain-08+Terrain-09+Terrain-11+Terrain-12+Terrain-13+Terrain-14+Terrain-15+Terrain-16,EmptyLTM,0,30,30,1,148.2982,148.2982,23.9155,0,0,0
202,Terrain-10,Terrain-A+Terrain-B+Terrain-C+Terrain-D+Terrain-01+Terrain-02+Terrain-03+Terrain-04+Terrain-05+Terrain-06+Terrain-07+Terrain-08+Terrain-09+Terrain-11+Terrain-12+Terrain-13+Terrain-14+Terrain-15+Terrain-16,SuccessWeighted,0,30,30,1,30.4569,30.4569,4.9117,512,874,512
202,Terrain-10,Terrain-A+Terrain-B+Terrain-C+Terrain-D+Terrain-01+Terrain-02+Terrain-03+Terrain-04+Terrain-05+Terrain-06+Terrain-07+Terrain-08+Terrain-09+Terrain-11+Terrain-12+Terrain-13+Terrain-14+Terrain-15+Terrain-16,TabularNgramBC,0,30,30,1,120.0315,120.0315,19.357,299,225645,299
202,Terrain-10,Terrain-A+Terrain-B+Terrain-C+Terrain-D+Terrain-01+Terrain-02+Terrain-03+Terrain-04+Terrain-05+Terrain-06+Terrain-07+Terrain-08+Terrain-09+Terrain-11+Terrain-12+Terrain-13+Terrain-14+Terrain-15+Terrain-16,EmptyLTM,0,30,30,1,101.4009,101.4009,16.3525,0,0,0
303,Terrain-10,Terrain-A+Terrain-B+Terrain-C+Terrain-D+Terrain-01+Terrain-02+Terrain-03+Terrain-04+Terrain-05+Terrain-06+Terrain-07+Terrain-08+Terrain-09+Terrain-11+Terrain-12+Terrain-13+Terrain-14+Terrain-15+Terrain-16,SuccessWeighted,0,30,30,1,33.3538,33.3538,5.3788,512,870,512
303,Terrain-10,Terrain-A+Terrain-B+Terrain-C+Terrain-D+Terrain-01+Terrain-02+Terrain-03+Terrain-04+Terrain-05+Terrain-06+Terrain-07+Terrain-08+Terrain-09+Terrain-11+Terrain-12+Terrain-13+Terrain-14+Terrain-15+Terrain-16,TabularNgramBC,0,30,30,1,99.2534,99.2534,16.0062,294,225423,294
303,Terrain-10,Terrain-A+Terrain-B+Terrain-C+Terrain-D+Terrain-01+Terrain-02+Terrain-03+Terrain-04+Terrain-05+Terrain-06+Terrain-07+Terrain-08+Terrain-09+Terrain-11+Terrain-12+Terrain-13+Terrain-14+Terrain-15+Terrain-16,EmptyLTM,0,30,30,1,111.8909,111.8909,18.0442,0,0,0
404,Terrain-10,Terrain-A+Terrain-B+Terrain-C+Terrain-D+Terrain-01+Terrain-02+Terrain-03+Terrain-04+Terrain-05+Terrain-06+Terrain-07+Terrain-08+Terrain-09+Terrain-11+Terrain-12+Terrain-13+Terrain-14+Terrain-15+Terrain-16,SuccessWeighted,0,30,30,1,34.575,34.575,5.5758,512,882,512
404,Terrain-10,Terrain-A+Terrain-B+Terrain-C+Terrain-D+Terrain-01+Terrain-02+Terrain-03+Terrain-04+Terrain-05+Terrain-06+Terrain-07+Terrain-08+Terrain-09+Terrain-11+Terrain-12+Terrain-13+Terrain-14+Terrain-15+Terrain-16,TabularNgramBC,0,30,30,1,117.1259,117.1259,18.8885,298,225180,298
404,Terrain-10,Terrain-A+Terrain-B+Terrain-C+Terrain-D+Terrain-01+Terrain-02+Terrain-03+Terrain-04+Terrain-05+Terrain-06+Terrain-07+Terrain-08+Terrain-09+Terrain-11+Terrain-12+Terrain-13+Terrain-14+Terrain-15+Terrain-16,EmptyLTM,0,30,30,1,124.5101,124.5101,20.0793,0,0,0
505,Terrain-10,Terrain-A+Terrain-B+Terrain-C+Terrain-D+Terrain-01+Terrain-02+Terrain-03+Terrain-04+Terrain-05+Terrain-06+Terrain-07+Terrain-08+Terrain-09+Terrain-11+Terrain-12+Terrain-13+Terrain-14+Terrain-15+Terrain-16,SuccessWeighted,0,30,30,1,25.5786,25.5786,4.125,512,858,512
505,Terrain-10,Terrain-A+Terrain-B+Terrain-C+Terrain-D+Terrain-01+Terrain-02+Terrain-03+Terrain-04+Terrain-05+Terrain-06+Terrain-07+Terrain-08+Terrain-09+Terrain-11+Terrain-12+Terrain-13+Terrain-14+Terrain-15+Terrain-16,TabularNgramBC,0,30,30,1,77.8441,77.8441,12.5536,295,225285,295
505,Terrain-10,Terrain-A+Terrain-B+Terrain-C+Terrain-D+Terrain-01+Terrain-02+Terrain-03+Terrain-04+Terrain-05+Terrain-06+Terrain-07+Terrain-08+Terrain-09+Terrain-11+Terrain-12+Terrain-13+Terrain-14+Terrain-15+Terrain-16,EmptyLTM,0,30,30,1,140.8761,140.8761,22.7185,0,0,0
606,Terrain-10,Terrain-A+Terrain-B+Terrain-C+Terrain-D+Terrain-01+Terrain-02+Terrain-03+Terrain-04+Terrain-05+Terrain-06+Terrain-07+Terrain-08+Terrain-09+Terrain-11+Terrain-12+Terrain-13+Terrain-14+Terrain-15+Terrain-16,SuccessWeighted,0,30,30,1,25.6798,25.6798,4.1413,512,889,512
606,Terrain-10,Terrain-A+Terrain-B+Terrain-C+Terrain-D+Terrain-01+Terrain-02+Terrain-03+Terrain-04+Terrain-05+Terrain-06+Terrain-07+Terrain-08+Terrain-09+Terrain-11+Terrain-12+Terrain-13+Terrain-14+Terrain-15+Terrain-16,TabularNgramBC,0,30,30,1,103.7073,103.7073,16.7245,297,225417,297
606,Terrain-10,Terrain-A+Terrain-B+Terrain-C+Terrain-D+Terrain-01+Terrain-02+Terrain-03+Terrain-04+Terrain-05+Terrain-06+Terrain-07+Terrain-08+Terrain-09+Terrain-11+Terrain-12+Terrain-13+Terrain-14+Terrain-15+Terrain-16,EmptyLTM,0,30,30,1,147.4973,147.4973,23.7863,0,0,0
707,Terrain-10,Terrain-A+Terrain-B+Terrain-C+Terrain-D+Terrain-01+Terrain-02+Terrain-03+Terrain-04+Terrain-05+Terrain-06+Terrain-07+Terrain-08+Terrain-09+Terrain-11+Terrain-12+Terrain-13+Terrain-14+Terrain-15+Terrain-16,SuccessWeighted,0,30,30,1,26.6133,26.6133,4.2918,512,867,512
707,Terrain-10,Terrain-A+Terrain-B+Terrain-C+Terrain-D+Terrain-01+Terrain-02+Terrain-03+Terrain-04+Terrain-05+Terrain-06+Terrain-07+Terrain-08+Terrain-09+Terrain-11+Terrain-12+Terrain-13+Terrain-14+Terrain-15+Terrain-16,TabularNgramBC,0,30,30,1,106.7983,106.7983,17.2229,289,225414,289
707,Terrain-10,Terrain-A+Terrain-B+Terrain-C+Terrain-D+Terrain-01+Terrain-02+Terrain-03+Terrain-04+Terrain-05+Terrain-06+Terrain-07+Terrain-08+Terrain-09+Terrain-11+Terrain-12+Terrain-13+Terrain-14+Terrain-15+Terrain-16,EmptyLTM,0,30,30,1,120.1121,120.1121,19.37,0,0,0
808,Terrain-10,Terrain-A+Terrain-B+Terrain-C+Terrain-D+Terrain-01+Terrain-02+Terrain-03+Terrain-04+Terrain-05+Terrain-06+Terrain-07+Terrain-08+Terrain-09+Terrain-11+Terrain-12+Terrain-13+Terrain-14+Terrain-15+Terrain-16,SuccessWeighted,0,30,30,1,28.5216,28.5216,4.5996,512,877,512
808,Terrain-10,Terrain-A+Terrain-B+Terrain-C+Terrain-D+Terrain-01+Terrain-02+Terrain-03+Terrain-04+Terrain-05+Terrain-06+Terrain-07+Terrain-08+Terrain-09+Terrain-11+Terrain-12+Terrain-13+Terrain-14+Terrain-15+Terrain-16,TabularNgramBC,0,30,30,1,110.6562,110.6562,17.8451,301,225381,301
808,Terrain-10,Terrain-A+Terrain-B+Terrain-C+Terrain-D+Terrain-01+Terrain-02+Terrain-03+Terrain-04+Terrain-05+Terrain-06+Terrain-07+Terrain-08+Terrain-09+Terrain-11+Terrain-12+Terrain-13+Terrain-14+Terrain-15+Terrain-16,EmptyLTM,0,30,30,1,143.9119,143.9119,23.2081,0,0,0
909,Terrain-10,Terrain-A+Terrain-B+Terrain-C+Terrain-D+Terrain-01+Terrain-02+Terrain-03+Terrain-04+Terrain-05+Terrain-06+Terrain-07+Terrain-08+Terrain-09+Terrain-11+Terrain-12+Terrain-13+Terrain-14+Terrain-15+Terrain-16,SuccessWeighted,0,30,30,1,29.9573,29.9573,4.8311,512,863,512
909,Terrain-10,Terrain-A+Terrain-B+Terrain-C+Terrain-D+Terrain-01+Terrain-02+Terrain-03+Terrain-04+Terrain-05+Terrain-06+Terrain-07+Terrain-08+Terrain-09+Terrain-11+Terrain-12+Terrain-13+Terrain-14+Terrain-15+Terrain-16,TabularNgramBC,0,30,30,1,80.5671,80.5671,12.9927,296,224964,296
909,Terrain-10,Terrain-A+Terrain-B+Terrain-C+Terrain-D+Terrain-01+Terrain-02+Terrain-03+Terrain-04+Terrain-05+Terrain-06+Terrain-07+Terrain-08+Terrain-09+Terrain-11+Terrain-12+Terrain-13+Terrain-14+Terrain-15+Terrain-16,EmptyLTM,0,30,30,1,97.802,97.802,15.7722,0,0,0
1010,Terrain-10,Terrain-A+Terrain-B+Terrain-C+Terrain-D+Terrain-01+Terrain-02+Terrain-03+Terrain-04+Terrain-05+Terrain-06+Terrain-07+Terrain-08+Terrain-09+Terrain-11+Terrain-12+Terrain-13+Terrain-14+Terrain-15+Terrain-16,SuccessWeighted,0,30,30,1,31.9133,31.9133,5.1465,512,897,512
1010,Terrain-10,Terrain-A+Terrain-B+Terrain-C+Terrain-D+Terrain-01+Terrain-02+Terrain-03+Terrain-04+Terrain-05+Terrain-06+Terrain-07+Terrain-08+Terrain-09+Terrain-11+Terrain-12+Terrain-13+Terrain-14+Terrain-15+Terrain-16,TabularNgramBC,0,30,30,1,116.3379,116.3379,18.7614,291,225318,291
1010,Terrain-10,Terrain-A+Terrain-B+Terrain-C+Terrain-D+Terrain-01+Terrain-02+Terrain-03+Terrain-04+Terrain-05+Terrain-06+Terrain-07+Terrain-08+Terrain-09+Terrain-11+Terrain-12+Terrain-13+Terrain-14+Terrain-15+Terrain-16,EmptyLTM,0,30,30,1,116.1064,116.1064,18.724,0,0,0
1111,Terrain-10,Terrain-A+Terrain-B+Terrain-C+Terrain-D+Terrain-01+Terrain-02+Terrain-03+Terrain-04+Terrain-05+Terrain-06+Terrain-07+Terrain-08+Terrain-09+Terrain-11+Terrain-12+Terrain-13+Terrain-14+Terrain-15+Terrain-16,SuccessWeighted,0,30,30,1,30.4401,30.4401,4.909,512,893,512
1111,Terrain-10,Terrain-A+Terrain-B+Terrain-C+Terrain-D+Terrain-01+Terrain-02+Terrain-03+Terrain-04+Terrain-05+Terrain-06+Terrain-07+Terrain-08+Terrain-09+Terrain-11+Terrain-12+Terrain-13+Terrain-14+Terrain-15+Terrain-16,TabularNgramBC,0,30,30,1,86.978,86.978,14.0266,297,225543,297
1111,Terrain-10,Terrain-A+Terrain-B+Terrain-C+Terrain-D+Terrain-01+Terrain-02+Terrain-03+Terrain-04+Terrain-05+Terrain-06+Terrain-07+Terrain-08+Terrain-09+Terrain-11+Terrain-12+Terrain-13+Terrain-14+Terrain-15+Terrain-16,EmptyLTM,0,30,30,1,156.7498,156.7498,25.2784,0,0,0
1212,Terrain-10,Terrain-A+Terrain-B+Terrain-C+Terrain-D+Terrain-01+Terrain-02+Terrain-03+Terrain-04+Terrain-05+Terrain-06+Terrain-07+Terrain-08+Terrain-09+Terrain-11+Terrain-12+Terrain-13+Terrain-14+Terrain-15+Terrain-16,SuccessWeighted,0,30,30,1,26.4804,26.4804,4.2704,512,880,512
1212,Terrain-10,Terrain-A+Terrain-B+Terrain-C+Terrain-D+Terrain-01+Terrain-02+Terrain-03+Terrain-04+Terrain-05+Terrain-06+Terrain-07+Terrain-08+Terrain-09+Terrain-11+Terrain-12+Terrain-13+Terrain-14+Terrain-15+Terrain-16,TabularNgramBC,0,30,30,1,104.5196,104.5196,16.8555,298,225612,298
1212,Terrain-10,Terrain-A+Terrain-B+Terrain-C+Terrain-D+Terrain-01+Terrain-02+Terrain-03+Terrain-04+Terrain-05+Terrain-06+Terrain-07+Terrain-08+Terrain-09+Terrain-11+Terrain-12+Terrain-13+Terrain-14+Terrain-15+Terrain-16,EmptyLTM,0,30,30,1,104.2907,104.2907,16.8186,0,0,0
1313,Terrain-10,Terrain-A+Terrain-B+Terrain-C+Terrain-D+Terrain-01+Terrain-02+Terrain-03+Terrain-04+Terrain-05+Terrain-06+Terrain-07+Terrain-08+Terrain-09+Terrain-11+Terrain-12+Terrain-13+Terrain-14+Terrain-15+Terrain-16,SuccessWeighted,0,30,30,1,26.6097,26.6097,4.2912,512,895,512
1313,Terrain-10,Terrain-A+Terrain-B+Terrain-C+Terrain-D+Terrain-01+Terrain-02+Terrain-03+Terrain-04+Terrain-05+Terrain-06+Terrain-07+Terrain-08+Terrain-09+Terrain-11+Terrain-12+Terrain-13+Terrain-14+Terrain-15+Terrain-16,TabularNgramBC,0,30,30,1,99.4754,99.4754,16.042,294,225519,294
1313,Terrain-10,Terrain-A+Terrain-B+Terrain-C+Terrain-D+Terrain-01+Terrain-02+Terrain-03+Terrain-04+Terrain-05+Terrain-06+Terrain-07+Terrain-08+Terrain-09+Terrain-11+Terrain-12+Terrain-13+Terrain-14+Terrain-15+Terrain-16,EmptyLTM,0,30,30,1,112.6747,112.6747,18.1706,0,0,0
1414,Terrain-10,Terrain-A+Terrain-B+Terrain-C+Terrain-D+Terrain-01+Terrain-02+Terrain-03+Terrain-04+Terrain-05+Terrain-06+Terrain-07+Terrain-08+Terrain-09+Terrain-11+Terrain-12+Terrain-13+Terrain-14+Terrain-15+Terrain-16,SuccessWeighted,0,30,30,1,36.8781,36.8781,5.9472,512,878,512
1414,Terrain-10,Terrain-A+Terrain-B+Terrain-C+Terrain-D+Terrain-01+Terrain-02+Terrain-03+Terrain-04+Terrain-05+Terrain-06+Terrain-07+Terrain-08+Terrain-09+Terrain-11+Terrain-12+Terrain-13+Terrain-14+Terrain-15+Terrain-16,TabularNgramBC,0,30,30,1,103.1055,103.1055,16.6274,297,225375,297
1414,Terrain-10,Terrain-A+Terrain-B+Terrain-C+Terrain-D+Terrain-01+Terrain-02+Terrain-03+Terrain-04+Terrain-05+Terrain-06+Terrain-07+Terrain-08+Terrain-09+Terrain-11+Terrain-12+Terrain-13+Terrain-14+Terrain-15+Terrain-16,EmptyLTM,0,30,30,1,128.8102,128.8102,20.7727,0,0,0
1515,Terrain-10,Terrain-A+Terrain-B+Terrain-C+Terrain-D+Terrain-01+Terrain-02+Terrain-03+Terrain-04+Terrain-05+Terrain-06+Terrain-07+Terrain-08+Terrain-09+Terrain-11+Terrain-12+Terrain-13+Terrain-14+Terrain-15+Terrain-16,SuccessWeighted,0,30,30,1,44.2448,44.2448,7.1352,512,888,512
1515,Terrain-10,Terrain-A+Terrain-B+Terrain-C+Terrain-D+Terrain-01+Terrain-02+Terrain-03+Terrain-04+Terrain-05+Terrain-06+Terrain-07+Terrain-08+Terrain-09+Terrain-11+Terrain-12+Terrain-13+Terrain-14+Terrain-15+Terrain-16,TabularNgramBC,0,30,30,1,121.9266,121.9266,19.6626,295,225624,295
1515,Terrain-10,Terrain-A+Terrain-B+Terrain-C+Terrain-D+Terrain-01+Terrain-02+Terrain-03+Terrain-04+Terrain-05+Terrain-06+Terrain-07+Terrain-08+Terrain-09+Terrain-11+Terrain-12+Terrain-13+Terrain-14+Terrain-15+Terrain-16,EmptyLTM,0,30,30,1,118.181,118.181,19.0586,0,0,0
1616,Terrain-10,Terrain-A+Terrain-B+Terrain-C+Terrain-D+Terrain-01+Terrain-02+Terrain-03+Terrain-04+Terrain-05+Terrain-06+Terrain-07+Terrain-08+Terrain-09+Terrain-11+Terrain-12+Terrain-13+Terrain-14+Terrain-15+Terrain-16,SuccessWeighted,0,30,30,1,25.793,25.793,4.1595,512,895,512
1616,Terrain-10,Terrain-A+Terrain-B+Terrain-C+Terrain-D+Terrain-01+Terrain-02+Terrain-03+Terrain-04+Terrain-05+Terrain-06+Terrain-07+Terrain-08+Terrain-09+Terrain-11+Terrain-12+Terrain-13+Terrain-14+Terrain-15+Terrain-16,TabularNgramBC,0,30,30,1,81.0201,81.0201,13.0658,294,225285,294
1616,Terrain-10,Terrain-A+Terrain-B+Terrain-C+Terrain-D+Terrain-01+Terrain-02+Terrain-03+Terrain-04+Terrain-05+Terrain-06+Terrain-07+Terrain-08+Terrain-09+Terrain-11+Terrain-12+Terrain-13+Terrain-14+Terrain-15+Terrain-16,EmptyLTM,0,30,30,1,101.6172,101.6172,16.3874,0,0,0
1717,Terrain-10,Terrain-A+Terrain-B+Terrain-C+Terrain-D+Terrain-01+Terrain-02+Terrain-03+Terrain-04+Terrain-05+Terrain-06+Terrain-07+Terrain-08+Terrain-09+Terrain-11+Terrain-12+Terrain-13+Terrain-14+Terrain-15+Terrain-16,SuccessWeighted,0,30,30,1,24.7669,24.7669,3.9941,512,871,512
1717,Terrain-10,Terrain-A+Terrain-B+Terrain-C+Terrain-D+Terrain-01+Terrain-02+Terrain-03+Terrain-04+Terrain-05+Terrain-06+Terrain-07+Terrain-08+Terrain-09+Terrain-11+Terrain-12+Terrain-13+Terrain-14+Terrain-15+Terrain-16,TabularNgramBC,0,30,30,1,79.2191,79.2191,12.7754,295,225366,295
1717,Terrain-10,Terrain-A+Terrain-B+Terrain-C+Terrain-D+Terrain-01+Terrain-02+Terrain-03+Terrain-04+Terrain-05+Terrain-06+Terrain-07+Terrain-08+Terrain-09+Terrain-11+Terrain-12+Terrain-13+Terrain-14+Terrain-15+Terrain-16,EmptyLTM,0,30,30,1,94.044,94.044,15.1661,0,0,0
1818,Terrain-10,Terrain-A+Terrain-B+Terrain-C+Terrain-D+Terrain-01+Terrain-02+Terrain-03+Terrain-04+Terrain-05+Terrain-06+Terrain-07+Terrain-08+Terrain-09+Terrain-11+Terrain-12+Terrain-13+Terrain-14+Terrain-15+Terrain-16,SuccessWeighted,0,30,30,1,29.8375,29.8375,4.8118,512,875,512
1818,Terrain-10,Terrain-A+Terrain-B+Terrain-C+Terrain-D+Terrain-01+Terrain-02+Terrain-03+Terrain-04+Terrain-05+Terrain-06+Terrain-07+Terrain-08+Terrain-09+Terrain-11+Terrain-12+Terrain-13+Terrain-14+Terrain-15+Terrain-16,TabularNgramBC,0,30,30,1,85.8366,85.8366,13.8425,297,225351,297
1818,Terrain-10,Terrain-A+Terrain-B+Terrain-C+Terrain-D+Terrain-01+Terrain-02+Terrain-03+Terrain-04+Terrain-05+Terrain-06+Terrain-07+Terrain-08+Terrain-09+Terrain-11+Terrain-12+Terrain-13+Terrain-14+Terrain-15+Terrain-16,EmptyLTM,0,30,30,1,109.3,109.3,17.6264,0,0,0
1919,Terrain-10,Terrain-A+Terrain-B+Terrain-C+Terrain-D+Terrain-01+Terrain-02+Terrain-03+Terrain-04+Terrain-05+Terrain-06+Terrain-07+Terrain-08+Terrain-09+Terrain-11+Terrain-12+Terrain-13+Terrain-14+Terrain-15+Terrain-16,SuccessWeighted,0,30,30,1,28.6669,28.6669,4.623,512,884,512
1919,Terrain-10,Terrain-A+Terrain-B+Terrain-C+Terrain-D+Terrain-01+Terrain-02+Terrain-03+Terrain-04+Terrain-05+Terrain-06+Terrain-07+Terrain-08+Terrain-09+Terrain-11+Terrain-12+Terrain-13+Terrain-14+Terrain-15+Terrain-16,TabularNgramBC,0,30,30,1,86.5088,86.5088,13.9509,295,225453,295
1919,Terrain-10,Terrain-A+Terrain-B+Terrain-C+Terrain-D+Terrain-01+Terrain-02+Terrain-03+Terrain-04+Terrain-05+Terrain-06+Terrain-07+Terrain-08+Terrain-09+Terrain-11+Terrain-12+Terrain-13+Terrain-14+Terrain-15+Terrain-16,EmptyLTM,0,30,30,1,126.372,126.372,20.3795,0,0,0
2020,Terrain-10,Terrain-A+Terrain-B+Terrain-C+Terrain-D+Terrain-01+Terrain-02+Terrain-03+Terrain-04+Terrain-05+Terrain-06+Terrain-07+Terrain-08+Terrain-09+Terrain-11+Terrain-12+Terrain-13+Terrain-14+Terrain-15+Terrain-16,SuccessWeighted,0,30,30,1,32.239,32.239,5.1991,512,882,512
2020,Terrain-10,Terrain-A+Terrain-B+Terrain-C+Terrain-D+Terrain-01+Terrain-02+Terrain-03+Terrain-04+Terrain-05+Terrain-06+Terrain-07+Terrain-08+Terrain-09+Terrain-11+Terrain-12+Terrain-13+Terrain-14+Terrain-15+Terrain-16,TabularNgramBC,0,30,30,1,72.3891,72.3891,11.6739,301,225441,301
2020,Terrain-10,Terrain-A+Terrain-B+Terrain-C+Terrain-D+Terrain-01+Terrain-02+Terrain-03+Terrain-04+Terrain-05+Terrain-06+Terrain-07+Terrain-08+Terrain-09+Terrain-11+Terrain-12+Terrain-13+Terrain-14+Terrain-15+Terrain-16,EmptyLTM,0,30,30,1,116.8689,116.8689,18.847,0,0,0
2121,Terrain-10,Terrain-A+Terrain-B+Terrain-C+Terrain-D+Terrain-01+Terrain-02+Terrain-03+Terrain-04+Terrain-05+Terrain-06+Terrain-07+Terrain-08+Terrain-09+Terrain-11+Terrain-12+Terrain-13+Terrain-14+Terrain-15+Terrain-16,SuccessWeighted,0,30,30,1,38.0416,38.0416,6.1348,512,892,512
2121,Terrain-10,Terrain-A+Terrain-B+Terrain-C+Terrain-D+Terrain-01+Terrain-02+Terrain-03+Terrain-04+Terrain-05+Terrain-06+Terrain-07+Terrain-08+Terrain-09+Terrain-11+Terrain-12+Terrain-13+Terrain-14+Terrain-15+Terrain-16,TabularNgramBC,0,30,30,1,126.3466,126.3466,20.3754,293,225549,293
2121,Terrain-10,Terrain-A+Terrain-B+Terrain-C+Terrain-D+Terrain-01+Terrain-02+Terrain-03+Terrain-04+Terrain-05+Terrain-06+Terrain-07+Terrain-08+Terrain-09+Terrain-11+Terrain-12+Terrain-13+Terrain-14+Terrain-15+Terrain-16,EmptyLTM,0,30,30,1,117.4741,117.4741,18.9446,0,0,0
2222,Terrain-10,Terrain-A+Terrain-B+Terrain-C+Terrain-D+Terrain-01+Terrain-02+Terrain-03+Terrain-04+Terrain-05+Terrain-06+Terrain-07+Terrain-08+Terrain-09+Terrain-11+Terrain-12+Terrain-13+Terrain-14+Terrain-15+Terrain-16,SuccessWeighted,0,30,30,1,24.8591,24.8591,4.0089,512,884,512
2222,Terrain-10,Terrain-A+Terrain-B+Terrain-C+Terrain-D+Terrain-01+Terrain-02+Terrain-03+Terrain-04+Terrain-05+Terrain-06+Terrain-07+Terrain-08+Terrain-09+Terrain-11+Terrain-12+Terrain-13+Terrain-14+Terrain-15+Terrain-16,TabularNgramBC,0,30,30,1,85.6585,85.6585,13.8138,294,225540,294
2222,Terrain-10,Terrain-A+Terrain-B+Terrain-C+Terrain-D+Terrain-01+Terrain-02+Terrain-03+Terrain-04+Terrain-05+Terrain-06+Terrain-07+Terrain-08+Terrain-09+Terrain-11+Terrain-12+Terrain-13+Terrain-14+Terrain-15+Terrain-16,EmptyLTM,0,30,30,1,124.3606,124.3606,20.0552,0,0,0
2323,Terrain-10,Terrain-A+Terrain-B+Terrain-C+Terrain-D+Terrain-01+Terrain-02+Terrain-03+Terrain-04+Terrain-05+Terrain-06+Terrain-07+Terrain-08+Terrain-09+Terrain-11+Terrain-12+Terrain-13+Terrain-14+Terrain-15+Terrain-16,SuccessWeighted,0,30,30,1,33.3728,33.3728,5.3819,512,880,512
2323,Terrain-10,Terrain-A+Terrain-B+Terrain-C+Terrain-D+Terrain-01+Terrain-02+Terrain-03+Terrain-04+Terrain-05+Terrain-06+Terrain-07+Terrain-08+Terrain-09+Terrain-11+Terrain-12+Terrain-13+Terrain-14+Terrain-15+Terrain-16,TabularNgramBC,0,30,30,1,73.2716,73.2716,11.8162,296,225294,296
2323,Terrain-10,Terrain-A+Terrain-B+Terrain-C+Terrain-D+Terrain-01+Terrain-02+Terrain-03+Terrain-04+Terrain-05+Terrain-06+Terrain-07+Terrain-08+Terrain-09+Terrain-11+Terrain-12+Terrain-13+Terrain-14+Terrain-15+Terrain-16,EmptyLTM,0,30,30,1,136.3091,136.3091,21.9821,0,0,0
2424,Terrain-10,Terrain-A+Terrain-B+Terrain-C+Terrain-D+Terrain-01+Terrain-02+Terrain-03+Terrain-04+Terrain-05+Terrain-06+Terrain-07+Terrain-08+Terrain-09+Terrain-11+Terrain-12+Terrain-13+Terrain-14+Terrain-15+Terrain-16,SuccessWeighted,0,30,30,1,28.5798,28.5798,4.609,512,897,512
2424,Terrain-10,Terrain-A+Terrain-B+Terrain-C+Terrain-D+Terrain-01+Terrain-02+Terrain-03+Terrain-04+Terrain-05+Terrain-06+Terrain-07+Terrain-08+Terrain-09+Terrain-11+Terrain-12+Terrain-13+Terrain-14+Terrain-15+Terrain-16,TabularNgramBC,0,30,30,1,84.4681,84.4681,13.6218,299,225546,299
2424,Terrain-10,Terrain-A+Terrain-B+Terrain-C+Terrain-D+Terrain-01+Terrain-02+Terrain-03+Terrain-04+Terrain-05+Terrain-06+Terrain-07+Terrain-08+Terrain-09+Terrain-11+Terrain-12+Terrain-13+Terrain-14+Terrain-15+Terrain-16,EmptyLTM,0,30,30,1,98.1509,98.1509,15.8284,0,0,0
2525,Terrain-10,Terrain-A+Terrain-B+Terrain-C+Terrain-D+Terrain-01+Terrain-02+Terrain-03+Terrain-04+Terrain-05+Terrain-06+Terrain-07+Terrain-08+Terrain-09+Terrain-11+Terrain-12+Terrain-13+Terrain-14+Terrain-15+Terrain-16,SuccessWeighted,0,30,30,1,28.1481,28.1481,4.5393,512,907,512
2525,Terrain-10,Terrain-A+Terrain-B+Terrain-C+Terrain-D+Terrain-01+Terrain-02+Terrain-03+Terrain-04+Terrain-05+Terrain-06+Terrain-07+Terrain-08+Terrain-09+Terrain-11+Terrain-12+Terrain-13+Terrain-14+Terrain-15+Terrain-16,TabularNgramBC,0,30,30,1,99.487,99.487,16.0439,292,225564,292
2525,Terrain-10,Terrain-A+Terrain-B+Terrain-C+Terrain-D+Terrain-01+Terrain-02+Terrain-03+Terrain-04+Terrain-05+Terrain-06+Terrain-07+Terrain-08+Terrain-09+Terrain-11+Terrain-12+Terrain-13+Terrain-14+Terrain-15+Terrain-16,EmptyLTM,0,30,30,1,89.0554,89.0554,14.3616,0,0,0
101,Terrain-11,Terrain-A+Terrain-B+Terrain-C+Terrain-D+Terrain-01+Terrain-02+Terrain-03+Terrain-04+Terrain-05+Terrain-06+Terrain-07+Terrain-08+Terrain-09+Terrain-10+Terrain-12+Terrain-13+Terrain-14+Terrain-15+Terrain-16,SuccessWeighted,0,30,30,1,31.4358,31.4358,4.3598,512,885,512
101,Terrain-11,Terrain-A+Terrain-B+Terrain-C+Terrain-D+Terrain-01+Terrain-02+Terrain-03+Terrain-04+Terrain-05+Terrain-06+Terrain-07+Terrain-08+Terrain-09+Terrain-10+Terrain-12+Terrain-13+Terrain-14+Terrain-15+Terrain-16,TabularNgramBC,0,30,30,1,77.5585,77.5585,10.7565,295,225192,295
101,Terrain-11,Terrain-A+Terrain-B+Terrain-C+Terrain-D+Terrain-01+Terrain-02+Terrain-03+Terrain-04+Terrain-05+Terrain-06+Terrain-07+Terrain-08+Terrain-09+Terrain-10+Terrain-12+Terrain-13+Terrain-14+Terrain-15+Terrain-16,EmptyLTM,0,30,28,0.9333,251.6957,254.0459,34.9075,0,0,0
202,Terrain-11,Terrain-A+Terrain-B+Terrain-C+Terrain-D+Terrain-01+Terrain-02+Terrain-03+Terrain-04+Terrain-05+Terrain-06+Terrain-07+Terrain-08+Terrain-09+Terrain-10+Terrain-12+Terrain-13+Terrain-14+Terrain-15+Terrain-16,SuccessWeighted,0,30,30,1,31.4553,31.4553,4.3625,512,886,512
202,Terrain-11,Terrain-A+Terrain-B+Terrain-C+Terrain-D+Terrain-01+Terrain-02+Terrain-03+Terrain-04+Terrain-05+Terrain-06+Terrain-07+Terrain-08+Terrain-09+Terrain-10+Terrain-12+Terrain-13+Terrain-14+Terrain-15+Terrain-16,TabularNgramBC,0,30,30,1,100.3793,100.3793,13.9215,299,225588,299
202,Terrain-11,Terrain-A+Terrain-B+Terrain-C+Terrain-D+Terrain-01+Terrain-02+Terrain-03+Terrain-04+Terrain-05+Terrain-06+Terrain-07+Terrain-08+Terrain-09+Terrain-10+Terrain-12+Terrain-13+Terrain-14+Terrain-15+Terrain-16,EmptyLTM,0,30,27,0.9,292.188,304.6361,40.5234,0,0,0
303,Terrain-11,Terrain-A+Terrain-B+Terrain-C+Terrain-D+Terrain-01+Terrain-02+Terrain-03+Terrain-04+Terrain-05+Terrain-06+Terrain-07+Terrain-08+Terrain-09+Terrain-10+Terrain-12+Terrain-13+Terrain-14+Terrain-15+Terrain-16,SuccessWeighted,0,30,30,1,35.0231,35.0231,4.8573,512,883,512
303,Terrain-11,Terrain-A+Terrain-B+Terrain-C+Terrain-D+Terrain-01+Terrain-02+Terrain-03+Terrain-04+Terrain-05+Terrain-06+Terrain-07+Terrain-08+Terrain-09+Terrain-10+Terrain-12+Terrain-13+Terrain-14+Terrain-15+Terrain-16,TabularNgramBC,0,30,30,1,130.6959,130.6959,18.1261,294,225309,294
303,Terrain-11,Terrain-A+Terrain-B+Terrain-C+Terrain-D+Terrain-01+Terrain-02+Terrain-03+Terrain-04+Terrain-05+Terrain-06+Terrain-07+Terrain-08+Terrain-09+Terrain-10+Terrain-12+Terrain-13+Terrain-14+Terrain-15+Terrain-16,EmptyLTM,0,30,29,0.9667,249.381,249.4442,34.5865,0,0,0
404,Terrain-11,Terrain-A+Terrain-B+Terrain-C+Terrain-D+Terrain-01+Terrain-02+Terrain-03+Terrain-04+Terrain-05+Terrain-06+Terrain-07+Terrain-08+Terrain-09+Terrain-10+Terrain-12+Terrain-13+Terrain-14+Terrain-15+Terrain-16,SuccessWeighted,0,30,30,1,30.9364,30.9364,4.2905,512,889,512
404,Terrain-11,Terrain-A+Terrain-B+Terrain-C+Terrain-D+Terrain-01+Terrain-02+Terrain-03+Terrain-04+Terrain-05+Terrain-06+Terrain-07+Terrain-08+Terrain-09+Terrain-10+Terrain-12+Terrain-13+Terrain-14+Terrain-15+Terrain-16,TabularNgramBC,0,30,30,1,109.2314,109.2314,15.1492,296,225177,296
404,Terrain-11,Terrain-A+Terrain-B+Terrain-C+Terrain-D+Terrain-01+Terrain-02+Terrain-03+Terrain-04+Terrain-05+Terrain-06+Terrain-07+Terrain-08+Terrain-09+Terrain-10+Terrain-12+Terrain-13+Terrain-14+Terrain-15+Terrain-16,EmptyLTM,0,30,26,0.8667,274.2352,283.7124,38.0335,0,0,0
505,Terrain-11,Terrain-A+Terrain-B+Terrain-C+Terrain-D+Terrain-01+Terrain-02+Terrain-03+Terrain-04+Terrain-05+Terrain-06+Terrain-07+Terrain-08+Terrain-09+Terrain-10+Terrain-12+Terrain-13+Terrain-14+Terrain-15+Terrain-16,SuccessWeighted,0,30,30,1,29.7159,29.7159,4.1213,512,870,512
505,Terrain-11,Terrain-A+Terrain-B+Terrain-C+Terrain-D+Terrain-01+Terrain-02+Terrain-03+Terrain-04+Terrain-05+Terrain-06+Terrain-07+Terrain-08+Terrain-09+Terrain-10+Terrain-12+Terrain-13+Terrain-14+Terrain-15+Terrain-16,TabularNgramBC,0,30,30,1,95.5724,95.5724,13.2549,296,225282,296
505,Terrain-11,Terrain-A+Terrain-B+Terrain-C+Terrain-D+Terrain-01+Terrain-02+Terrain-03+Terrain-04+Terrain-05+Terrain-06+Terrain-07+Terrain-08+Terrain-09+Terrain-10+Terrain-12+Terrain-13+Terrain-14+Terrain-15+Terrain-16,EmptyLTM,0,30,26,0.8667,312.2944,335.0386,43.3119,0,0,0
606,Terrain-11,Terrain-A+Terrain-B+Terrain-C+Terrain-D+Terrain-01+Terrain-02+Terrain-03+Terrain-04+Terrain-05+Terrain-06+Terrain-07+Terrain-08+Terrain-09+Terrain-10+Terrain-12+Terrain-13+Terrain-14+Terrain-15+Terrain-16,SuccessWeighted,0,30,30,1,28.0656,28.0656,3.8924,512,901,512
606,Terrain-11,Terrain-A+Terrain-B+Terrain-C+Terrain-D+Terrain-01+Terrain-02+Terrain-03+Terrain-04+Terrain-05+Terrain-06+Terrain-07+Terrain-08+Terrain-09+Terrain-10+Terrain-12+Terrain-13+Terrain-14+Terrain-15+Terrain-16,TabularNgramBC,0,30,30,1,98.4401,98.4401,13.6526,297,225321,297
606,Terrain-11,Terrain-A+Terrain-B+Terrain-C+Terrain-D+Terrain-01+Terrain-02+Terrain-03+Terrain-04+Terrain-05+Terrain-06+Terrain-07+Terrain-08+Terrain-09+Terrain-10+Terrain-12+Terrain-13+Terrain-14+Terrain-15+Terrain-16,EmptyLTM,0,30,29,0.9667,254.1749,255.4285,35.2514,0,0,0
707,Terrain-11,Terrain-A+Terrain-B+Terrain-C+Terrain-D+Terrain-01+Terrain-02+Terrain-03+Terrain-04+Terrain-05+Terrain-06+Terrain-07+Terrain-08+Terrain-09+Terrain-10+Terrain-12+Terrain-13+Terrain-14+Terrain-15+Terrain-16,SuccessWeighted,0,30,30,1,29.5995,29.5995,4.1051,512,875,512
707,Terrain-11,Terrain-A+Terrain-B+Terrain-C+Terrain-D+Terrain-01+Terrain-02+Terrain-03+Terrain-04+Terrain-05+Terrain-06+Terrain-07+Terrain-08+Terrain-09+Terrain-10+Terrain-12+Terrain-13+Terrain-14+Terrain-15+Terrain-16,TabularNgramBC,0,30,30,1,81.9223,81.9223,11.3618,291,225321,291
707,Terrain-11,Terrain-A+Terrain-B+Terrain-C+Terrain-D+Terrain-01+Terrain-02+Terrain-03+Terrain-04+Terrain-05+Terrain-06+Terrain-07+Terrain-08+Terrain-09+Terrain-10+Terrain-12+Terrain-13+Terrain-14+Terrain-15+Terrain-16,EmptyLTM,0,30,28,0.9333,242.8701,242.1833,33.6835,0,0,0
808,Terrain-11,Terrain-A+Terrain-B+Terrain-C+Terrain-D+Terrain-01+Terrain-02+Terrain-03+Terrain-04+Terrain-05+Terrain-06+Terrain-07+Terrain-08+Terrain-09+Terrain-10+Terrain-12+Terrain-13+Terrain-14+Terrain-15+Terrain-16,SuccessWeighted,0,30,30,1,35.8088,35.8088,4.9663,512,893,512
808,Terrain-11,Terrain-A+Terrain-B+Terrain-C+Terrain-D+Terrain-01+Terrain-02+Terrain-03+Terrain-04+Terrain-05+Terrain-06+Terrain-07+Terrain-08+Terrain-09+Terrain-10+Terrain-12+Terrain-13+Terrain-14+Terrain-15+Terrain-16,TabularNgramBC,0,30,30,1,109.6968,109.6968,15.2138,300,225435,300
808,Terrain-11,Terrain-A+Terrain-B+Terrain-C+Terrain-D+Terrain-01+Terrain-02+Terrain-03+Terrain-04+Terrain-05+Terrain-06+Terrain-07+Terrain-08+Terrain-09+Terrain-10+Terrain-12+Terrain-13+Terrain-14+Terrain-15+Terrain-16,EmptyLTM,0,30,28,0.9333,270.6093,274.8467,37.5306,0,0,0
909,Terrain-11,Terrain-A+Terrain-B+Terrain-C+Terrain-D+Terrain-01+Terrain-02+Terrain-03+Terrain-04+Terrain-05+Terrain-06+Terrain-07+Terrain-08+Terrain-09+Terrain-10+Terrain-12+Terrain-13+Terrain-14+Terrain-15+Terrain-16,SuccessWeighted,0,30,30,1,26.9368,26.9368,3.7359,512,880,512
909,Terrain-11,Terrain-A+Terrain-B+Terrain-C+Terrain-D+Terrain-01+Terrain-02+Terrain-03+Terrain-04+Terrain-05+Terrain-06+Terrain-07+Terrain-08+Terrain-09+Terrain-10+Terrain-12+Terrain-13+Terrain-14+Terrain-15+Terrain-16,TabularNgramBC,0,30,30,1,82.814,82.814,11.4854,296,225015,296
909,Terrain-11,Terrain-A+Terrain-B+Terrain-C+Terrain-D+Terrain-01+Terrain-02+Terrain-03+Terrain-04+Terrain-05+Terrain-06+Terrain-07+Terrain-08+Terrain-09+Terrain-10+Terrain-12+Terrain-13+Terrain-14+Terrain-15+Terrain-16,EmptyLTM,0,30,30,1,232.1823,232.1823,32.2012,0,0,0
1010,Terrain-11,Terrain-A+Terrain-B+Terrain-C+Terrain-D+Terrain-01+Terrain-02+Terrain-03+Terrain-04+Terrain-05+Terrain-06+Terrain-07+Terrain-08+Terrain-09+Terrain-10+Terrain-12+Terrain-13+Terrain-14+Terrain-15+Terrain-16,SuccessWeighted,0,30,30,1,38.4124,38.4124,5.3274,512,907,512
1010,Terrain-11,Terrain-A+Terrain-B+Terrain-C+Terrain-D+Terrain-01+Terrain-02+Terrain-03+Terrain-04+Terrain-05+Terrain-06+Terrain-07+Terrain-08+Terrain-09+Terrain-10+Terrain-12+Terrain-13+Terrain-14+Terrain-15+Terrain-16,TabularNgramBC,0,30,30,1,112.0469,112.0469,15.5397,291,225315,291
1010,Terrain-11,Terrain-A+Terrain-B+Terrain-C+Terrain-D+Terrain-01+Terrain-02+Terrain-03+Terrain-04+Terrain-05+Terrain-06+Terrain-07+Terrain-08+Terrain-09+Terrain-10+Terrain-12+Terrain-13+Terrain-14+Terrain-15+Terrain-16,EmptyLTM,0,30,29,0.9667,269.9942,271.4614,37.4453,0,0,0
1111,Terrain-11,Terrain-A+Terrain-B+Terrain-C+Terrain-D+Terrain-01+Terrain-02+Terrain-03+Terrain-04+Terrain-05+Terrain-06+Terrain-07+Terrain-08+Terrain-09+Terrain-10+Terrain-12+Terrain-13+Terrain-14+Terrain-15+Terrain-16,SuccessWeighted,0,30,30,1,31.4962,31.4962,4.3682,512,903,512
1111,Terrain-11,Terrain-A+Terrain-B+Terrain-C+Terrain-D+Terrain-01+Terrain-02+Terrain-03+Terrain-04+Terrain-05+Terrain-06+Terrain-07+Terrain-08+Terrain-09+Terrain-10+Terrain-12+Terrain-13+Terrain-14+Terrain-15+Terrain-16,TabularNgramBC,0,30,30,1,92.1955,92.1955,12.7865,298,225378,298
1111,Terrain-11,Terrain-A+Terrain-B+Terrain-C+Terrain-D+Terrain-01+Terrain-02+Terrain-03+Terrain-04+Terrain-05+Terrain-06+Terrain-07+Terrain-08+Terrain-09+Terrain-10+Terrain-12+Terrain-13+Terrain-14+Terrain-15+Terrain-16,EmptyLTM,0,30,29,0.9667,282.3271,286.2002,39.1558,0,0,0
1212,Terrain-11,Terrain-A+Terrain-B+Terrain-C+Terrain-D+Terrain-01+Terrain-02+Terrain-03+Terrain-04+Terrain-05+Terrain-06+Terrain-07+Terrain-08+Terrain-09+Terrain-10+Terrain-12+Terrain-13+Terrain-14+Terrain-15+Terrain-16,SuccessWeighted,0,30,30,1,27.5424,27.5424,3.8198,512,903,512
1212,Terrain-11,Terrain-A+Terrain-B+Terrain-C+Terrain-D+Terrain-01+Terrain-02+Terrain-03+Terrain-04+Terrain-05+Terrain-06+Terrain-07+Terrain-08+Terrain-09+Terrain-10+Terrain-12+Terrain-13+Terrain-14+Terrain-15+Terrain-16,TabularNgramBC,0,30,30,1,108.6622,108.6622,15.0703,297,225609,297
1212,Terrain-11,Terrain-A+Terrain-B+Terrain-C+Terrain-D+Terrain-01+Terrain-02+Terrain-03+Terrain-04+Terrain-05+Terrain-06+Terrain-07+Terrain-08+Terrain-09+Terrain-10+Terrain-12+Terrain-13+Terrain-14+Terrain-15+Terrain-16,EmptyLTM,0,30,27,0.9,332.411,356.3264,46.1019,0,0,0
1313,Terrain-11,Terrain-A+Terrain-B+Terrain-C+Terrain-D+Terrain-01+Terrain-02+Terrain-03+Terrain-04+Terrain-05+Terrain-06+Terrain-07+Terrain-08+Terrain-09+Terrain-10+Terrain-12+Terrain-13+Terrain-14+Terrain-15+Terrain-16,SuccessWeighted,0,30,30,1,24.4265,24.4265,3.3877,512,906,512
1313,Terrain-11,Terrain-A+Terrain-B+Terrain-C+Terrain-D+Terrain-01+Terrain-02+Terrain-03+Terrain-04+Terrain-05+Terrain-06+Terrain-07+Terrain-08+Terrain-09+Terrain-10+Terrain-12+Terrain-13+Terrain-14+Terrain-15+Terrain-16,TabularNgramBC,0,30,30,1,99.6125,99.6125,13.8152,294,225462,294
1313,Terrain-11,Terrain-A+Terrain-B+Terrain-C+Terrain-D+Terrain-01+Terrain-02+Terrain-03+Terrain-04+Terrain-05+Terrain-06+Terrain-07+Terrain-08+Terrain-09+Terrain-10+Terrain-12+Terrain-13+Terrain-14+Terrain-15+Terrain-16,EmptyLTM,0,30,29,0.9667,287.9504,292.3474,39.9357,0,0,0
1414,Terrain-11,Terrain-A+Terrain-B+Terrain-C+Terrain-D+Terrain-01+Terrain-02+Terrain-03+Terrain-04+Terrain-05+Terrain-06+Terrain-07+Terrain-08+Terrain-09+Terrain-10+Terrain-12+Terrain-13+Terrain-14+Terrain-15+Terrain-16,SuccessWeighted,0,30,30,1,41.6177,41.6177,5.7719,512,889,512
1414,Terrain-11,Terrain-A+Terrain-B+Terrain-C+Terrain-D+Terrain-01+Terrain-02+Terrain-03+Terrain-04+Terrain-05+Terrain-06+Terrain-07+Terrain-08+Terrain-09+Terrain-10+Terrain-12+Terrain-13+Terrain-14+Terrain-15+Terrain-16,TabularNgramBC,0,30,30,1,70.9696,70.9696,9.8427,298,225372,298
1414,Terrain-11,Terrain-A+Terrain-B+Terrain-C+Terrain-D+Terrain-01+Terrain-02+Terrain-03+Terrain-04+Terrain-05+Terrain-06+Terrain-07+Terrain-08+Terrain-09+Terrain-10+Terrain-12+Terrain-13+Terrain-14+Terrain-15+Terrain-16,EmptyLTM,0,30,30,1,238.5386,238.5386,33.0828,0,0,0
1515,Terrain-11,Terrain-A+Terrain-B+Terrain-C+Terrain-D+Terrain-01+Terrain-02+Terrain-03+Terrain-04+Terrain-05+Terrain-06+Terrain-07+Terrain-08+Terrain-09+Terrain-10+Terrain-12+Terrain-13+Terrain-14+Terrain-15+Terrain-16,SuccessWeighted,0,30,30,1,52.5994,52.5994,7.295,512,900,512
1515,Terrain-11,Terrain-A+Terrain-B+Terrain-C+Terrain-D+Terrain-01+Terrain-02+Terrain-03+Terrain-04+Terrain-05+Terrain-06+Terrain-07+Terrain-08+Terrain-09+Terrain-10+Terrain-12+Terrain-13+Terrain-14+Terrain-15+Terrain-16,TabularNgramBC,0,30,30,1,101.4577,101.4577,14.0711,294,225621,294
1515,Terrain-11,Terrain-A+Terrain-B+Terrain-C+Terrain-D+Terrain-01+Terrain-02+Terrain-03+Terrain-04+Terrain-05+Terrain-06+Terrain-07+Terrain-08+Terrain-09+Terrain-10+Terrain-12+Terrain-13+Terrain-14+Terrain-15+Terrain-16,EmptyLTM,0,30,26,0.8667,318.9564,344.354,44.2359,0,0,0
1616,Terrain-11,Terrain-A+Terrain-B+Terrain-C+Terrain-D+Terrain-01+Terrain-02+Terrain-03+Terrain-04+Terrain-05+Terrain-06+Terrain-07+Terrain-08+Terrain-09+Terrain-10+Terrain-12+Terrain-13+Terrain-14+Terrain-15+Terrain-16,SuccessWeighted,0,30,30,1,34.6029,34.6029,4.7991,512,910,512
1616,Terrain-11,Terrain-A+Terrain-B+Terrain-C+Terrain-D+Terrain-01+Terrain-02+Terrain-03+Terrain-04+Terrain-05+Terrain-06+Terrain-07+Terrain-08+Terrain-09+Terrain-10+Terrain-12+Terrain-13+Terrain-14+Terrain-15+Terrain-16,TabularNgramBC,0,30,30,1,90.9761,90.9761,12.6174,295,225282,295
1616,Terrain-11,Terrain-A+Terrain-B+Terrain-C+Terrain-D+Terrain-01+Terrain-02+Terrain-03+Terrain-04+Terrain-05+Terrain-06+Terrain-07+Terrain-08+Terrain-09+Terrain-10+Terrain-12+Terrain-13+Terrain-14+Terrain-15+Terrain-16,EmptyLTM,0,30,29,0.9667,227.4367,225.6613,31.5431,0,0,0
1717,Terrain-11,Terrain-A+Terrain-B+Terrain-C+Terrain-D+Terrain-01+Terrain-02+Terrain-03+Terrain-04+Terrain-05+Terrain-06+Terrain-07+Terrain-08+Terrain-09+Terrain-10+Terrain-12+Terrain-13+Terrain-14+Terrain-15+Terrain-16,SuccessWeighted,0,30,30,1,29.592,29.592,4.1041,512,888,512
1717,Terrain-11,Terrain-A+Terrain-B+Terrain-C+Terrain-D+Terrain-01+Terrain-02+Terrain-03+Terrain-04+Terrain-05+Terrain-06+Terrain-07+Terrain-08+Terrain-09+Terrain-10+Terrain-12+Terrain-13+Terrain-14+Terrain-15+Terrain-16,TabularNgramBC,0,30,30,1,90.6703,90.6703,12.575,295,225363,295
1717,Terrain-11,Terrain-A+Terrain-B+Terrain-C+Terrain-D+Terrain-01+Terrain-02+Terrain-03+Terrain-04+Terrain-05+Terrain-06+Terrain-07+Terrain-08+Terrain-09+Terrain-10+Terrain-12+Terrain-13+Terrain-14+Terrain-15+Terrain-16,EmptyLTM,0,30,29,0.9667,195.4778,191.4782,27.1107,0,0,0
1818,Terrain-11,Terrain-A+Terrain-B+Terrain-C+Terrain-D+Terrain-01+Terrain-02+Terrain-03+Terrain-04+Terrain-05+Terrain-06+Terrain-07+Terrain-08+Terrain-09+Terrain-10+Terrain-12+Terrain-13+Terrain-14+Terrain-15+Terrain-16,SuccessWeighted,0,30,30,1,37.2471,37.2471,5.1658,512,890,512
1818,Terrain-11,Terrain-A+Terrain-B+Terrain-C+Terrain-D+Terrain-01+Terrain-02+Terrain-03+Terrain-04+Terrain-05+Terrain-06+Terrain-07+Terrain-08+Terrain-09+Terrain-10+Terrain-12+Terrain-13+Terrain-14+Terrain-15+Terrain-16,TabularNgramBC,0,30,30,1,101.3311,101.3311,14.0536,294,225294,294
1818,Terrain-11,Terrain-A+Terrain-B+Terrain-C+Terrain-D+Terrain-01+Terrain-02+Terrain-03+Terrain-04+Terrain-05+Terrain-06+Terrain-07+Terrain-08+Terrain-09+Terrain-10+Terrain-12+Terrain-13+Terrain-14+Terrain-15+Terrain-16,EmptyLTM,0,30,29,0.9667,236.6314,236.0855,32.8183,0,0,0
1919,Terrain-11,Terrain-A+Terrain-B+Terrain-C+Terrain-D+Terrain-01+Terrain-02+Terrain-03+Terrain-04+Terrain-05+Terrain-06+Terrain-07+Terrain-08+Terrain-09+Terrain-10+Terrain-12+Terrain-13+Terrain-14+Terrain-15+Terrain-16,SuccessWeighted,0,30,30,1,32.6805,32.6805,4.5324,512,890,512
1919,Terrain-11,Terrain-A+Terrain-B+Terrain-C+Terrain-D+Terrain-01+Terrain-02+Terrain-03+Terrain-04+Terrain-05+Terrain-06+Terrain-07+Terrain-08+Terrain-09+Terrain-10+Terrain-12+Terrain-13+Terrain-14+Terrain-15+Terrain-16,TabularNgramBC,0,30,30,1,100.4189,100.4189,13.927,294,225396,294
1919,Terrain-11,Terrain-A+Terrain-B+Terrain-C+Terrain-D+Terrain-01+Terrain-02+Terrain-03+Terrain-04+Terrain-05+Terrain-06+Terrain-07+Terrain-08+Terrain-09+Terrain-10+Terrain-12+Terrain-13+Terrain-14+Terrain-15+Terrain-16,EmptyLTM,0,30,30,1,209.5541,209.5541,29.0629,0,0,0
2020,Terrain-11,Terrain-A+Terrain-B+Terrain-C+Terrain-D+Terrain-01+Terrain-02+Terrain-03+Terrain-04+Terrain-05+Terrain-06+Terrain-07+Terrain-08+Terrain-09+Terrain-10+Terrain-12+Terrain-13+Terrain-14+Terrain-15+Terrain-16,SuccessWeighted,0,30,30,1,31.1701,31.1701,4.323,512,889,512
2020,Terrain-11,Terrain-A+Terrain-B+Terrain-C+Terrain-D+Terrain-01+Terrain-02+Terrain-03+Terrain-04+Terrain-05+Terrain-06+Terrain-07+Terrain-08+Terrain-09+Terrain-10+Terrain-12+Terrain-13+Terrain-14+Terrain-15+Terrain-16,TabularNgramBC,0,30,30,1,106.7092,106.7092,14.7994,300,225384,300
2020,Terrain-11,Terrain-A+Terrain-B+Terrain-C+Terrain-D+Terrain-01+Terrain-02+Terrain-03+Terrain-04+Terrain-05+Terrain-06+Terrain-07+Terrain-08+Terrain-09+Terrain-10+Terrain-12+Terrain-13+Terrain-14+Terrain-15+Terrain-16,EmptyLTM,0,30,29,0.9667,267.0013,269.0345,37.0302,0,0,0
2121,Terrain-11,Terrain-A+Terrain-B+Terrain-C+Terrain-D+Terrain-01+Terrain-02+Terrain-03+Terrain-04+Terrain-05+Terrain-06+Terrain-07+Terrain-08+Terrain-09+Terrain-10+Terrain-12+Terrain-13+Terrain-14+Terrain-15+Terrain-16,SuccessWeighted,0,30,30,1,33.0293,33.0293,4.5808,512,908,512
2121,Terrain-11,Terrain-A+Terrain-B+Terrain-C+Terrain-D+Terrain-01+Terrain-02+Terrain-03+Terrain-04+Terrain-05+Terrain-06+Terrain-07+Terrain-08+Terrain-09+Terrain-10+Terrain-12+Terrain-13+Terrain-14+Terrain-15+Terrain-16,TabularNgramBC,0,30,30,1,97.5474,97.5474,13.5288,293,225546,293
2121,Terrain-11,Terrain-A+Terrain-B+Terrain-C+Terrain-D+Terrain-01+Terrain-02+Terrain-03+Terrain-04+Terrain-05+Terrain-06+Terrain-07+Terrain-08+Terrain-09+Terrain-10+Terrain-12+Terrain-13+Terrain-14+Terrain-15+Terrain-16,EmptyLTM,0,30,28,0.9333,272.1215,276.6695,37.7404,0,0,0
2222,Terrain-11,Terrain-A+Terrain-B+Terrain-C+Terrain-D+Terrain-01+Terrain-02+Terrain-03+Terrain-04+Terrain-05+Terrain-06+Terrain-07+Terrain-08+Terrain-09+Terrain-10+Terrain-12+Terrain-13+Terrain-14+Terrain-15+Terrain-16,SuccessWeighted,0,30,30,1,26.9608,26.9608,3.7392,512,901,512
2222,Terrain-11,Terrain-A+Terrain-B+Terrain-C+Terrain-D+Terrain-01+Terrain-02+Terrain-03+Terrain-04+Terrain-05+Terrain-06+Terrain-07+Terrain-08+Terrain-09+Terrain-10+Terrain-12+Terrain-13+Terrain-14+Terrain-15+Terrain-16,TabularNgramBC,0,30,30,1,97.7491,97.7491,13.5568,294,225594,294
2222,Terrain-11,Terrain-A+Terrain-B+Terrain-C+Terrain-D+Terrain-01+Terrain-02+Terrain-03+Terrain-04+Terrain-05+Terrain-06+Terrain-07+Terrain-08+Terrain-09+Terrain-10+Terrain-12+Terrain-13+Terrain-14+Terrain-15+Terrain-16,EmptyLTM,0,30,28,0.9333,298.361,308.4268,41.3795,0,0,0
2323,Terrain-11,Terrain-A+Terrain-B+Terrain-C+Terrain-D+Terrain-01+Terrain-02+Terrain-03+Terrain-04+Terrain-05+Terrain-06+Terrain-07+Terrain-08+Terrain-09+Terrain-10+Terrain-12+Terrain-13+Terrain-14+Terrain-15+Terrain-16,SuccessWeighted,0,30,30,1,28.1615,28.1615,3.9057,512,886,512
2323,Terrain-11,Terrain-A+Terrain-B+Terrain-C+Terrain-D+Terrain-01+Terrain-02+Terrain-03+Terrain-04+Terrain-05+Terrain-06+Terrain-07+Terrain-08+Terrain-09+Terrain-10+Terrain-12+Terrain-13+Terrain-14+Terrain-15+Terrain-16,TabularNgramBC,0,30,30,1,101.4498,101.4498,14.07,296,225231,296
2323,Terrain-11,Terrain-A+Terrain-B+Terrain-C+Terrain-D+Terrain-01+Terrain-02+Terrain-03+Terrain-04+Terrain-05+Terrain-06+Terrain-07+Terrain-08+Terrain-09+Terrain-10+Terrain-12+Terrain-13+Terrain-14+Terrain-15+Terrain-16,EmptyLTM,0,30,26,0.8667,270.3277,278.4558,37.4916,0,0,0
2424,Terrain-11,Terrain-A+Terrain-B+Terrain-C+Terrain-D+Terrain-01+Terrain-02+Terrain-03+Terrain-04+Terrain-05+Terrain-06+Terrain-07+Terrain-08+Terrain-09+Terrain-10+Terrain-12+Terrain-13+Terrain-14+Terrain-15+Terrain-16,SuccessWeighted,0,30,30,1,31.0083,31.0083,4.3005,512,898,512
2424,Terrain-11,Terrain-A+Terrain-B+Terrain-C+Terrain-D+Terrain-01+Terrain-02+Terrain-03+Terrain-04+Terrain-05+Terrain-06+Terrain-07+Terrain-08+Terrain-09+Terrain-10+Terrain-12+Terrain-13+Terrain-14+Terrain-15+Terrain-16,TabularNgramBC,0,30,30,1,84.2143,84.2143,11.6796,300,225399,300
2424,Terrain-11,Terrain-A+Terrain-B+Terrain-C+Terrain-D+Terrain-01+Terrain-02+Terrain-03+Terrain-04+Terrain-05+Terrain-06+Terrain-07+Terrain-08+Terrain-09+Terrain-10+Terrain-12+Terrain-13+Terrain-14+Terrain-15+Terrain-16,EmptyLTM,0,30,28,0.9333,195.0195,184.9363,27.0471,0,0,0
2525,Terrain-11,Terrain-A+Terrain-B+Terrain-C+Terrain-D+Terrain-01+Terrain-02+Terrain-03+Terrain-04+Terrain-05+Terrain-06+Terrain-07+Terrain-08+Terrain-09+Terrain-10+Terrain-12+Terrain-13+Terrain-14+Terrain-15+Terrain-16,SuccessWeighted,0,30,30,1,27.589,27.589,3.8263,512,911,512
2525,Terrain-11,Terrain-A+Terrain-B+Terrain-C+Terrain-D+Terrain-01+Terrain-02+Terrain-03+Terrain-04+Terrain-05+Terrain-06+Terrain-07+Terrain-08+Terrain-09+Terrain-10+Terrain-12+Terrain-13+Terrain-14+Terrain-15+Terrain-16,TabularNgramBC,0,30,30,1,96.5797,96.5797,13.3946,291,225507,291
2525,Terrain-11,Terrain-A+Terrain-B+Terrain-C+Terrain-D+Terrain-01+Terrain-02+Terrain-03+Terrain-04+Terrain-05+Terrain-06+Terrain-07+Terrain-08+Terrain-09+Terrain-10+Terrain-12+Terrain-13+Terrain-14+Terrain-15+Terrain-16,EmptyLTM,0,30,30,1,197.041,197.041,27.3275,0,0,0
101,Terrain-12,Terrain-A+Terrain-B+Terrain-C+Terrain-D+Terrain-01+Terrain-02+Terrain-03+Terrain-04+Terrain-05+Terrain-06+Terrain-07+Terrain-08+Terrain-09+Terrain-10+Terrain-11+Terrain-13+Terrain-14+Terrain-15+Terrain-16,SuccessWeighted,0,30,30,1,31.75,31.75,5.4782,512,894,512
101,Terrain-12,Terrain-A+Terrain-B+Terrain-C+Terrain-D+Terrain-01+Terrain-02+Terrain-03+Terrain-04+Terrain-05+Terrain-06+Terrain-07+Terrain-08+Terrain-09+Terrain-10+Terrain-11+Terrain-13+Terrain-14+Terrain-15+Terrain-16,TabularNgramBC,0,30,30,1,71.8757,71.8757,12.4017,297,226797,297
101,Terrain-12,Terrain-A+Terrain-B+Terrain-C+Terrain-D+Terrain-01+Terrain-02+Terrain-03+Terrain-04+Terrain-05+Terrain-06+Terrain-07+Terrain-08+Terrain-09+Terrain-10+Terrain-11+Terrain-13+Terrain-14+Terrain-15+Terrain-16,EmptyLTM,0,30,30,1,108.7104,108.7104,18.7572,0,0,0
202,Terrain-12,Terrain-A+Terrain-B+Terrain-C+Terrain-D+Terrain-01+Terrain-02+Terrain-03+Terrain-04+Terrain-05+Terrain-06+Terrain-07+Terrain-08+Terrain-09+Terrain-10+Terrain-11+Terrain-13+Terrain-14+Terrain-15+Terrain-16,SuccessWeighted,0,30,30,1,23.393,23.393,4.0363,512,894,512
202,Terrain-12,Terrain-A+Terrain-B+Terrain-C+Terrain-D+Terrain-01+Terrain-02+Terrain-03+Terrain-04+Terrain-05+Terrain-06+Terrain-07+Terrain-08+Terrain-09+Terrain-10+Terrain-11+Terrain-13+Terrain-14+Terrain-15+Terrain-16,TabularNgramBC,0,30,30,1,131.8731,131.8731,22.7538,298,227238,298
202,Terrain-12,Terrain-A+Terrain-B+Terrain-C+Terrain-D+Terrain-01+Terrain-02+Terrain-03+Terrain-04+Terrain-05+Terrain-06+Terrain-07+Terrain-08+Terrain-09+Terrain-10+Terrain-11+Terrain-13+Terrain-14+Terrain-15+Terrain-16,EmptyLTM,0,30,30,1,134.1414,134.1414,23.1452,0,0,0
303,Terrain-12,Terrain-A+Terrain-B+Terrain-C+Terrain-D+Terrain-01+Terrain-02+Terrain-03+Terrain-04+Terrain-05+Terrain-06+Terrain-07+Terrain-08+Terrain-09+Terrain-10+Terrain-11+Terrain-13+Terrain-14+Terrain-15+Terrain-16,SuccessWeighted,0,30,30,1,33.107,33.107,5.7124,512,891,512
303,Terrain-12,Terrain-A+Terrain-B+Terrain-C+Terrain-D+Terrain-01+Terrain-02+Terrain-03+Terrain-04+Terrain-05+Terrain-06+Terrain-07+Terrain-08+Terrain-09+Terrain-10+Terrain-11+Terrain-13+Terrain-14+Terrain-15+Terrain-16,TabularNgramBC,0,30,30,1,82.9338,82.9338,14.3097,293,226968,293
303,Terrain-12,Terrain-A+Terrain-B+Terrain-C+Terrain-D+Terrain-01+Terrain-02+Terrain-03+Terrain-04+Terrain-05+Terrain-06+Terrain-07+Terrain-08+Terrain-09+Terrain-10+Terrain-11+Terrain-13+Terrain-14+Terrain-15+Terrain-16,EmptyLTM,0,30,30,1,138.9229,138.9229,23.9702,0,0,0
404,Terrain-12,Terrain-A+Terrain-B+Terrain-C+Terrain-D+Terrain-01+Terrain-02+Terrain-03+Terrain-04+Terrain-05+Terrain-06+Terrain-07+Terrain-08+Terrain-09+Terrain-10+Terrain-11+Terrain-13+Terrain-14+Terrain-15+Terrain-16,SuccessWeighted,0,30,30,1,28.147,28.147,4.8566,512,903,512
404,Terrain-12,Terrain-A+Terrain-B+Terrain-C+Terrain-D+Terrain-01+Terrain-02+Terrain-03+Terrain-04+Terrain-05+Terrain-06+Terrain-07+Terrain-08+Terrain-09+Terrain-10+Terrain-11+Terrain-13+Terrain-14+Terrain-15+Terrain-16,TabularNgramBC,0,30,30,1,90.3595,90.3595,15.5909,299,226773,299
404,Terrain-12,Terrain-A+Terrain-B+Terrain-C+Terrain-D+Terrain-01+Terrain-02+Terrain-03+Terrain-04+Terrain-05+Terrain-06+Terrain-07+Terrain-08+Terrain-09+Terrain-10+Terrain-11+Terrain-13+Terrain-14+Terrain-15+Terrain-16,EmptyLTM,0,30,30,1,133.2957,133.2957,22.9993,0,0,0
505,Terrain-12,Terrain-A+Terrain-B+Terrain-C+Terrain-D+Terrain-01+Terrain-02+Terrain-03+Terrain-04+Terrain-05+Terrain-06+Terrain-07+Terrain-08+Terrain-09+Terrain-10+Terrain-11+Terrain-13+Terrain-14+Terrain-15+Terrain-16,SuccessWeighted,0,30,30,1,29.1499,29.1499,5.0296,512,880,512
505,Terrain-12,Terrain-A+Terrain-B+Terrain-C+Terrain-D+Terrain-01+Terrain-02+Terrain-03+Terrain-04+Terrain-05+Terrain-06+Terrain-07+Terrain-08+Terrain-09+Terrain-10+Terrain-11+Terrain-13+Terrain-14+Terrain-15+Terrain-16,TabularNgramBC,0,30,30,1,84.553,84.553,14.589,297,226896,297
505,Terrain-12,Terrain-A+Terrain-B+Terrain-C+Terrain-D+Terrain-01+Terrain-02+Terrain-03+Terrain-04+Terrain-05+Terrain-06+Terrain-07+Terrain-08+Terrain-09+Terrain-10+Terrain-11+Terrain-13+Terrain-14+Terrain-15+Terrain-16,EmptyLTM,0,30,30,1,95.1389,95.1389,16.4156,0,0,0
606,Terrain-12,Terrain-A+Terrain-B+Terrain-C+Terrain-D+Terrain-01+Terrain-02+Terrain-03+Terrain-04+Terrain-05+Terrain-06+Terrain-07+Terrain-08+Terrain-09+Terrain-10+Terrain-11+Terrain-13+Terrain-14+Terrain-15+Terrain-16,SuccessWeighted,0,30,30,1,25.3911,25.3911,4.3811,512,903,512
606,Terrain-12,Terrain-A+Terrain-B+Terrain-C+Terrain-D+Terrain-01+Terrain-02+Terrain-03+Terrain-04+Terrain-05+Terrain-06+Terrain-07+Terrain-08+Terrain-09+Terrain-10+Terrain-11+Terrain-13+Terrain-14+Terrain-15+Terrain-16,TabularNgramBC,0,30,30,1,76.1684,76.1684,13.1423,298,226995,298
606,Terrain-12,Terrain-A+Terrain-B+Terrain-C+Terrain-D+Terrain-01+Terrain-02+Terrain-03+Terrain-04+Terrain-05+Terrain-06+Terrain-07+Terrain-08+Terrain-09+Terrain-10+Terrain-11+Terrain-13+Terrain-14+Terrain-15+Terrain-16,EmptyLTM,0,30,30,1,122.668,122.668,21.1655,0,0,0
707,Terrain-12,Terrain-A+Terrain-B+Terrain-C+Terrain-D+Terrain-01+Terrain-02+Terrain-03+Terrain-04+Terrain-05+Terrain-06+Terrain-07+Terrain-08+Terrain-09+Terrain-10+Terrain-11+Terrain-13+Terrain-14+Terrain-15+Terrain-16,SuccessWeighted,0,30,30,1,28.7443,28.7443,4.9596,512,892,512
707,Terrain-12,Terrain-A+Terrain-B+Terrain-C+Terrain-D+Terrain-01+Terrain-02+Terrain-03+Terrain-04+Terrain-05+Terrain-06+Terrain-07+Terrain-08+Terrain-09+Terrain-10+Terrain-11+Terrain-13+Terrain-14+Terrain-15+Terrain-16,TabularNgramBC,0,30,30,1,133.8262,133.8262,23.0908,290,226959,290
707,Terrain-12,Terrain-A+Terrain-B+Terrain-C+Terrain-D+Terrain-01+Terrain-02+Terrain-03+Terrain-04+Terrain-05+Terrain-06+Terrain-07+Terrain-08+Terrain-09+Terrain-10+Terrain-11+Terrain-13+Terrain-14+Terrain-15+Terrain-16,EmptyLTM,0,30,30,1,135.0868,135.0868,23.3083,0,0,0
808,Terrain-12,Terrain-A+Terrain-B+Terrain-C+Terrain-D+Terrain-01+Terrain-02+Terrain-03+Terrain-04+Terrain-05+Terrain-06+Terrain-07+Terrain-08+Terrain-09+Terrain-10+Terrain-11+Terrain-13+Terrain-14+Terrain-15+Terrain-16,SuccessWeighted,0,30,30,1,27.6978,27.6978,4.7791,512,897,512
808,Terrain-12,Terrain-A+Terrain-B+Terrain-C+Terrain-D+Terrain-01+Terrain-02+Terrain-03+Terrain-04+Terrain-05+Terrain-06+Terrain-07+Terrain-08+Terrain-09+Terrain-10+Terrain-11+Terrain-13+Terrain-14+Terrain-15+Terrain-16,TabularNgramBC,0,30,30,1,87.8433,87.8433,15.1568,300,226935,300
808,Terrain-12,Terrain-A+Terrain-B+Terrain-C+Terrain-D+Terrain-01+Terrain-02+Terrain-03+Terrain-04+Terrain-05+Terrain-06+Terrain-07+Terrain-08+Terrain-09+Terrain-10+Terrain-11+Terrain-13+Terrain-14+Terrain-15+Terrain-16,EmptyLTM,0,30,30,1,117.025,117.025,20.1919,0,0,0
909,Terrain-12,Terrain-A+Terrain-B+Terrain-C+Terrain-D+Terrain-01+Terrain-02+Terrain-03+Terrain-04+Terrain-05+Terrain-06+Terrain-07+Terrain-08+Terrain-09+Terrain-10+Terrain-11+Terrain-13+Terrain-14+Terrain-15+Terrain-16,SuccessWeighted,0,30,30,1,30.1264,30.1264,5.1981,512,891,512
909,Terrain-12,Terrain-A+Terrain-B+Terrain-C+Terrain-D+Terrain-01+Terrain-02+Terrain-03+Terrain-04+Terrain-05+Terrain-06+Terrain-07+Terrain-08+Terrain-09+Terrain-10+Terrain-11+Terrain-13+Terrain-14+Terrain-15+Terrain-16,TabularNgramBC,0,30,30,1,115.6039,115.6039,19.9467,294,226668,294
909,Terrain-12,Terrain-A+Terrain-B+Terrain-C+Terrain-D+Terrain-01+Terrain-02+Terrain-03+Terrain-04+Terrain-05+Terrain-06+Terrain-07+Terrain-08+Terrain-09+Terrain-10+Terrain-11+Terrain-13+Terrain-14+Terrain-15+Terrain-16,EmptyLTM,0,30,30,1,111.5194,111.5194,19.2419,0,0,0
1010,Terrain-12,Terrain-A+Terrain-B+Terrain-C+Terrain-D+Terrain-01+Terrain-02+Terrain-03+Terrain-04+Terrain-05+Terrain-06+Terrain-07+Terrain-08+Terrain-09+Terrain-10+Terrain-11+Terrain-13+Terrain-14+Terrain-15+Terrain-16,SuccessWeighted,0,30,30,1,30.913,30.913,5.3338,512,915,512
1010,Terrain-12,Terrain-A+Terrain-B+Terrain-C+Terrain-D+Terrain-01+Terrain-02+Terrain-03+Terrain-04+Terrain-05+Terrain-06+Terrain-07+Terrain-08+Terrain-09+Terrain-10+Terrain-11+Terrain-13+Terrain-14+Terrain-15+Terrain-16,TabularNgramBC,0,30,30,1,62.2823,62.2823,10.7464,291,226983,291
1010,Terrain-12,Terrain-A+Terrain-B+Terrain-C+Terrain-D+Terrain-01+Terrain-02+Terrain-03+Terrain-04+Terrain-05+Terrain-06+Terrain-07+Terrain-08+Terrain-09+Terrain-10+Terrain-11+Terrain-13+Terrain-14+Terrain-15+Terrain-16,EmptyLTM,0,30,30,1,123.2539,123.2539,21.2666,0,0,0
1111,Terrain-12,Terrain-A+Terrain-B+Terrain-C+Terrain-D+Terrain-01+Terrain-02+Terrain-03+Terrain-04+Terrain-05+Terrain-06+Terrain-07+Terrain-08+Terrain-09+Terrain-10+Terrain-11+Terrain-13+Terrain-14+Terrain-15+Terrain-16,SuccessWeighted,0,30,30,1,27.4527,27.4527,4.7368,512,910,512
1111,Terrain-12,Terrain-A+Terrain-B+Terrain-C+Terrain-D+Terrain-01+Terrain-02+Terrain-03+Terrain-04+Terrain-05+Terrain-06+Terrain-07+Terrain-08+Terrain-09+Terrain-10+Terrain-11+Terrain-13+Terrain-14+Terrain-15+Terrain-16,TabularNgramBC,0,30,30,1,111.0074,111.0074,19.1536,299,226995,299
1111,Terrain-12,Terrain-A+Terrain-B+Terrain-C+Terrain-D+Terrain-01+Terrain-02+Terrain-03+Terrain-04+Terrain-05+Terrain-06+Terrain-07+Terrain-08+Terrain-09+Terrain-10+Terrain-11+Terrain-13+Terrain-14+Terrain-15+Terrain-16,EmptyLTM,0,30,30,1,97.1018,97.1018,16.7542,0,0,0
1212,Terrain-12,Terrain-A+Terrain-B+Terrain-C+Terrain-D+Terrain-01+Terrain-02+Terrain-03+Terrain-04+Terrain-05+Terrain-06+Terrain-07+Terrain-08+Terrain-09+Terrain-10+Terrain-11+Terrain-13+Terrain-14+Terrain-15+Terrain-16,SuccessWeighted,0,30,30,1,26.376,26.376,4.551,512,904,512
1212,Terrain-12,Terrain-A+Terrain-B+Terrain-C+Terrain-D+Terrain-01+Terrain-02+Terrain-03+Terrain-04+Terrain-05+Terrain-06+Terrain-07+Terrain-08+Terrain-09+Terrain-10+Terrain-11+Terrain-13+Terrain-14+Terrain-15+Terrain-16,TabularNgramBC,0,30,30,1,78.3788,78.3788,13.5237,295,227202,295
1212,Terrain-12,Terrain-A+Terrain-B+Terrain-C+Terrain-D+Terrain-01+Terrain-02+Terrain-03+Terrain-04+Terrain-05+Terrain-06+Terrain-07+Terrain-08+Terrain-09+Terrain-10+Terrain-11+Terrain-13+Terrain-14+Terrain-15+Terrain-16,EmptyLTM,0,30,30,1,87.9096,87.9096,15.1682,0,0,0
1313,Terrain-12,Terrain-A+Terrain-B+Terrain-C+Terrain-D+Terrain-01+Terrain-02+Terrain-03+Terrain-04+Terrain-05+Terrain-06+Terrain-07+Terrain-08+Terrain-09+Terrain-10+Terrain-11+Terrain-13+Terrain-14+Terrain-15+Terrain-16,SuccessWeighted,0,30,30,1,24.3578,24.3578,4.2028,512,893,512
1313,Terrain-12,Terrain-A+Terrain-B+Terrain-C+Terrain-D+Terrain-01+Terrain-02+Terrain-03+Terrain-04+Terrain-05+Terrain-06+Terrain-07+Terrain-08+Terrain-09+Terrain-10+Terrain-11+Terrain-13+Terrain-14+Terrain-15+Terrain-16,TabularNgramBC,0,30,30,1,77.4921,77.4921,13.3707,293,227019,293
1313,Terrain-12,Terrain-A+Terrain-B+Terrain-C+Terrain-D+Terrain-01+Terrain-02+Terrain-03+Terrain-04+Terrain-05+Terrain-06+Terrain-07+Terrain-08+Terrain-09+Terrain-10+Terrain-11+Terrain-13+Terrain-14+Terrain-15+Terrain-16,EmptyLTM,0,30,30,1,106.1526,106.1526,18.3159,0,0,0
1414,Terrain-12,Terrain-A+Terrain-B+Terrain-C+Terrain-D+Terrain-01+Terrain-02+Terrain-03+Terrain-04+Terrain-05+Terrain-06+Terrain-07+Terrain-08+Terrain-09+Terrain-10+Terrain-11+Terrain-13+Terrain-14+Terrain-15+Terrain-16,SuccessWeighted,0,30,30,1,30.7995,30.7995,5.3142,512,906,512
1414,Terrain-12,Terrain-A+Terrain-B+Terrain-C+Terrain-D+Terrain-01+Terrain-02+Terrain-03+Terrain-04+Terrain-05+Terrain-06+Terrain-07+Terrain-08+Terrain-09+Terrain-10+Terrain-11+Terrain-13+Terrain-14+Terrain-15+Terrain-16,TabularNgramBC,0,30,30,1,101.0612,101.0612,17.4374,300,226935,300
1414,Terrain-12,Terrain-A+Terrain-B+Terrain-C+Terrain-D+Terrain-01+Terrain-02+Terrain-03+Terrain-04+Terrain-05+Terrain-06+Terrain-07+Terrain-08+Terrain-09+Terrain-10+Terrain-11+Terrain-13+Terrain-14+Terrain-15+Terrain-16,EmptyLTM,0,30,30,1,127.4264,127.4264,21.9866,0,0,0
1515,Terrain-12,Terrain-A+Terrain-B+Terrain-C+Terrain-D+Terrain-01+Terrain-02+Terrain-03+Terrain-04+Terrain-05+Terrain-06+Terrain-07+Terrain-08+Terrain-09+Terrain-10+Terrain-11+Terrain-13+Terrain-14+Terrain-15+Terrain-16,SuccessWeighted,0,30,30,1,37.9373,37.9373,6.5458,512,916,512
1515,Terrain-12,Terrain-A+Terrain-B+Terrain-C+Terrain-D+Terrain-01+Terrain-02+Terrain-03+Terrain-04+Terrain-05+Terrain-06+Terrain-07+Terrain-08+Terrain-09+Terrain-10+Terrain-11+Terrain-13+Terrain-14+Terrain-15+Terrain-16,TabularNgramBC,0,30,30,1,113.3,113.3,19.5491,300,227226,300
1515,Terrain-12,Terrain-A+Terrain-B+Terrain-C+Terrain-D+Terrain-01+Terrain-02+Terrain-03+Terrain-04+Terrain-05+Terrain-06+Terrain-07+Terrain-08+Terrain-09+Terrain-10+Terrain-11+Terrain-13+Terrain-14+Terrain-15+Terrain-16,EmptyLTM,0,30,30,1,141.0117,141.0117,24.3306,0,0,0
1616,Terrain-12,Terrain-A+Terrain-B+Terrain-C+Terrain-D+Terrain-01+Terrain-02+Terrain-03+Terrain-04+Terrain-05+Terrain-06+Terrain-07+Terrain-08+Terrain-09+Terrain-10+Terrain-11+Terrain-13+Terrain-14+Terrain-15+Terrain-16,SuccessWeighted,0,30,30,1,23.7188,23.7188,4.0925,512,907,512
1616,Terrain-12,Terrain-A+Terrain-B+Terrain-C+Terrain-D+Terrain-01+Terrain-02+Terrain-03+Terrain-04+Terrain-05+Terrain-06+Terrain-07+Terrain-08+Terrain-09+Terrain-10+Terrain-11+Terrain-13+Terrain-14+Terrain-15+Terrain-16,TabularNgramBC,0,30,30,1,55.9972,55.9972,9.6619,295,226851,295
1616,Terrain-12,Terrain-A+Terrain-B+Terrain-C+Terrain-D+Terrain-01+Terrain-02+Terrain-03+Terrain-04+Terrain-05+Terrain-06+Terrain-07+Terrain-08+Terrain-09+Terrain-10+Terrain-11+Terrain-13+Terrain-14+Terrain-15+Terrain-16,EmptyLTM,0,30,30,1,98.6791,98.6791,17.0264,0,0,0
1717,Terrain-12,Terrain-A+Terrain-B+Terrain-C+Terrain-D+Terrain-01+Terrain-02+Terrain-03+Terrain-04+Terrain-05+Terrain-06+Terrain-07+Terrain-08+Terrain-09+Terrain-10+Terrain-11+Terrain-13+Terrain-14+Terrain-15+Terrain-16,SuccessWeighted,0,30,30,1,27.6398,27.6398,4.7691,512,895,512
1717,Terrain-12,Terrain-A+Terrain-B+Terrain-C+Terrain-D+Terrain-01+Terrain-02+Terrain-03+Terrain-04+Terrain-05+Terrain-06+Terrain-07+Terrain-08+Terrain-09+Terrain-10+Terrain-11+Terrain-13+Terrain-14+Terrain-15+Terrain-16,TabularNgramBC,0,30,30,1,78.393,78.393,13.5262,296,227019,296
1717,Terrain-12,Terrain-A+Terrain-B+Terrain-C+Terrain-D+Terrain-01+Terrain-02+Terrain-03+Terrain-04+Terrain-05+Terrain-06+Terrain-07+Terrain-08+Terrain-09+Terrain-10+Terrain-11+Terrain-13+Terrain-14+Terrain-15+Terrain-16,EmptyLTM,0,30,30,1,88.43,88.43,15.258,0,0,0
1818,Terrain-12,Terrain-A+Terrain-B+Terrain-C+Terrain-D+Terrain-01+Terrain-02+Terrain-03+Terrain-04+Terrain-05+Terrain-06+Terrain-07+Terrain-08+Terrain-09+Terrain-10+Terrain-11+Terrain-13+Terrain-14+Terrain-15+Terrain-16,SuccessWeighted,0,30,30,1,27.9506,27.9506,4.8227,512,909,512
1818,Terrain-12,Terrain-A+Terrain-B+Terrain-C+Terrain-D+Terrain-01+Terrain-02+Terrain-03+Terrain-04+Terrain-05+Terrain-06+Terrain-07+Terrain-08+Terrain-09+Terrain-10+Terrain-11+Terrain-13+Terrain-14+Terrain-15+Terrain-16,TabularNgramBC,0,30,30,1,94.2167,94.2167,16.2564,294,226902,294
1818,Terrain-12,Terrain-A+Terrain-B+Terrain-C+Terrain-D+Terrain-01+Terrain-02+Terrain-03+Terrain-04+Terrain-05+Terrain-06+Terrain-07+Terrain-08+Terrain-09+Terrain-10+Terrain-11+Terrain-13+Terrain-14+Terrain-15+Terrain-16,EmptyLTM,0,30,30,1,140.017,140.017,24.159,0,0,0
1919,Terrain-12,Terrain-A+Terrain-B+Terrain-C+Terrain-D+Terrain-01+Terrain-02+Terrain-03+Terrain-04+Terrain-05+Terrain-06+Terrain-07+Terrain-08+Terrain-09+Terrain-10+Terrain-11+Terrain-13+Terrain-14+Terrain-15+Terrain-16,SuccessWeighted,0,30,30,1,22.99,22.99,3.9668,512,895,512
1919,Terrain-12,Terrain-A+Terrain-B+Terrain-C+Terrain-D+Terrain-01+Terrain-02+Terrain-03+Terrain-04+Terrain-05+Terrain-06+Terrain-07+Terrain-08+Terrain-09+Terrain-10+Terrain-11+Terrain-13+Terrain-14+Terrain-15+Terrain-16,TabularNgramBC,0,30,30,1,89.9191,89.9191,15.5149,293,227055,293
1919,Terrain-12,Terrain-A+Terrain-B+Terrain-C+Terrain-D+Terrain-01+Terrain-02+Terrain-03+Terrain-04+Terrain-05+Terrain-06+Terrain-07+Terrain-08+Terrain-09+Terrain-10+Terrain-11+Terrain-13+Terrain-14+Terrain-15+Terrain-16,EmptyLTM,0,30,30,1,110.0619,110.0619,18.9904,0,0,0
2020,Terrain-12,Terrain-A+Terrain-B+Terrain-C+Terrain-D+Terrain-01+Terrain-02+Terrain-03+Terrain-04+Terrain-05+Terrain-06+Terrain-07+Terrain-08+Terrain-09+Terrain-10+Terrain-11+Terrain-13+Terrain-14+Terrain-15+Terrain-16,SuccessWeighted,0,30,30,1,25.3338,25.3338,4.3712,512,901,512
2020,Terrain-12,Terrain-A+Terrain-B+Terrain-C+Terrain-D+Terrain-01+Terrain-02+Terrain-03+Terrain-04+Terrain-05+Terrain-06+Terrain-07+Terrain-08+Terrain-09+Terrain-10+Terrain-11+Terrain-13+Terrain-14+Terrain-15+Terrain-16,TabularNgramBC,0,30,30,1,91.4576,91.4576,15.7804,299,226980,299
2020,Terrain-12,Terrain-A+Terrain-B+Terrain-C+Terrain-D+Terrain-01+Terrain-02+Terrain-03+Terrain-04+Terrain-05+Terrain-06+Terrain-07+Terrain-08+Terrain-09+Terrain-10+Terrain-11+Terrain-13+Terrain-14+Terrain-15+Terrain-16,EmptyLTM,0,30,30,1,105.5504,105.5504,18.212,0,0,0
2121,Terrain-12,Terrain-A+Terrain-B+Terrain-C+Terrain-D+Terrain-01+Terrain-02+Terrain-03+Terrain-04+Terrain-05+Terrain-06+Terrain-07+Terrain-08+Terrain-09+Terrain-10+Terrain-11+Terrain-13+Terrain-14+Terrain-15+Terrain-16,SuccessWeighted,0,30,30,1,29.4021,29.4021,5.0731,512,916,512
2121,Terrain-12,Terrain-A+Terrain-B+Terrain-C+Terrain-D+Terrain-01+Terrain-02+Terrain-03+Terrain-04+Terrain-05+Terrain-06+Terrain-07+Terrain-08+Terrain-09+Terrain-10+Terrain-11+Terrain-13+Terrain-14+Terrain-15+Terrain-16,TabularNgramBC,0,30,30,1,82.7853,82.7853,14.284,294,227091,294
2121,Terrain-12,Terrain-A+Terrain-B+Terrain-C+Terrain-D+Terrain-01+Terrain-02+Terrain-03+Terrain-04+Terrain-05+Terrain-06+Terrain-07+Terrain-08+Terrain-09+Terrain-10+Terrain-11+Terrain-13+Terrain-14+Terrain-15+Terrain-16,EmptyLTM,0,30,30,1,132.2585,132.2585,22.8203,0,0,0
2222,Terrain-12,Terrain-A+Terrain-B+Terrain-C+Terrain-D+Terrain-01+Terrain-02+Terrain-03+Terrain-04+Terrain-05+Terrain-06+Terrain-07+Terrain-08+Terrain-09+Terrain-10+Terrain-11+Terrain-13+Terrain-14+Terrain-15+Terrain-16,SuccessWeighted,0,30,30,1,24.7186,24.7186,4.265,512,913,512
2222,Terrain-12,Terrain-A+Terrain-B+Terrain-C+Terrain-D+Terrain-01+Terrain-02+Terrain-03+Terrain-04+Terrain-05+Terrain-06+Terrain-07+Terrain-08+Terrain-09+Terrain-10+Terrain-11+Terrain-13+Terrain-14+Terrain-15+Terrain-16,TabularNgramBC,0,30,30,1,102.5998,102.5998,17.7029,295,227310,295
2222,Terrain-12,Terrain-A+Terrain-B+Terrain-C+Terrain-D+Terrain-01+Terrain-02+Terrain-03+Terrain-04+Terrain-05+Terrain-06+Terrain-07+Terrain-08+Terrain-09+Terrain-10+Terrain-11+Terrain-13+Terrain-14+Terrain-15+Terrain-16,EmptyLTM,0,30,30,1,124.1454,124.1454,21.4204,0,0,0
2323,Terrain-12,Terrain-A+Terrain-B+Terrain-C+Terrain-D+Terrain-01+Terrain-02+Terrain-03+Terrain-04+Terrain-05+Terrain-06+Terrain-07+Terrain-08+Terrain-09+Terrain-10+Terrain-11+Terrain-13+Terrain-14+Terrain-15+Terrain-16,SuccessWeighted,0,30,30,1,27.7436,27.7436,4.787,512,901,512
2323,Terrain-12,Terrain-A+Terrain-B+Terrain-C+Terrain-D+Terrain-01+Terrain-02+Terrain-03+Terrain-04+Terrain-05+Terrain-06+Terrain-07+Terrain-08+Terrain-09+Terrain-10+Terrain-11+Terrain-13+Terrain-14+Terrain-15+Terrain-16,TabularNgramBC,0,30,30,1,96.7218,96.7218,16.6887,296,226950,296
2323,Terrain-12,Terrain-A+Terrain-B+Terrain-C+Terrain-D+Terrain-01+Terrain-02+Terrain-03+Terrain-04+Terrain-05+Terrain-06+Terrain-07+Terrain-08+Terrain-09+Terrain-10+Terrain-11+Terrain-13+Terrain-14+Terrain-15+Terrain-16,EmptyLTM,0,30,30,1,124.344,124.344,21.4547,0,0,0
2424,Terrain-12,Terrain-A+Terrain-B+Terrain-C+Terrain-D+Terrain-01+Terrain-02+Terrain-03+Terrain-04+Terrain-05+Terrain-06+Terrain-07+Terrain-08+Terrain-09+Terrain-10+Terrain-11+Terrain-13+Terrain-14+Terrain-15+Terrain-16,SuccessWeighted,0,30,30,1,25.4416,25.4416,4.3898,512,909,512
2424,Terrain-12,Terrain-A+Terrain-B+Terrain-C+Terrain-D+Terrain-01+Terrain-02+Terrain-03+Terrain-04+Terrain-05+Terrain-06+Terrain-07+Terrain-08+Terrain-09+Terrain-10+Terrain-11+Terrain-13+Terrain-14+Terrain-15+Terrain-16,TabularNgramBC,0,30,30,1,93.5668,93.5668,16.1443,300,227043,300
2424,Terrain-12,Terrain-A+Terrain-B+Terrain-C+Terrain-D+Terrain-01+Terrain-02+Terrain-03+Terrain-04+Terrain-05+Terrain-06+Terrain-07+Terrain-08+Terrain-09+Terrain-10+Terrain-11+Terrain-13+Terrain-14+Terrain-15+Terrain-16,EmptyLTM,0,30,30,1,121.751,121.751,21.0073,0,0,0
2525,Terrain-12,Terrain-A+Terrain-B+Terrain-C+Terrain-D+Terrain-01+Terrain-02+Terrain-03+Terrain-04+Terrain-05+Terrain-06+Terrain-07+Terrain-08+Terrain-09+Terrain-10+Terrain-11+Terrain-13+Terrain-14+Terrain-15+Terrain-16,SuccessWeighted,0,30,30,1,27.94,27.94,4.8209,512,914,512
2525,Terrain-12,Terrain-A+Terrain-B+Terrain-C+Terrain-D+Terrain-01+Terrain-02+Terrain-03+Terrain-04+Terrain-05+Terrain-06+Terrain-07+Terrain-08+Terrain-09+Terrain-10+Terrain-11+Terrain-13+Terrain-14+Terrain-15+Terrain-16,TabularNgramBC,0,30,30,1,82.7082,82.7082,14.2707,292,227226,292
2525,Terrain-12,Terrain-A+Terrain-B+Terrain-C+Terrain-D+Terrain-01+Terrain-02+Terrain-03+Terrain-04+Terrain-05+Terrain-06+Terrain-07+Terrain-08+Terrain-09+Terrain-10+Terrain-11+Terrain-13+Terrain-14+Terrain-15+Terrain-16,EmptyLTM,0,30,30,1,131.8766,131.8766,22.7544,0,0,0
101,Terrain-13,Terrain-A+Terrain-B+Terrain-C+Terrain-D+Terrain-01+Terrain-02+Terrain-03+Terrain-04+Terrain-05+Terrain-06+Terrain-07+Terrain-08+Terrain-09+Terrain-10+Terrain-11+Terrain-12+Terrain-14+Terrain-15+Terrain-16,SuccessWeighted,0,30,30,1,30.4969,30.4969,3.8505,512,862,512
101,Terrain-13,Terrain-A+Terrain-B+Terrain-C+Terrain-D+Terrain-01+Terrain-02+Terrain-03+Terrain-04+Terrain-05+Terrain-06+Terrain-07+Terrain-08+Terrain-09+Terrain-10+Terrain-11+Terrain-12+Terrain-14+Terrain-15+Terrain-16,TabularNgramBC,0,30,30,1,110.5407,110.5407,13.9569,293,225240,293
101,Terrain-13,Terrain-A+Terrain-B+Terrain-C+Terrain-D+Terrain-01+Terrain-02+Terrain-03+Terrain-04+Terrain-05+Terrain-06+Terrain-07+Terrain-08+Terrain-09+Terrain-10+Terrain-11+Terrain-12+Terrain-14+Terrain-15+Terrain-16,EmptyLTM,0,30,30,1,102.5333,102.5333,12.9459,0,0,0
202,Terrain-13,Terrain-A+Terrain-B+Terrain-C+Terrain-D+Terrain-01+Terrain-02+Terrain-03+Terrain-04+Terrain-05+Terrain-06+Terrain-07+Terrain-08+Terrain-09+Terrain-10+Terrain-11+Terrain-12+Terrain-14+Terrain-15+Terrain-16,SuccessWeighted,0,30,30,1,30.2289,30.2289,3.8167,512,849,512
202,Terrain-13,Terrain-A+Terrain-B+Terrain-C+Terrain-D+Terrain-01+Terrain-02+Terrain-03+Terrain-04+Terrain-05+Terrain-06+Terrain-07+Terrain-08+Terrain-09+Terrain-10+Terrain-11+Terrain-12+Terrain-14+Terrain-15+Terrain-16,TabularNgramBC,0,30,30,1,96.6302,96.6302,12.2006,297,225636,297
202,Terrain-13,Terrain-A+Terrain-B+Terrain-C+Terrain-D+Terrain-01+Terrain-02+Terrain-03+Terrain-04+Terrain-05+Terrain-06+Terrain-07+Terrain-08+Terrain-09+Terrain-10+Terrain-11+Terrain-12+Terrain-14+Terrain-15+Terrain-16,EmptyLTM,0,30,30,1,122.217,122.217,15.4312,0,0,0
303,Terrain-13,Terrain-A+Terrain-B+Terrain-C+Terrain-D+Terrain-01+Terrain-02+Terrain-03+Terrain-04+Terrain-05+Terrain-06+Terrain-07+Terrain-08+Terrain-09+Terrain-10+Terrain-11+Terrain-12+Terrain-14+Terrain-15+Terrain-16,SuccessWeighted,0,30,30,1,36.3463,36.3463,4.5891,512,861,512
303,Terrain-13,Terrain-A+Terrain-B+Terrain-C+Terrain-D+Terrain-01+Terrain-02+Terrain-03+Terrain-04+Terrain-05+Terrain-06+Terrain-07+Terrain-08+Terrain-09+Terrain-10+Terrain-11+Terrain-12+Terrain-14+Terrain-15+Terrain-16,TabularNgramBC,0,30,30,1,74.082,74.082,9.3536,295,225414,295
303,Terrain-13,Terrain-A+Terrain-B+Terrain-C+Terrain-D+Terrain-01+Terrain-02+Terrain-03+Terrain-04+Terrain-05+Terrain-06+Terrain-07+Terrain-08+Terrain-09+Terrain-10+Terrain-11+Terrain-12+Terrain-14+Terrain-15+Terrain-16,EmptyLTM,0,30,30,1,126.0026,126.0026,15.9091,0,0,0
404,Terrain-13,Terrain-A+Terrain-B+Terrain-C+Terrain-D+Terrain-01+Terrain-02+Terrain-03+Terrain-04+Terrain-05+Terrain-06+Terrain-07+Terrain-08+Terrain-09+Terrain-10+Terrain-11+Terrain-12+Terrain-14+Terrain-15+Terrain-16,SuccessWeighted,0,30,30,1,27.8447,27.8447,3.5157,512,866,512
404,Terrain-13,Terrain-A+Terrain-B+Terrain-C+Terrain-D+Terrain-01+Terrain-02+Terrain-03+Terrain-04+Terrain-05+Terrain-06+Terrain-07+Terrain-08+Terrain-09+Terrain-10+Terrain-11+Terrain-12+Terrain-14+Terrain-15+Terrain-16,TabularNgramBC,0,30,30,1,73.28,73.28,9.2524,295,225282,295
404,Terrain-13,Terrain-A+Terrain-B+Terrain-C+Terrain-D+Terrain-01+Terrain-02+Terrain-03+Terrain-04+Terrain-05+Terrain-06+Terrain-07+Terrain-08+Terrain-09+Terrain-10+Terrain-11+Terrain-12+Terrain-14+Terrain-15+Terrain-16,EmptyLTM,0,30,30,1,86.4906,86.4906,10.9203,0,0,0
505,Terrain-13,Terrain-A+Terrain-B+Terrain-C+Terrain-D+Terrain-01+Terrain-02+Terrain-03+Terrain-04+Terrain-05+Terrain-06+Terrain-07+Terrain-08+Terrain-09+Terrain-10+Terrain-11+Terrain-12+Terrain-14+Terrain-15+Terrain-16,SuccessWeighted,0,30,30,1,24.9524,24.9524,3.1505,512,836,512
505,Terrain-13,Terrain-A+Terrain-B+Terrain-C+Terrain-D+Terrain-01+Terrain-02+Terrain-03+Terrain-04+Terrain-05+Terrain-06+Terrain-07+Terrain-08+Terrain-09+Terrain-10+Terrain-11+Terrain-12+Terrain-14+Terrain-15+Terrain-16,TabularNgramBC,0,30,30,1,92.2641,92.2641,11.6493,296,225276,296
505,Terrain-13,Terrain-A+Terrain-B+Terrain-C+Terrain-D+Terrain-01+Terrain-02+Terrain-03+Terrain-04+Terrain-05+Terrain-06+Terrain-07+Terrain-08+Terrain-09+Terrain-10+Terrain-11+Terrain-12+Terrain-14+Terrain-15+Terrain-16,EmptyLTM,0,30,30,1,116.8413,116.8413,14.7524,0,0,0
606,Terrain-13,Terrain-A+Terrain-B+Terrain-C+Terrain-D+Terrain-01+Terrain-02+Terrain-03+Terrain-04+Terrain-05+Terrain-06+Terrain-07+Terrain-08+Terrain-09+Terrain-10+Terrain-11+Terrain-12+Terrain-14+Terrain-15+Terrain-16,SuccessWeighted,0,30,30,1,26.2585,26.2585,3.3154,512,856,512
606,Terrain-13,Terrain-A+Terrain-B+Terrain-C+Terrain-D+Terrain-01+Terrain-02+Terrain-03+Terrain-04+Terrain-05+Terrain-06+Terrain-07+Terrain-08+Terrain-09+Terrain-10+Terrain-11+Terrain-12+Terrain-14+Terrain-15+Terrain-16,TabularNgramBC,0,30,30,1,103.2695,103.2695,13.0388,297,225465,297
606,Terrain-13,Terrain-A+Terrain-B+Terrain-C+Terrain-D+Terrain-01+Terrain-02+Terrain-03+Terrain-04+Terrain-05+Terrain-06+Terrain-07+Terrain-08+Terrain-09+Terrain-10+Terrain-11+Terrain-12+Terrain-14+Terrain-15+Terrain-16,EmptyLTM,0,30,30,1,110.7058,110.7058,13.9778,0,0,0
707,Terrain-13,Terrain-A+Terrain-B+Terrain-C+Terrain-D+Terrain-01+Terrain-02+Terrain-03+Terrain-04+Terrain-05+Terrain-06+Terrain-07+Terrain-08+Terrain-09+Terrain-10+Terrain-11+Terrain-12+Terrain-14+Terrain-15+Terrain-16,SuccessWeighted,0,30,30,1,37.2682,37.2682,4.7055,512,854,512
707,Terrain-13,Terrain-A+Terrain-B+Terrain-C+Terrain-D+Terrain-01+Terrain-02+Terrain-03+Terrain-04+Terrain-05+Terrain-06+Terrain-07+Terrain-08+Terrain-09+Terrain-10+Terrain-11+Terrain-12+Terrain-14+Terrain-15+Terrain-16,TabularNgramBC,0,30,30,1,124.3629,124.3629,15.7021,287,225405,287
707,Terrain-13,Terrain-A+Terrain-B+Terrain-C+Terrain-D+Terrain-01+Terrain-02+Terrain-03+Terrain-04+Terrain-05+Terrain-06+Terrain-07+Terrain-08+Terrain-09+Terrain-10+Terrain-11+Terrain-12+Terrain-14+Terrain-15+Terrain-16,EmptyLTM,0,30,30,1,95.3251,95.3251,12.0358,0,0,0
808,Terrain-13,Terrain-A+Terrain-B+Terrain-C+Terrain-D+Terrain-01+Terrain-02+Terrain-03+Terrain-04+Terrain-05+Terrain-06+Terrain-07+Terrain-08+Terrain-09+Terrain-10+Terrain-11+Terrain-12+Terrain-14+Terrain-15+Terrain-16,SuccessWeighted,0,30,30,1,34.5136,34.5136,4.3577,512,863,512
808,Terrain-13,Terrain-A+Terrain-B+Terrain-C+Terrain-D+Terrain-01+Terrain-02+Terrain-03+Terrain-04+Terrain-05+Terrain-06+Terrain-07+Terrain-08+Terrain-09+Terrain-10+Terrain-11+Terrain-12+Terrain-14+Terrain-15+Terrain-16,TabularNgramBC,0,30,30,1,115.0732,115.0732,14.5292,294,225372,294
808,Terrain-13,Terrain-A+Terrain-B+Terrain-C+Terrain-D+Terrain-01+Terrain-02+Terrain-03+Terrain-04+Terrain-05+Terrain-06+Terrain-07+Terrain-08+Terrain-09+Terrain-10+Terrain-11+Terrain-12+Terrain-14+Terrain-15+Terrain-16,EmptyLTM,0,30,30,1,111.9129,111.9129,14.1302,0,0,0
909,Terrain-13,Terrain-A+Terrain-B+Terrain-C+Terrain-D+Terrain-01+Terrain-02+Terrain-03+Terrain-04+Terrain-05+Terrain-06+Terrain-07+Terrain-08+Terrain-09+Terrain-10+Terrain-11+Terrain-12+Terrain-14+Terrain-15+Terrain-16,SuccessWeighted,0,30,30,1,27.2165,27.2165,3.4364,512,857,512
909,Terrain-13,Terrain-A+Terrain-B+Terrain-C+Terrain-D+Terrain-01+Terrain-02+Terrain-03+Terrain-04+Terrain-05+Terrain-06+Terrain-07+Terrain-08+Terrain-09+Terrain-10+Terrain-11+Terrain-12+Terrain-14+Terrain-15+Terrain-16,TabularNgramBC,0,30,30,1,84.9164,84.9164,10.7216,295,225117,295
909,Terrain-13,Terrain-A+Terrain-B+Terrain-C+Terrain-D+Terrain-01+Terrain-02+Terrain-03+Terrain-04+Terrain-05+Terrain-06+Terrain-07+Terrain-08+Terrain-09+Terrain-10+Terrain-11+Terrain-12+Terrain-14+Terrain-15+Terrain-16,EmptyLTM,0,30,30,1,97.3467,97.3467,12.291,0,0,0
1010,Terrain-13,Terrain-A+Terrain-B+Terrain-C+Terrain-D+Terrain-01+Terrain-02+Terrain-03+Terrain-04+Terrain-05+Terrain-06+Terrain-07+Terrain-08+Terrain-09+Terrain-10+Terrain-11+Terrain-12+Terrain-14+Terrain-15+Terrain-16,SuccessWeighted,0,30,30,1,40.384,40.384,5.0989,512,890,512
1010,Terrain-13,Terrain-A+Terrain-B+Terrain-C+Terrain-D+Terrain-01+Terrain-02+Terrain-03+Terrain-04+Terrain-05+Terrain-06+Terrain-07+Terrain-08+Terrain-09+Terrain-10+Terrain-11+Terrain-12+Terrain-14+Terrain-15+Terrain-16,TabularNgramBC,0,30,30,1,122.859,122.859,15.5122,287,225420,287
1010,Terrain-13,Terrain-A+Terrain-B+Terrain-C+Terrain-D+Terrain-01+Terrain-02+Terrain-03+Terrain-04+Terrain-05+Terrain-06+Terrain-07+Terrain-08+Terrain-09+Terrain-10+Terrain-11+Terrain-12+Terrain-14+Terrain-15+Terrain-16,EmptyLTM,0,30,30,1,114.3738,114.3738,14.4409,0,0,0
1111,Terrain-13,Terrain-A+Terrain-B+Terrain-C+Terrain-D+Terrain-01+Terrain-02+Terrain-03+Terrain-04+Terrain-05+Terrain-06+Terrain-07+Terrain-08+Terrain-09+Terrain-10+Terrain-11+Terrain-12+Terrain-14+Terrain-15+Terrain-16,SuccessWeighted,0,30,30,1,31.6559,31.6559,3.9969,512,871,512
1111,Terrain-13,Terrain-A+Terrain-B+Terrain-C+Terrain-D+Terrain-01+Terrain-02+Terrain-03+Terrain-04+Terrain-05+Terrain-06+Terrain-07+Terrain-08+Terrain-09+Terrain-10+Terrain-11+Terrain-12+Terrain-14+Terrain-15+Terrain-16,TabularNgramBC,0,30,30,1,113.4165,113.4165,14.32,298,225480,298
1111,Terrain-13,Terrain-A+Terrain-B+Terrain-C+Terrain-D+Terrain-01+Terrain-02+Terrain-03+Terrain-04+Terrain-05+Terrain-06+Terrain-07+Terrain-08+Terrain-09+Terrain-10+Terrain-11+Terrain-12+Terrain-14+Terrain-15+Terrain-16,EmptyLTM,0,30,30,1,87.881,87.881,11.0959,0,0,0
1212,Terrain-13,Terrain-A+Terrain-B+Terrain-C+Terrain-D+Terrain-01+Terrain-02+Terrain-03+Terrain-04+Terrain-05+Terrain-06+Terrain-07+Terrain-08+Terrain-09+Terrain-10+Terrain-11+Terrain-12+Terrain-14+Terrain-15+Terrain-16,SuccessWeighted,0,30,30,1,27.0741,27.0741,3.4184,512,872,512
1212,Terrain-13,Terrain-A+Terrain-B+Terrain-C+Terrain-D+Terrain-01+Terrain-02+Terrain-03+Terrain-04+Terrain-05+Terrain-06+Terrain-07+Terrain-08+Terrain-09+Terrain-10+Terrain-11+Terrain-12+Terrain-14+Terrain-15+Terrain-16,TabularNgramBC,0,30,30,1,69.0769,69.0769,8.7217,295,225657,295
1212,Terrain-13,Terrain-A+Terrain-B+Terrain-C+Terrain-D+Terrain-01+Terrain-02+Terrain-03+Terrain-04+Terrain-05+Terrain-06+Terrain-07+Terrain-08+Terrain-09+Terrain-10+Terrain-11+Terrain-12+Terrain-14+Terrain-15+Terrain-16,EmptyLTM,0,30,30,1,93.9756,93.9756,11.8654,0,0,0
1313,Terrain-13,Terrain-A+Terrain-B+Terrain-C+Terrain-D+Terrain-01+Terrain-02+Terrain-03+Terrain-04+Terrain-05+Terrain-06+Terrain-07+Terrain-08+Terrain-09+Terrain-10+Terrain-11+Terrain-12+Terrain-14+Terrain-15+Terrain-16,SuccessWeighted,0,30,30,1,27.7324,27.7324,3.5015,512,873,512
1313,Terrain-13,Terrain-A+Terrain-B+Terrain-C+Terrain-D+Terrain-01+Terrain-02+Terrain-03+Terrain-04+Terrain-05+Terrain-06+Terrain-07+Terrain-08+Terrain-09+Terrain-10+Terrain-11+Terrain-12+Terrain-14+Terrain-15+Terrain-16,TabularNgramBC,0,30,30,1,97.0736,97.0736,12.2566,293,225510,293
1313,Terrain-13,Terrain-A+Terrain-B+Terrain-C+Terrain-D+Terrain-01+Terrain-02+Terrain-03+Terrain-04+Terrain-05+Terrain-06+Terrain-07+Terrain-08+Terrain-09+Terrain-10+Terrain-11+Terrain-12+Terrain-14+Terrain-15+Terrain-16,EmptyLTM,0,30,30,1,109.569,109.569,13.8342,0,0,0
1414,Terrain-13,Terrain-A+Terrain-B+Terrain-C+Terrain-D+Terrain-01+Terrain-02+Terrain-03+Terrain-04+Terrain-05+Terrain-06+Terrain-07+Terrain-08+Terrain-09+Terrain-10+Terrain-11+Terrain-12+Terrain-14+Terrain-15+Terrain-16,SuccessWeighted,0,30,30,1,31.6484,31.6484,3.9959,512,865,512
1414,Terrain-13,Terrain-A+Terrain-B+Terrain-C+Terrain-D+Terrain-01+Terrain-02+Terrain-03+Terrain-04+Terrain-05+Terrain-06+Terrain-07+Terrain-08+Terrain-09+Terrain-10+Terrain-11+Terrain-12+Terrain-14+Terrain-15+Terrain-16,TabularNgramBC,0,30,30,1,101.2934,101.2934,12.7893,296,225366,296
1414,Terrain-13,Terrain-A+Terrain-B+Terrain-C+Terrain-D+Terrain-01+Terrain-02+Terrain-03+Terrain-04+Terrain-05+Terrain-06+Terrain-07+Terrain-08+Terrain-09+Terrain-10+Terrain-11+Terrain-12+Terrain-14+Terrain-15+Terrain-16,EmptyLTM,0,30,30,1,108.678,108.678,13.7217,0,0,0
1515,Terrain-13,Terrain-A+Terrain-B+Terrain-C+Terrain-D+Terrain-01+Terrain-02+Terrain-03+Terrain-04+Terrain-05+Terrain-06+Terrain-07+Terrain-08+Terrain-09+Terrain-10+Terrain-11+Terrain-12+Terrain-14+Terrain-15+Terrain-16,SuccessWeighted,0,30,30,1,49.1237,49.1237,6.2024,512,880,512
1515,Terrain-13,Terrain-A+Terrain-B+Terrain-C+Terrain-D+Terrain-01+Terrain-02+Terrain-03+Terrain-04+Terrain-05+Terrain-06+Terrain-07+Terrain-08+Terrain-09+Terrain-10+Terrain-11+Terrain-12+Terrain-14+Terrain-15+Terrain-16,TabularNgramBC,0,30,30,1,102.5651,102.5651,12.9499,295,225669,295
1515,Terrain-13,Terrain-A+Terrain-B+Terrain-C+Terrain-D+Terrain-01+Terrain-02+Terrain-03+Terrain-04+Terrain-05+Terrain-06+Terrain-07+Terrain-08+Terrain-09+Terrain-10+Terrain-11+Terrain-12+Terrain-14+Terrain-15+Terrain-16,EmptyLTM,0,30,30,1,88.0889,88.0889,11.1221,0,0,0
1616,Terrain-13,Terrain-A+Terrain-B+Terrain-C+Terrain-D+Terrain-01+Terrain-02+Terrain-03+Terrain-04+Terrain-05+Terrain-06+Terrain-07+Terrain-08+Terrain-09+Terrain-10+Terrain-11+Terrain-12+Terrain-14+Terrain-15+Terrain-16,SuccessWeighted,0,30,30,1,28.1838,28.1838,3.5585,512,880,512
1616,Terrain-13,Terrain-A+Terrain-B+Terrain-C+Terrain-D+Terrain-01+Terrain-02+Terrain-03+Terrain-04+Terrain-05+Terrain-06+Terrain-07+Terrain-08+Terrain-09+Terrain-10+Terrain-11+Terrain-12+Terrain-14+Terrain-15+Terrain-16,TabularNgramBC,0,30,30,1,103.4946,103.4946,13.0673,292,225384,292
1616,Terrain-13,Terrain-A+Terrain-B+Terrain-C+Terrain-D+Terrain-01+Terrain-02+Terrain-03+Terrain-04+Terrain-05+Terrain-06+Terrain-07+Terrain-08+Terrain-09+Terrain-10+Terrain-11+Terrain-12+Terrain-14+Terrain-15+Terrain-16,EmptyLTM,0,30,30,1,114.3113,114.3113,14.433,0,0,0
1717,Terrain-13,Terrain-A+Terrain-B+Terrain-C+Terrain-D+Terrain-01+Terrain-02+Terrain-03+Terrain-04+Terrain-05+Terrain-06+Terrain-07+Terrain-08+Terrain-09+Terrain-10+Terrain-11+Terrain-12+Terrain-14+Terrain-15+Terrain-16,SuccessWeighted,0,30,30,1,30.5822,30.5822,3.8613,512,871,512
1717,Terrain-13,Terrain-A+Terrain-B+Terrain-C+Terrain-D+Terrain-01+Terrain-02+Terrain-03+Terrain-04+Terrain-05+Terrain-06+Terrain-07+Terrain-08+Terrain-09+Terrain-10+Terrain-11+Terrain-12+Terrain-14+Terrain-15+Terrain-16,TabularNgramBC,0,30,30,1,92.4585,92.4585,11.6738,294,225465,294
1717,Terrain-13,Terrain-A+Terrain-B+Terrain-C+Terrain-D+Terrain-01+Terrain-02+Terrain-03+Terrain-04+Terrain-05+Terrain-06+Terrain-07+Terrain-08+Terrain-09+Terrain-10+Terrain-11+Terrain-12+Terrain-14+Terrain-15+Terrain-16,EmptyLTM,0,30,30,1,110.481,110.481,13.9494,0,0,0
1818,Terrain-13,Terrain-A+Terrain-B+Terrain-C+Terrain-D+Terrain-01+Terrain-02+Terrain-03+Terrain-04+Terrain-05+Terrain-06+Terrain-07+Terrain-08+Terrain-09+Terrain-10+Terrain-11+Terrain-12+Terrain-14+Terrain-15+Terrain-16,SuccessWeighted,0,30,30,1,32.0356,32.0356,4.0448,512,868,512
1818,Terrain-13,Terrain-A+Terrain-B+Terrain-C+Terrain-D+Terrain-01+Terrain-02+Terrain-03+Terrain-04+Terrain-05+Terrain-06+Terrain-07+Terrain-08+Terrain-09+Terrain-10+Terrain-11+Terrain-12+Terrain-14+Terrain-15+Terrain-16,TabularNgramBC,0,30,30,1,85.0972,85.0972,10.7444,291,225414,291
1818,Terrain-13,Terrain-A+Terrain-B+Terrain-C+Terrain-D+Terrain-01+Terrain-02+Terrain-03+Terrain-04+Terrain-05+Terrain-06+Terrain-07+Terrain-08+Terrain-09+Terrain-10+Terrain-11+Terrain-12+Terrain-14+Terrain-15+Terrain-16,EmptyLTM,0,30,30,1,100.826,100.826,12.7303,0,0,0
1919,Terrain-13,Terrain-A+Terrain-B+Terrain-C+Terrain-D+Terrain-01+Terrain-02+Terrain-03+Terrain-04+Terrain-05+Terrain-06+Terrain-07+Terrain-08+Terrain-09+Terrain-10+Terrain-11+Terrain-12+Terrain-14+Terrain-15+Terrain-16,SuccessWeighted,0,30,30,1,29.4217,29.4217,3.7148,512,866,512
1919,Terrain-13,Terrain-A+Terrain-B+Terrain-C+Terrain-D+Terrain-01+Terrain-02+Terrain-03+Terrain-04+Terrain-05+Terrain-06+Terrain-07+Terrain-08+Terrain-09+Terrain-10+Terrain-11+Terrain-12+Terrain-14+Terrain-15+Terrain-16,TabularNgramBC,0,30,30,1,88.9389,88.9389,11.2295,293,225501,293
1919,Terrain-13,Terrain-A+Terrain-B+Terrain-C+Terrain-D+Terrain-01+Terrain-02+Terrain-03+Terrain-04+Terrain-05+Terrain-06+Terrain-07+Terrain-08+Terrain-09+Terrain-10+Terrain-11+Terrain-12+Terrain-14+Terrain-15+Terrain-16,EmptyLTM,0,30,30,1,127.7203,127.7203,16.126,0,0,0
2020,Terrain-13,Terrain-A+Terrain-B+Terrain-C+Terrain-D+Terrain-01+Terrain-02+Terrain-03+Terrain-04+Terrain-05+Terrain-06+Terrain-07+Terrain-08+Terrain-09+Terrain-10+Terrain-11+Terrain-12+Terrain-14+Terrain-15+Terrain-16,SuccessWeighted,0,30,30,1,34.5627,34.5627,4.3639,512,864,512
2020,Terrain-13,Terrain-A+Terrain-B+Terrain-C+Terrain-D+Terrain-01+Terrain-02+Terrain-03+Terrain-04+Terrain-05+Terrain-06+Terrain-07+Terrain-08+Terrain-09+Terrain-10+Terrain-11+Terrain-12+Terrain-14+Terrain-15+Terrain-16,TabularNgramBC,0,30,30,1,108.5912,108.5912,13.7108,300,225486,300
2020,Terrain-13,Terrain-A+Terrain-B+Terrain-C+Terrain-D+Terrain-01+Terrain-02+Terrain-03+Terrain-04+Terrain-05+Terrain-06+Terrain-07+Terrain-08+Terrain-09+Terrain-10+Terrain-11+Terrain-12+Terrain-14+Terrain-15+Terrain-16,EmptyLTM,0,30,30,1,100.6814,100.6814,12.7121,0,0,0
2121,Terrain-13,Terrain-A+Terrain-B+Terrain-C+Terrain-D+Terrain-01+Terrain-02+Terrain-03+Terrain-04+Terrain-05+Terrain-06+Terrain-07+Terrain-08+Terrain-09+Terrain-10+Terrain-11+Terrain-12+Terrain-14+Terrain-15+Terrain-16,SuccessWeighted,0,30,30,1,36.4145,36.4145,4.5977,512,887,512
2121,Terrain-13,Terrain-A+Terrain-B+Terrain-C+Terrain-D+Terrain-01+Terrain-02+Terrain-03+Terrain-04+Terrain-05+Terrain-06+Terrain-07+Terrain-08+Terrain-09+Terrain-10+Terrain-11+Terrain-12+Terrain-14+Terrain-15+Terrain-16,TabularNgramBC,0,30,30,1,102.6447,102.6447,12.96,289,225540,289
2121,Terrain-13,Terrain-A+Terrain-B+Terrain-C+Terrain-D+Terrain-01+Terrain-02+Terrain-03+Terrain-04+Terrain-05+Terrain-06+Terrain-07+Terrain-08+Terrain-09+Terrain-10+Terrain-11+Terrain-12+Terrain-14+Terrain-15+Terrain-16,EmptyLTM,0,30,30,1,120.1752,120.1752,15.1734,0,0,0
2222,Terrain-13,Terrain-A+Terrain-B+Terrain-C+Terrain-D+Terrain-01+Terrain-02+Terrain-03+Terrain-04+Terrain-05+Terrain-06+Terrain-07+Terrain-08+Terrain-09+Terrain-10+Terrain-11+Terrain-12+Terrain-14+Terrain-15+Terrain-16,SuccessWeighted,0,30,30,1,29.5767,29.5767,3.7344,512,877,512
2222,Terrain-13,Terrain-A+Terrain-B+Terrain-C+Terrain-D+Terrain-01+Terrain-02+Terrain-03+Terrain-04+Terrain-05+Terrain-06+Terrain-07+Terrain-08+Terrain-09+Terrain-10+Terrain-11+Terrain-12+Terrain-14+Terrain-15+Terrain-16,TabularNgramBC,0,30,30,1,101.9778,101.9778,12.8758,291,225753,291
2222,Terrain-13,Terrain-A+Terrain-B+Terrain-C+Terrain-D+Terrain-01+Terrain-02+Terrain-03+Terrain-04+Terrain-05+Terrain-06+Terrain-07+Terrain-08+Terrain-09+Terrain-10+Terrain-11+Terrain-12+Terrain-14+Terrain-15+Terrain-16,EmptyLTM,0,30,30,1,87.2477,87.2477,11.0159,0,0,0
2323,Terrain-13,Terrain-A+Terrain-B+Terrain-C+Terrain-D+Terrain-01+Terrain-02+Terrain-03+Terrain-04+Terrain-05+Terrain-06+Terrain-07+Terrain-08+Terrain-09+Terrain-10+Terrain-11+Terrain-12+Terrain-14+Terrain-15+Terrain-16,SuccessWeighted,0,30,30,1,31.413,31.413,3.9662,512,870,512
2323,Terrain-13,Terrain-A+Terrain-B+Terrain-C+Terrain-D+Terrain-01+Terrain-02+Terrain-03+Terrain-04+Terrain-05+Terrain-06+Terrain-07+Terrain-08+Terrain-09+Terrain-10+Terrain-11+Terrain-12+Terrain-14+Terrain-15+Terrain-16,TabularNgramBC,0,30,30,1,96.9153,96.9153,12.2366,293,225393,293
2323,Terrain-13,Terrain-A+Terrain-B+Terrain-C+Terrain-D+Terrain-01+Terrain-02+Terrain-03+Terrain-04+Terrain-05+Terrain-06+Terrain-07+Terrain-08+Terrain-09+Terrain-10+Terrain-11+Terrain-12+Terrain-14+Terrain-15+Terrain-16,EmptyLTM,0,30,30,1,128.2056,128.2056,16.1873,0,0,0
2424,Terrain-13,Terrain-A+Terrain-B+Terrain-C+Terrain-D+Terrain-01+Terrain-02+Terrain-03+Terrain-04+Terrain-05+Terrain-06+Terrain-07+Terrain-08+Terrain-09+Terrain-10+Terrain-11+Terrain-12+Terrain-14+Terrain-15+Terrain-16,SuccessWeighted,0,30,30,1,27.1341,27.1341,3.426,512,878,512
2424,Terrain-13,Terrain-A+Terrain-B+Terrain-C+Terrain-D+Terrain-01+Terrain-02+Terrain-03+Terrain-04+Terrain-05+Terrain-06+Terrain-07+Terrain-08+Terrain-09+Terrain-10+Terrain-11+Terrain-12+Terrain-14+Terrain-15+Terrain-16,TabularNgramBC,0,30,30,1,81.8335,81.8335,10.3323,294,225537,294
2424,Terrain-13,Terrain-A+Terrain-B+Terrain-C+Terrain-D+Terrain-01+Terrain-02+Terrain-03+Terrain-04+Terrain-05+Terrain-06+Terrain-07+Terrain-08+Terrain-09+Terrain-10+Terrain-11+Terrain-12+Terrain-14+Terrain-15+Terrain-16,EmptyLTM,0,30,30,1,88.7931,88.7931,11.211,0,0,0
2525,Terrain-13,Terrain-A+Terrain-B+Terrain-C+Terrain-D+Terrain-01+Terrain-02+Terrain-03+Terrain-04+Terrain-05+Terrain-06+Terrain-07+Terrain-08+Terrain-09+Terrain-10+Terrain-11+Terrain-12+Terrain-14+Terrain-15+Terrain-16,SuccessWeighted,0,30,30,1,33.306,33.306,4.2052,512,879,512
2525,Terrain-13,Terrain-A+Terrain-B+Terrain-C+Terrain-D+Terrain-01+Terrain-02+Terrain-03+Terrain-04+Terrain-05+Terrain-06+Terrain-07+Terrain-08+Terrain-09+Terrain-10+Terrain-11+Terrain-12+Terrain-14+Terrain-15+Terrain-16,TabularNgramBC,0,30,30,1,114.3991,114.3991,14.4441,290,225609,290
2525,Terrain-13,Terrain-A+Terrain-B+Terrain-C+Terrain-D+Terrain-01+Terrain-02+Terrain-03+Terrain-04+Terrain-05+Terrain-06+Terrain-07+Terrain-08+Terrain-09+Terrain-10+Terrain-11+Terrain-12+Terrain-14+Terrain-15+Terrain-16,EmptyLTM,0,30,30,1,106.9833,106.9833,13.5078,0,0,0
101,Terrain-14,Terrain-A+Terrain-B+Terrain-C+Terrain-D+Terrain-01+Terrain-02+Terrain-03+Terrain-04+Terrain-05+Terrain-06+Terrain-07+Terrain-08+Terrain-09+Terrain-10+Terrain-11+Terrain-12+Terrain-13+Terrain-15+Terrain-16,SuccessWeighted,0,30,30,1,30.1703,30.1703,4.0867,512,898,512
101,Terrain-14,Terrain-A+Terrain-B+Terrain-C+Terrain-D+Terrain-01+Terrain-02+Terrain-03+Terrain-04+Terrain-05+Terrain-06+Terrain-07+Terrain-08+Terrain-09+Terrain-10+Terrain-11+Terrain-12+Terrain-13+Terrain-15+Terrain-16,TabularNgramBC,0,30,30,1,113.864,113.864,15.4236,296,225261,296
101,Terrain-14,Terrain-A+Terrain-B+Terrain-C+Terrain-D+Terrain-01+Terrain-02+Terrain-03+Terrain-04+Terrain-05+Terrain-06+Terrain-07+Terrain-08+Terrain-09+Terrain-10+Terrain-11+Terrain-12+Terrain-13+Terrain-15+Terrain-16,EmptyLTM,0,30,30,1,201.2113,201.2113,27.2553,0,0,0
202,Terrain-14,Terrain-A+Terrain-B+Terrain-C+Terrain-D+Terrain-01+Terrain-02+Terrain-03+Terrain-04+Terrain-05+Terrain-06+Terrain-07+Terrain-08+Terrain-09+Terrain-10+Terrain-11+Terrain-12+Terrain-13+Terrain-15+Terrain-16,SuccessWeighted,0,30,30,1,26.6338,26.6338,3.6077,512,873,512
202,Terrain-14,Terrain-A+Terrain-B+Terrain-C+Terrain-D+Terrain-01+Terrain-02+Terrain-03+Terrain-04+Terrain-05+Terrain-06+Terrain-07+Terrain-08+Terrain-09+Terrain-10+Terrain-11+Terrain-12+Terrain-13+Terrain-15+Terrain-16,TabularNgramBC,0,30,30,1,82.8368,82.8368,11.2207,297,225603,297
202,Terrain-14,Terrain-A+Terrain-B+Terrain-C+Terrain-D+Terrain-01+Terrain-02+Terrain-03+Terrain-04+Terrain-05+Terrain-06+Terrain-07+Terrain-08+Terrain-09+Terrain-10+Terrain-11+Terrain-12+Terrain-13+Terrain-15+Terrain-16,EmptyLTM,0,30,28,0.9333,196.2079,189.9347,26.5776,0,0,0
303,Terrain-14,Terrain-A+Terrain-B+Terrain-C+Terrain-D+Terrain-01+Terrain-02+Terrain-03+Terrain-04+Terrain-05+Terrain-06+Terrain-07+Terrain-08+Terrain-09+Terrain-10+Terrain-11+Terrain-12+Terrain-13+Terrain-15+Terrain-16,SuccessWeighted,0,30,30,1,34.4769,34.4769,4.6701,512,878,512
303,Terrain-14,Terrain-A+Terrain-B+Terrain-C+Terrain-D+Terrain-01+Terrain-02+Terrain-03+Terrain-04+Terrain-05+Terrain-06+Terrain-07+Terrain-08+Terrain-09+Terrain-10+Terrain-11+Terrain-12+Terrain-13+Terrain-15+Terrain-16,TabularNgramBC,0,30,30,1,135.841,135.841,18.4005,293,225324,293
303,Terrain-14,Terrain-A+Terrain-B+Terrain-C+Terrain-D+Terrain-01+Terrain-02+Terrain-03+Terrain-04+Terrain-05+Terrain-06+Terrain-07+Terrain-08+Terrain-09+Terrain-10+Terrain-11+Terrain-12+Terrain-13+Terrain-15+Terrain-16,EmptyLTM,0,30,30,1,151.4663,151.4663,20.517,0,0,0
404,Terrain-14,Terrain-A+Terrain-B+Terrain-C+Terrain-D+Terrain-01+Terrain-02+Terrain-03+Terrain-04+Terrain-05+Terrain-06+Terrain-07+Terrain-08+Terrain-09+Terrain-10+Terrain-11+Terrain-12+Terrain-13+Terrain-15+Terrain-16,SuccessWeighted,0,30,30,1,37.5261,37.5261,5.0831,512,884,512
404,Terrain-14,Terrain-A+Terrain-B+Terrain-C+Terrain-D+Terrain-01+Terrain-02+Terrain-03+Terrain-04+Terrain-05+Terrain-06+Terrain-07+Terrain-08+Terrain-09+Terrain-10+Terrain-11+Terrain-12+Terrain-13+Terrain-15+Terrain-16,TabularNgramBC,0,30,30,1,61.3817,61.3817,8.3145,297,225192,297
404,Terrain-14,Terrain-A+Terrain-B+Terrain-C+Terrain-D+Terrain-01+Terrain-02+Terrain-03+Terrain-04+Terrain-05+Terrain-06+Terrain-07+Terrain-08+Terrain-09+Terrain-10+Terrain-11+Terrain-12+Terrain-13+Terrain-15+Terrain-16,EmptyLTM,0,30,30,1,210.3193,210.3193,28.489,0,0,0
505,Terrain-14,Terrain-A+Terrain-B+Terrain-C+Terrain-D+Terrain-01+Terrain-02+Terrain-03+Terrain-04+Terrain-05+Terrain-06+Terrain-07+Terrain-08+Terrain-09+Terrain-10+Terrain-11+Terrain-12+Terrain-13+Terrain-15+Terrain-16,SuccessWeighted,0,30,30,1,27.8297,27.8297,3.7697,512,874,512
505,Terrain-14,Terrain-A+Terrain-B+Terrain-C+Terrain-D+Terrain-01+Terrain-02+Terrain-03+Terrain-04+Terrain-05+Terrain-06+Terrain-07+Terrain-08+Terrain-09+Terrain-10+Terrain-11+Terrain-12+Terrain-13+Terrain-15+Terrain-16,TabularNgramBC,0,30,30,1,103.0404,103.0404,13.9575,300,225222,300
505,Terrain-14,Terrain-A+Terrain-B+Terrain-C+Terrain-D+Terrain-01+Terrain-02+Terrain-03+Terrain-04+Terrain-05+Terrain-06+Terrain-07+Terrain-08+Terrain-09+Terrain-10+Terrain-11+Terrain-12+Terrain-13+Terrain-15+Terrain-16,EmptyLTM,0,30,30,1,158.2544,158.2544,21.4365,0,0,0
606,Terrain-14,Terrain-A+Terrain-B+Terrain-C+Terrain-D+Terrain-01+Terrain-02+Terrain-03+Terrain-04+Terrain-05+Terrain-06+Terrain-07+Terrain-08+Terrain-09+Terrain-10+Terrain-11+Terrain-12+Terrain-13+Terrain-15+Terrain-16,SuccessWeighted,0,30,30,1,28.1112,28.1112,3.8078,512,889,512
606,Terrain-14,Terrain-A+Terrain-B+Terrain-C+Terrain-D+Terrain-01+Terrain-02+Terrain-03+Terrain-04+Terrain-05+Terrain-06+Terrain-07+Terrain-08+Terrain-09+Terrain-10+Terrain-11+Terrain-12+Terrain-13+Terrain-15+Terrain-16,TabularNgramBC,0,30,30,1,85.6418,85.6418,11.6007,298,225279,298
606,Terrain-14,Terrain-A+Terrain-B+Terrain-C+Terrain-D+Terrain-01+Terrain-02+Terrain-03+Terrain-04+Terrain-05+Terrain-06+Terrain-07+Terrain-08+Terrain-09+Terrain-10+Terrain-11+Terrain-12+Terrain-13+Terrain-15+Terrain-16,EmptyLTM,0,30,30,1,182.7028,182.7028,24.7482,0,0,0
707,Terrain-14,Terrain-A+Terrain-B+Terrain-C+Terrain-D+Terrain-01+Terrain-02+Terrain-03+Terrain-04+Terrain-05+Terrain-06+Terrain-07+Terrain-08+Terrain-09+Terrain-10+Terrain-11+Terrain-12+Terrain-13+Terrain-15+Terrain-16,SuccessWeighted,0,30,30,1,30.1739,30.1739,4.0872,512,881,512
707,Terrain-14,Terrain-A+Terrain-B+Terrain-C+Terrain-D+Terrain-01+Terrain-02+Terrain-03+Terrain-04+Terrain-05+Terrain-06+Terrain-07+Terrain-08+Terrain-09+Terrain-10+Terrain-11+Terrain-12+Terrain-13+Terrain-15+Terrain-16,TabularNgramBC,0,30,30,1,94.7102,94.7102,12.8291,289,225318,289
707,Terrain-14,Terrain-A+Terrain-B+Terrain-C+Terrain-D+Terrain-01+Terrain-02+Terrain-03+Terrain-04+Terrain-05+Terrain-06+Terrain-07+Terrain-08+Terrain-09+Terrain-10+Terrain-11+Terrain-12+Terrain-13+Terrain-15+Terrain-16,EmptyLTM,0,30,30,1,161.9803,161.9803,21.9412,0,0,0
808,Terrain-14,Terrain-A+Terrain-B+Terrain-C+Terrain-D+Terrain-01+Terrain-02+Terrain-03+Terrain-04+Terrain-05+Terrain-06+Terrain-07+Terrain-08+Terrain-09+Terrain-10+Terrain-11+Terrain-12+Terrain-13+Terrain-15+Terrain-16,SuccessWeighted,0,30,30,1,32.2273,32.2273,4.3654,512,885,512
808,Terrain-14,Terrain-A+Terrain-B+Terrain-C+Terrain-D+Terrain-01+Terrain-02+Terrain-03+Terrain-04+Terrain-05+Terrain-06+Terrain-07+Terrain-08+Terrain-09+Terrain-10+Terrain-11+Terrain-12+Terrain-13+Terrain-15+Terrain-16,TabularNgramBC,0,30,30,1,99.9147,99.9147,13.5341,299,225228,299
808,Terrain-14,Terrain-A+Terrain-B+Terrain-C+Terrain-D+Terrain-01+Terrain-02+Terrain-03+Terrain-04+Terrain-05+Terrain-06+Terrain-07+Terrain-08+Terrain-09+Terrain-10+Terrain-11+Terrain-12+Terrain-13+Terrain-15+Terrain-16,EmptyLTM,0,30,30,1,140.4622,140.4622,19.0265,0,0,0
909,Terrain-14,Terrain-A+Terrain-B+Terrain-C+Terrain-D+Terrain-01+Terrain-02+Terrain-03+Terrain-04+Terrain-05+Terrain-06+Terrain-07+Terrain-08+Terrain-09+Terrain-10+Terrain-11+Terrain-12+Terrain-13+Terrain-15+Terrain-16,SuccessWeighted,0,30,30,1,21.7219,21.7219,2.9424,512,884,512
909,Terrain-14,Terrain-A+Terrain-B+Terrain-C+Terrain-D+Terrain-01+Terrain-02+Terrain-03+Terrain-04+Terrain-05+Terrain-06+Terrain-07+Terrain-08+Terrain-09+Terrain-10+Terrain-11+Terrain-12+Terrain-13+Terrain-15+Terrain-16,TabularNgramBC,0,30,30,1,108.393,108.393,14.6825,293,225084,293
909,Terrain-14,Terrain-A+Terrain-B+Terrain-C+Terrain-D+Terrain-01+Terrain-02+Terrain-03+Terrain-04+Terrain-05+Terrain-06+Terrain-07+Terrain-08+Terrain-09+Terrain-10+Terrain-11+Terrain-12+Terrain-13+Terrain-15+Terrain-16,EmptyLTM,0,30,30,1,138.1133,138.1133,18.7083,0,0,0
1010,Terrain-14,Terrain-A+Terrain-B+Terrain-C+Terrain-D+Terrain-01+Terrain-02+Terrain-03+Terrain-04+Terrain-05+Terrain-06+Terrain-07+Terrain-08+Terrain-09+Terrain-10+Terrain-11+Terrain-12+Terrain-13+Terrain-15+Terrain-16,SuccessWeighted,0,30,30,1,41.984,41.984,5.687,512,910,512
1010,Terrain-14,Terrain-A+Terrain-B+Terrain-C+Terrain-D+Terrain-01+Terrain-02+Terrain-03+Terrain-04+Terrain-05+Terrain-06+Terrain-07+Terrain-08+Terrain-09+Terrain-10+Terrain-11+Terrain-12+Terrain-13+Terrain-15+Terrain-16,TabularNgramBC,0,30,30,1,89.7707,89.7707,12.16,292,225330,292
1010,Terrain-14,Terrain-A+Terrain-B+Terrain-C+Terrain-D+Terrain-01+Terrain-02+Terrain-03+Terrain-04+Terrain-05+Terrain-06+Terrain-07+Terrain-08+Terrain-09+Terrain-10+Terrain-11+Terrain-12+Terrain-13+Terrain-15+Terrain-16,EmptyLTM,0,30,28,0.9333,226.9093,227.4386,30.7363,0,0,0
1111,Terrain-14,Terrain-A+Terrain-B+Terrain-C+Terrain-D+Terrain-01+Terrain-02+Terrain-03+Terrain-04+Terrain-05+Terrain-06+Terrain-07+Terrain-08+Terrain-09+Terrain-10+Terrain-11+Terrain-12+Terrain-13+Terrain-15+Terrain-16,SuccessWeighted,0,30,30,1,26.4882,26.4882,3.588,512,901,512
1111,Terrain-14,Terrain-A+Terrain-B+Terrain-C+Terrain-D+Terrain-01+Terrain-02+Terrain-03+Terrain-04+Terrain-05+Terrain-06+Terrain-07+Terrain-08+Terrain-09+Terrain-10+Terrain-11+Terrain-12+Terrain-13+Terrain-15+Terrain-16,TabularNgramBC,0,30,30,1,111.6908,111.6908,15.1292,296,225336,296
1111,Terrain-14,Terrain-A+Terrain-B+Terrain-C+Terrain-D+Terrain-01+Terrain-02+Terrain-03+Terrain-04+Terrain-05+Terrain-06+Terrain-07+Terrain-08+Terrain-09+Terrain-10+Terrain-11+Terrain-12+Terrain-13+Terrain-15+Terrain-16,EmptyLTM,0,30,30,1,171.1384,171.1384,23.1817,0,0,0
1212,Terrain-14,Terrain-A+Terrain-B+Terrain-C+Terrain-D+Terrain-01+Terrain-02+Terrain-03+Terrain-04+Terrain-05+Terrain-06+Terrain-07+Terrain-08+Terrain-09+Terrain-10+Terrain-11+Terrain-12+Terrain-13+Terrain-15+Terrain-16,SuccessWeighted,0,30,30,1,32.9963,32.9963,4.4695,512,891,512
1212,Terrain-14,Terrain-A+Terrain-B+Terrain-C+Terrain-D+Terrain-01+Terrain-02+Terrain-03+Terrain-04+Terrain-05+Terrain-06+Terrain-07+Terrain-08+Terrain-09+Terrain-10+Terrain-11+Terrain-12+Terrain-13+Terrain-15+Terrain-16,TabularNgramBC,0,30,30,1,88.608,88.608,12.0025,295,225570,295
1212,Terrain-14,Terrain-A+Terrain-B+Terrain-C+Terrain-D+Terrain-01+Terrain-02+Terrain-03+Terrain-04+Terrain-05+Terrain-06+Terrain-07+Terrain-08+Terrain-09+Terrain-10+Terrain-11+Terrain-12+Terrain-13+Terrain-15+Terrain-16,EmptyLTM,0,30,30,1,164.0506,164.0506,22.2217,0,0,0
1313,Terrain-14,Terrain-A+Terrain-B+Terrain-C+Terrain-D+Terrain-01+Terrain-02+Terrain-03+Terrain-04+Terrain-05+Terrain-06+Terrain-07+Terrain-08+Terrain-09+Terrain-10+Terrain-11+Terrain-12+Terrain-13+Terrain-15+Terrain-16,SuccessWeighted,0,30,30,1,22.0531,22.0531,2.9872,512,902,512
1313,Terrain-14,Terrain-A+Terrain-B+Terrain-C+Terrain-D+Terrain-01+Terrain-02+Terrain-03+Terrain-04+Terrain-05+Terrain-06+Terrain-07+Terrain-08+Terrain-09+Terrain-10+Terrain-11+Terrain-12+Terrain-13+Terrain-15+Terrain-16,TabularNgramBC,0,30,30,1,80.7574,80.7574,10.9391,297,225477,297
1313,Terrain-14,Terrain-A+Terrain-B+Terrain-C+Terrain-D+Terrain-01+Terrain-02+Terrain-03+Terrain-04+Terrain-05+Terrain-06+Terrain-07+Terrain-08+Terrain-09+Terrain-10+Terrain-11+Terrain-12+Terrain-13+Terrain-15+Terrain-16,EmptyLTM,0,30,30,1,181.8955,181.8955,24.6389,0,0,0
1414,Terrain-14,Terrain-A+Terrain-B+Terrain-C+Terrain-D+Terrain-01+Terrain-02+Terrain-03+Terrain-04+Terrain-05+Terrain-06+Terrain-07+Terrain-08+Terrain-09+Terrain-10+Terrain-11+Terrain-12+Terrain-13+Terrain-15+Terrain-16,SuccessWeighted,0,30,30,1,49.8354,49.8354,6.7505,512,883,512
1414,Terrain-14,Terrain-A+Terrain-B+Terrain-C+Terrain-D+Terrain-01+Terrain-02+Terrain-03+Terrain-04+Terrain-05+Terrain-06+Terrain-07+Terrain-08+Terrain-09+Terrain-10+Terrain-11+Terrain-12+Terrain-13+Terrain-15+Terrain-16,TabularNgramBC,0,30,30,1,100.9088,100.9088,13.6687,298,225273,298
1414,Terrain-14,Terrain-A+Terrain-B+Terrain-C+Terrain-D+Terrain-01+Terrain-02+Terrain-03+Terrain-04+Terrain-05+Terrain-06+Terrain-07+Terrain-08+Terrain-09+Terrain-10+Terrain-11+Terrain-12+Terrain-13+Terrain-15+Terrain-16,EmptyLTM,0,30,30,1,210.6139,210.6139,28.5289,0,0,0
1515,Terrain-14,Terrain-A+Terrain-B+Terrain-C+Terrain-D+Terrain-01+Terrain-02+Terrain-03+Terrain-04+Terrain-05+Terrain-06+Terrain-07+Terrain-08+Terrain-09+Terrain-10+Terrain-11+Terrain-12+Terrain-13+Terrain-15+Terrain-16,SuccessWeighted,0,30,30,1,62.3563,62.3563,8.4465,512,901,512
1515,Terrain-14,Terrain-A+Terrain-B+Terrain-C+Terrain-D+Terrain-01+Terrain-02+Terrain-03+Terrain-04+Terrain-05+Terrain-06+Terrain-07+Terrain-08+Terrain-09+Terrain-10+Terrain-11+Terrain-12+Terrain-13+Terrain-15+Terrain-16,TabularNgramBC,0,30,30,1,76.6304,76.6304,10.3801,295,225528,295
1515,Terrain-14,Terrain-A+Terrain-B+Terrain-C+Terrain-D+Terrain-01+Terrain-02+Terrain-03+Terrain-04+Terrain-05+Terrain-06+Terrain-07+Terrain-08+Terrain-09+Terrain-10+Terrain-11+Terrain-12+Terrain-13+Terrain-15+Terrain-16,EmptyLTM,0,30,30,1,161.3218,161.3218,21.852,0,0,0
1616,Terrain-14,Terrain-A+Terrain-B+Terrain-C+Terrain-D+Terrain-01+Terrain-02+Terrain-03+Terrain-04+Terrain-05+Terrain-06+Terrain-07+Terrain-08+Terrain-09+Terrain-10+Terrain-11+Terrain-12+Terrain-13+Terrain-15+Terrain-16,SuccessWeighted,0,30,30,1,28.287,28.287,3.8316,512,905,512
1616,Terrain-14,Terrain-A+Terrain-B+Terrain-C+Terrain-D+Terrain-01+Terrain-02+Terrain-03+Terrain-04+Terrain-05+Terrain-06+Terrain-07+Terrain-08+Terrain-09+Terrain-10+Terrain-11+Terrain-12+Terrain-13+Terrain-15+Terrain-16,TabularNgramBC,0,30,30,1,88.7919,88.7919,12.0274,295,225321,295
1616,Terrain-14,Terrain-A+Terrain-B+Terrain-C+Terrain-D+Terrain-01+Terrain-02+Terrain-03+Terrain-04+Terrain-05+Terrain-06+Terrain-07+Terrain-08+Terrain-09+Terrain-10+Terrain-11+Terrain-12+Terrain-13+Terrain-15+Terrain-16,EmptyLTM,0,30,30,1,167.5792,167.5792,22.6996,0,0,0
1717,Terrain-14,Terrain-A+Terrain-B+Terrain-C+Terrain-D+Terrain-01+Terrain-02+Terrain-03+Terrain-04+Terrain-05+Terrain-06+Terrain-07+Terrain-08+Terrain-09+Terrain-10+Terrain-11+Terrain-12+Terrain-13+Terrain-15+Terrain-16,SuccessWeighted,0,30,30,1,26.8025,26.8025,3.6306,512,894,512
1717,Terrain-14,Terrain-A+Terrain-B+Terrain-C+Terrain-D+Terrain-01+Terrain-02+Terrain-03+Terrain-04+Terrain-05+Terrain-06+Terrain-07+Terrain-08+Terrain-09+Terrain-10+Terrain-11+Terrain-12+Terrain-13+Terrain-15+Terrain-16,TabularNgramBC,0,30,30,1,103.5905,103.5905,14.032,296,225378,296
1717,Terrain-14,Terrain-A+Terrain-B+Terrain-C+Terrain-D+Terrain-01+Terrain-02+Terrain-03+Terrain-04+Terrain-05+Terrain-06+Terrain-07+Terrain-08+Terrain-09+Terrain-10+Terrain-11+Terrain-12+Terrain-13+Terrain-15+Terrain-16,EmptyLTM,0,30,30,1,222.0074,222.0074,30.0723,0,0,0
1818,Terrain-14,Terrain-A+Terrain-B+Terrain-C+Terrain-D+Terrain-01+Terrain-02+Terrain-03+Terrain-04+Terrain-05+Terrain-06+Terrain-07+Terrain-08+Terrain-09+Terrain-10+Terrain-11+Terrain-12+Terrain-13+Terrain-15+Terrain-16,SuccessWeighted,0,30,30,1,32.0819,32.0819,4.3457,512,905,512
1818,Terrain-14,Terrain-A+Terrain-B+Terrain-C+Terrain-D+Terrain-01+Terrain-02+Terrain-03+Terrain-04+Terrain-05+Terrain-06+Terrain-07+Terrain-08+Terrain-09+Terrain-10+Terrain-11+Terrain-12+Terrain-13+Terrain-15+Terrain-16,TabularNgramBC,0,30,30,1,107.6785,107.6785,14.5857,294,225309,294
1818,Terrain-14,Terrain-A+Terrain-B+Terrain-C+Terrain-D+Terrain-01+Terrain-02+Terrain-03+Terrain-04+Terrain-05+Terrain-06+Terrain-07+Terrain-08+Terrain-09+Terrain-10+Terrain-11+Terrain-12+Terrain-13+Terrain-15+Terrain-16,EmptyLTM,0,30,30,1,184.4304,184.4304,24.9822,0,0,0
1919,Terrain-14,Terrain-A+Terrain-B+Terrain-C+Terrain-D+Terrain-01+Terrain-02+Terrain-03+Terrain-04+Terrain-05+Terrain-06+Terrain-07+Terrain-08+Terrain-09+Terrain-10+Terrain-11+Terrain-12+Terrain-13+Terrain-15+Terrain-16,SuccessWeighted,0,30,30,1,25.3603,25.3603,3.4352,512,897,512
1919,Terrain-14,Terrain-A+Terrain-B+Terrain-C+Terrain-D+Terrain-01+Terrain-02+Terrain-03+Terrain-04+Terrain-05+Terrain-06+Terrain-07+Terrain-08+Terrain-09+Terrain-10+Terrain-11+Terrain-12+Terrain-13+Terrain-15+Terrain-16,TabularNgramBC,0,30,30,1,90.787,90.787,12.2977,295,225327,295
1919,Terrain-14,Terrain-A+Terrain-B+Terrain-C+Terrain-D+Terrain-01+Terrain-02+Terrain-03+Terrain-04+Terrain-05+Terrain-06+Terrain-07+Terrain-08+Terrain-09+Terrain-10+Terrain-11+Terrain-12+Terrain-13+Terrain-15+Terrain-16,EmptyLTM,0,30,29,0.9667,171.381,165.6513,23.2146,0,0,0
2020,Terrain-14,Terrain-A+Terrain-B+Terrain-C+Terrain-D+Terrain-01+Terrain-02+Terrain-03+Terrain-04+Terrain-05+Terrain-06+Terrain-07+Terrain-08+Terrain-09+Terrain-10+Terrain-11+Terrain-12+Terrain-13+Terrain-15+Terrain-16,SuccessWeighted,0,30,30,1,32.9275,32.9275,4.4602,512,891,512
2020,Terrain-14,Terrain-A+Terrain-B+Terrain-C+Terrain-D+Terrain-01+Terrain-02+Terrain-03+Terrain-04+Terrain-05+Terrain-06+Terrain-07+Terrain-08+Terrain-09+Terrain-10+Terrain-11+Terrain-12+Terrain-13+Terrain-15+Terrain-16,TabularNgramBC,0,30,30,1,87.1696,87.1696,11.8076,300,225399,300
2020,Terrain-14,Terrain-A+Terrain-B+Terrain-C+Terrain-D+Terrain-01+Terrain-02+Terrain-03+Terrain-04+Terrain-05+Terrain-06+Terrain-07+Terrain-08+Terrain-09+Terrain-10+Terrain-11+Terrain-12+Terrain-13+Terrain-15+Terrain-16,EmptyLTM,0,30,29,0.9667,165.9604,159.6619,22.4803,0,0,0
2121,Terrain-14,Terrain-A+Terrain-B+Terrain-C+Terrain-D+Terrain-01+Terrain-02+Terrain-03+Terrain-04+Terrain-05+Terrain-06+Terrain-07+Terrain-08+Terrain-09+Terrain-10+Terrain-11+Terrain-12+Terrain-13+Terrain-15+Terrain-16,SuccessWeighted,0,30,30,1,31.7976,31.7976,4.3072,512,911,512
2121,Terrain-14,Terrain-A+Terrain-B+Terrain-C+Terrain-D+Terrain-01+Terrain-02+Terrain-03+Terrain-04+Terrain-05+Terrain-06+Terrain-07+Terrain-08+Terrain-09+Terrain-10+Terrain-11+Terrain-12+Terrain-13+Terrain-15+Terrain-16,TabularNgramBC,0,30,30,1,84.7186,84.7186,11.4756,293,225411,293
2121,Terrain-14,Terrain-A+Terrain-B+Terrain-C+Terrain-D+Terrain-01+Terrain-02+Terrain-03+Terrain-04+Terrain-05+Terrain-06+Terrain-07+Terrain-08+Terrain-09+Terrain-10+Terrain-11+Terrain-12+Terrain-13+Terrain-15+Terrain-16,EmptyLTM,0,30,30,1,148.1154,148.1154,20.0631,0,0,0
2222,Terrain-14,Terrain-A+Terrain-B+Terrain-C+Terrain-D+Terrain-01+Terrain-02+Terrain-03+Terrain-04+Terrain-05+Terrain-06+Terrain-07+Terrain-08+Terrain-09+Terrain-10+Terrain-11+Terrain-12+Terrain-13+Terrain-15+Terrain-16,SuccessWeighted,0,30,30,1,25.8994,25.8994,3.5082,512,904,512
2222,Terrain-14,Terrain-A+Terrain-B+Terrain-C+Terrain-D+Terrain-01+Terrain-02+Terrain-03+Terrain-04+Terrain-05+Terrain-06+Terrain-07+Terrain-08+Terrain-09+Terrain-10+Terrain-11+Terrain-12+Terrain-13+Terrain-15+Terrain-16,TabularNgramBC,0,30,30,1,116.1885,116.1885,15.7384,294,225609,294
2222,Terrain-14,Terrain-A+Terrain-B+Terrain-C+Terrain-D+Terrain-01+Terrain-02+Terrain-03+Terrain-04+Terrain-05+Terrain-06+Terrain-07+Terrain-08+Terrain-09+Terrain-10+Terrain-11+Terrain-12+Terrain-13+Terrain-15+Terrain-16,EmptyLTM,0,30,30,1,172.078,172.078,23.309,0,0,0
2323,Terrain-14,Terrain-A+Terrain-B+Terrain-C+Terrain-D+Terrain-01+Terrain-02+Terrain-03+Terrain-04+Terrain-05+Terrain-06+Terrain-07+Terrain-08+Terrain-09+Terrain-10+Terrain-11+Terrain-12+Terrain-13+Terrain-15+Terrain-16,SuccessWeighted,0,30,30,1,26.7641,26.7641,3.6254,512,908,512
2323,Terrain-14,Terrain-A+Terrain-B+Terrain-C+Terrain-D+Terrain-01+Terrain-02+Terrain-03+Terrain-04+Terrain-05+Terrain-06+Terrain-07+Terrain-08+Terrain-09+Terrain-10+Terrain-11+Terrain-12+Terrain-13+Terrain-15+Terrain-16,TabularNgramBC,0,30,30,1,71.8422,71.8422,9.7315,301,225360,301
2323,Terrain-14,Terrain-A+Terrain-B+Terrain-C+Terrain-D+Terrain-01+Terrain-02+Terrain-03+Terrain-04+Terrain-05+Terrain-06+Terrain-07+Terrain-08+Terrain-09+Terrain-10+Terrain-11+Terrain-12+Terrain-13+Terrain-15+Terrain-16,EmptyLTM,0,30,30,1,123.6348,123.6348,16.7471,0,0,0
2424,Terrain-14,Terrain-A+Terrain-B+Terrain-C+Terrain-D+Terrain-01+Terrain-02+Terrain-03+Terrain-04+Terrain-05+Terrain-06+Terrain-07+Terrain-08+Terrain-09+Terrain-10+Terrain-11+Terrain-12+Terrain-13+Terrain-15+Terrain-16,SuccessWeighted,0,30,30,1,29.2105,29.2105,3.9567,512,898,512
2424,Terrain-14,Terrain-A+Terrain-B+Terrain-C+Terrain-D+Terrain-01+Terrain-02+Terrain-03+Terrain-04+Terrain-05+Terrain-06+Terrain-07+Terrain-08+Terrain-09+Terrain-10+Terrain-11+Terrain-12+Terrain-13+Terrain-15+Terrain-16,TabularNgramBC,0,30,30,1,86.7126,86.7126,11.7458,301,225360,301
2424,Terrain-14,Terrain-A+Terrain-B+Terrain-C+Terrain-D+Terrain-01+Terrain-02+Terrain-03+Terrain-04+Terrain-05+Terrain-06+Terrain-07+Terrain-08+Terrain-09+Terrain-10+Terrain-11+Terrain-12+Terrain-13+Terrain-15+Terrain-16,EmptyLTM,0,30,29,0.9667,156.2364,148.6725,21.1632,0,0,0
2525,Terrain-14,Terrain-A+Terrain-B+Terrain-C+Terrain-D+Terrain-01+Terrain-02+Terrain-03+Terrain-04+Terrain-05+Terrain-06+Terrain-07+Terrain-08+Terrain-09+Terrain-10+Terrain-11+Terrain-12+Terrain-13+Terrain-15+Terrain-16,SuccessWeighted,0,30,30,1,25.9662,25.9662,3.5173,512,908,512
2525,Terrain-14,Terrain-A+Terrain-B+Terrain-C+Terrain-D+Terrain-01+Terrain-02+Terrain-03+Terrain-04+Terrain-05+Terrain-06+Terrain-07+Terrain-08+Terrain-09+Terrain-10+Terrain-11+Terrain-12+Terrain-13+Terrain-15+Terrain-16,TabularNgramBC,0,30,30,1,104.9102,104.9102,14.2107,291,225576,291
2525,Terrain-14,Terrain-A+Terrain-B+Terrain-C+Terrain-D+Terrain-01+Terrain-02+Terrain-03+Terrain-04+Terrain-05+Terrain-06+Terrain-07+Terrain-08+Terrain-09+Terrain-10+Terrain-11+Terrain-12+Terrain-13+Terrain-15+Terrain-16,EmptyLTM,0,30,30,1,184.5489,184.5489,24.9983,0,0,0
101,Terrain-15,Terrain-A+Terrain-B+Terrain-C+Terrain-D+Terrain-01+Terrain-02+Terrain-03+Terrain-04+Terrain-05+Terrain-06+Terrain-07+Terrain-08+Terrain-09+Terrain-10+Terrain-11+Terrain-12+Terrain-13+Terrain-14+Terrain-16,SuccessWeighted,0,30,30,1,29.1898,29.1898,4.3036,512,894,512
101,Terrain-15,Terrain-A+Terrain-B+Terrain-C+Terrain-D+Terrain-01+Terrain-02+Terrain-03+Terrain-04+Terrain-05+Terrain-06+Terrain-07+Terrain-08+Terrain-09+Terrain-10+Terrain-11+Terrain-12+Terrain-13+Terrain-14+Terrain-16,TabularNgramBC,0,30,30,1,85.882,85.882,12.6621,292,225315,292
101,Terrain-15,Terrain-A+Terrain-B+Terrain-C+Terrain-D+Terrain-01+Terrain-02+Terrain-03+Terrain-04+Terrain-05+Terrain-06+Terrain-07+Terrain-08+Terrain-09+Terrain-10+Terrain-11+Terrain-12+Terrain-13+Terrain-14+Terrain-16,EmptyLTM,0,30,30,1,120.0082,120.0082,17.6935,0,0,0
202,Terrain-15,Terrain-A+Terrain-B+Terrain-C+Terrain-D+Terrain-01+Terrain-02+Terrain-03+Terrain-04+Terrain-05+Terrain-06+Terrain-07+Terrain-08+Terrain-09+Terrain-10+Terrain-11+Terrain-12+Terrain-13+Terrain-14+Terrain-16,SuccessWeighted,0,30,30,1,25.1199,25.1199,3.7036,512,869,512
202,Terrain-15,Terrain-A+Terrain-B+Terrain-C+Terrain-D+Terrain-01+Terrain-02+Terrain-03+Terrain-04+Terrain-05+Terrain-06+Terrain-07+Terrain-08+Terrain-09+Terrain-10+Terrain-11+Terrain-12+Terrain-13+Terrain-14+Terrain-16,TabularNgramBC,0,30,30,1,117.5335,117.5335,17.3287,289,225603,289
202,Terrain-15,Terrain-A+Terrain-B+Terrain-C+Terrain-D+Terrain-01+Terrain-02+Terrain-03+Terrain-04+Terrain-05+Terrain-06+Terrain-07+Terrain-08+Terrain-09+Terrain-10+Terrain-11+Terrain-12+Terrain-13+Terrain-14+Terrain-16,EmptyLTM,0,30,30,1,103.1644,103.1644,15.2102,0,0,0
303,Terrain-15,Terrain-A+Terrain-B+Terrain-C+Terrain-D+Terrain-01+Terrain-02+Terrain-03+Terrain-04+Terrain-05+Terrain-06+Terrain-07+Terrain-08+Terrain-09+Terrain-10+Terrain-11+Terrain-12+Terrain-13+Terrain-14+Terrain-16,SuccessWeighted,0,30,30,1,31.2811,31.2811,4.612,512,880,512
303,Terrain-15,Terrain-A+Terrain-B+Terrain-C+Terrain-D+Terrain-01+Terrain-02+Terrain-03+Terrain-04+Terrain-05+Terrain-06+Terrain-07+Terrain-08+Terrain-09+Terrain-10+Terrain-11+Terrain-12+Terrain-13+Terrain-14+Terrain-16,TabularNgramBC,0,30,30,1,98.885,98.885,14.5792,288,225324,288
303,Terrain-15,Terrain-A+Terrain-B+Terrain-C+Terrain-D+Terrain-01+Terrain-02+Terrain-03+Terrain-04+Terrain-05+Terrain-06+Terrain-07+Terrain-08+Terrain-09+Terrain-10+Terrain-11+Terrain-12+Terrain-13+Terrain-14+Terrain-16,EmptyLTM,0,30,30,1,167.654,167.654,24.7183,0,0,0
404,Terrain-15,Terrain-A+Terrain-B+Terrain-C+Terrain-D+Terrain-01+Terrain-02+Terrain-03+Terrain-04+Terrain-05+Terrain-06+Terrain-07+Terrain-08+Terrain-09+Terrain-10+Terrain-11+Terrain-12+Terrain-13+Terrain-14+Terrain-16,SuccessWeighted,0,30,30,1,30.3147,30.3147,4.4695,512,880,512
404,Terrain-15,Terrain-A+Terrain-B+Terrain-C+Terrain-D+Terrain-01+Terrain-02+Terrain-03+Terrain-04+Terrain-05+Terrain-06+Terrain-07+Terrain-08+Terrain-09+Terrain-10+Terrain-11+Terrain-12+Terrain-13+Terrain-14+Terrain-16,TabularNgramBC,0,30,30,1,91.2325,91.2325,13.451,295,225192,295
404,Terrain-15,Terrain-A+Terrain-B+Terrain-C+Terrain-D+Terrain-01+Terrain-02+Terrain-03+Terrain-04+Terrain-05+Terrain-06+Terrain-07+Terrain-08+Terrain-09+Terrain-10+Terrain-11+Terrain-12+Terrain-13+Terrain-14+Terrain-16,EmptyLTM,0,30,30,1,144.726,144.726,21.3378,0,0,0
505,Terrain-15,Terrain-A+Terrain-B+Terrain-C+Terrain-D+Terrain-01+Terrain-02+Terrain-03+Terrain-04+Terrain-05+Terrain-06+Terrain-07+Terrain-08+Terrain-09+Terrain-10+Terrain-11+Terrain-12+Terrain-13+Terrain-14+Terrain-16,SuccessWeighted,0,30,30,1,24.4881,24.4881,3.6104,512,864,512
505,Terrain-15,Terrain-A+Terrain-B+Terrain-C+Terrain-D+Terrain-01+Terrain-02+Terrain-03+Terrain-04+Terrain-05+Terrain-06+Terrain-07+Terrain-08+Terrain-09+Terrain-10+Terrain-11+Terrain-12+Terrain-13+Terrain-14+Terrain-16,TabularNgramBC,0,30,30,1,89.0865,89.0865,13.1346,294,225243,294
505,Terrain-15,Terrain-A+Terrain-B+Terrain-C+Terrain-D+Terrain-01+Terrain-02+Terrain-03+Terrain-04+Terrain-05+Terrain-06+Terrain-07+Terrain-08+Terrain-09+Terrain-10+Terrain-11+Terrain-12+Terrain-13+Terrain-14+Terrain-16,EmptyLTM,0,30,30,1,157.7033,157.7033,23.2512,0,0,0
606,Terrain-15,Terrain-A+Terrain-B+Terrain-C+Terrain-D+Terrain-01+Terrain-02+Terrain-03+Terrain-04+Terrain-05+Terrain-06+Terrain-07+Terrain-08+Terrain-09+Terrain-10+Terrain-11+Terrain-12+Terrain-13+Terrain-14+Terrain-16,SuccessWeighted,0,30,30,1,30.1766,30.1766,4.4491,512,880,512
606,Terrain-15,Terrain-A+Terrain-B+Terrain-C+Terrain-D+Terrain-01+Terrain-02+Terrain-03+Terrain-04+Terrain-05+Terrain-06+Terrain-07+Terrain-08+Terrain-09+Terrain-10+Terrain-11+Terrain-12+Terrain-13+Terrain-14+Terrain-16,TabularNgramBC,0,30,30,1,107.8132,107.8132,15.8956,292,225321,292
606,Terrain-15,Terrain-A+Terrain-B+Terrain-C+Terrain-D+Terrain-01+Terrain-02+Terrain-03+Terrain-04+Terrain-05+Terrain-06+Terrain-07+Terrain-08+Terrain-09+Terrain-10+Terrain-11+Terrain-12+Terrain-13+Terrain-14+Terrain-16,EmptyLTM,0,30,30,1,138.5045,138.5045,20.4206,0,0,0
707,Terrain-15,Terrain-A+Terrain-B+Terrain-C+Terrain-D+Terrain-01+Terrain-02+Terrain-03+Terrain-04+Terrain-05+Terrain-06+Terrain-07+Terrain-08+Terrain-09+Terrain-10+Terrain-11+Terrain-12+Terrain-13+Terrain-14+Terrain-16,SuccessWeighted,0,30,30,1,30.7696,30.7696,4.5366,512,875,512
707,Terrain-15,Terrain-A+Terrain-B+Terrain-C+Terrain-D+Terrain-01+Terrain-02+Terrain-03+Terrain-04+Terrain-05+Terrain-06+Terrain-07+Terrain-08+Terrain-09+Terrain-10+Terrain-11+Terrain-12+Terrain-13+Terrain-14+Terrain-16,TabularNgramBC,0,30,30,1,98.438,98.438,14.5133,286,225336,286
707,Terrain-15,Terrain-A+Terrain-B+Terrain-C+Terrain-D+Terrain-01+Terrain-02+Terrain-03+Terrain-04+Terrain-05+Terrain-06+Terrain-07+Terrain-08+Terrain-09+Terrain-10+Terrain-11+Terrain-12+Terrain-13+Terrain-14+Terrain-16,EmptyLTM,0,30,30,1,141.4063,141.4063,20.8484,0,0,0
808,Terrain-15,Terrain-A+Terrain-B+Terrain-C+Terrain-D+Terrain-01+Terrain-02+Terrain-03+Terrain-04+Terrain-05+Terrain-06+Terrain-07+Terrain-08+Terrain-09+Terrain-10+Terrain-11+Terrain-12+Terrain-13+Terrain-14+Terrain-16,SuccessWeighted,0,30,30,1,30.7867,30.7867,4.5391,512,883,512
808,Terrain-15,Terrain-A+Terrain-B+Terrain-C+Terrain-D+Terrain-01+Terrain-02+Terrain-03+Terrain-04+Terrain-05+Terrain-06+Terrain-07+Terrain-08+Terrain-09+Terrain-10+Terrain-11+Terrain-12+Terrain-13+Terrain-14+Terrain-16,TabularNgramBC,0,30,30,1,97.001,97.001,14.3014,290,225300,290
808,Terrain-15,Terrain-A+Terrain-B+Terrain-C+Terrain-D+Terrain-01+Terrain-02+Terrain-03+Terrain-04+Terrain-05+Terrain-06+Terrain-07+Terrain-08+Terrain-09+Terrain-10+Terrain-11+Terrain-12+Terrain-13+Terrain-14+Terrain-16,EmptyLTM,0,30,29,0.9667,187.8281,182.5975,27.6926,0,0,0
909,Terrain-15,Terrain-A+Terrain-B+Terrain-C+Terrain-D+Terrain-01+Terrain-02+Terrain-03+Terrain-04+Terrain-05+Terrain-06+Terrain-07+Terrain-08+Terrain-09+Terrain-10+Terrain-11+Terrain-12+Terrain-13+Terrain-14+Terrain-16,SuccessWeighted,0,30,30,1,25.0483,25.0483,3.693,512,883,512
909,Terrain-15,Terrain-A+Terrain-B+Terrain-C+Terrain-D+Terrain-01+Terrain-02+Terrain-03+Terrain-04+Terrain-05+Terrain-06+Terrain-07+Terrain-08+Terrain-09+Terrain-10+Terrain-11+Terrain-12+Terrain-13+Terrain-14+Terrain-16,TabularNgramBC,0,30,30,1,105.1987,105.1987,15.5101,286,225138,286
909,Terrain-15,Terrain-A+Terrain-B+Terrain-C+Terrain-D+Terrain-01+Terrain-02+Terrain-03+Terrain-04+Terrain-05+Terrain-06+Terrain-07+Terrain-08+Terrain-09+Terrain-10+Terrain-11+Terrain-12+Terrain-13+Terrain-14+Terrain-16,EmptyLTM,0,30,30,1,134.1622,134.1622,19.7804,0,0,0
1010,Terrain-15,Terrain-A+Terrain-B+Terrain-C+Terrain-D+Terrain-01+Terrain-02+Terrain-03+Terrain-04+Terrain-05+Terrain-06+Terrain-07+Terrain-08+Terrain-09+Terrain-10+Terrain-11+Terrain-12+Terrain-13+Terrain-14+Terrain-16,SuccessWeighted,0,30,30,1,33.9519,33.9519,5.0057,512,909,512
1010,Terrain-15,Terrain-A+Terrain-B+Terrain-C+Terrain-D+Terrain-01+Terrain-02+Terrain-03+Terrain-04+Terrain-05+Terrain-06+Terrain-07+Terrain-08+Terrain-09+Terrain-10+Terrain-11+Terrain-12+Terrain-13+Terrain-14+Terrain-16,TabularNgramBC,0,30,30,1,130.5286,130.5286,19.2446,289,225441,289
1010,Terrain-15,Terrain-A+Terrain-B+Terrain-C+Terrain-D+Terrain-01+Terrain-02+Terrain-03+Terrain-04+Terrain-05+Terrain-06+Terrain-07+Terrain-08+Terrain-09+Terrain-10+Terrain-11+Terrain-12+Terrain-13+Terrain-14+Terrain-16,EmptyLTM,0,30,30,1,135.4187,135.4187,19.9656,0,0,0
1111,Terrain-15,Terrain-A+Terrain-B+Terrain-C+Terrain-D+Terrain-01+Terrain-02+Terrain-03+Terrain-04+Terrain-05+Terrain-06+Terrain-07+Terrain-08+Terrain-09+Terrain-10+Terrain-11+Terrain-12+Terrain-13+Terrain-14+Terrain-16,SuccessWeighted,0,30,30,1,32.0277,32.0277,4.722,512,898,512
1111,Terrain-15,Terrain-A+Terrain-B+Terrain-C+Terrain-D+Terrain-01+Terrain-02+Terrain-03+Terrain-04+Terrain-05+Terrain-06+Terrain-07+Terrain-08+Terrain-09+Terrain-10+Terrain-11+Terrain-12+Terrain-13+Terrain-14+Terrain-16,TabularNgramBC,0,30,30,1,87.6522,87.6522,12.9231,292,225393,292
1111,Terrain-15,Terrain-A+Terrain-B+Terrain-C+Terrain-D+Terrain-01+Terrain-02+Terrain-03+Terrain-04+Terrain-05+Terrain-06+Terrain-07+Terrain-08+Terrain-09+Terrain-10+Terrain-11+Terrain-12+Terrain-13+Terrain-14+Terrain-16,EmptyLTM,0,30,30,1,146.0381,146.0381,21.5313,0,0,0
1212,Terrain-15,Terrain-A+Terrain-B+Terrain-C+Terrain-D+Terrain-01+Terrain-02+Terrain-03+Terrain-04+Terrain-05+Terrain-06+Terrain-07+Terrain-08+Terrain-09+Terrain-10+Terrain-11+Terrain-12+Terrain-13+Terrain-14+Terrain-16,SuccessWeighted,0,30,30,1,25.1951,25.1951,3.7147,512,891,512
1212,Terrain-15,Terrain-A+Terrain-B+Terrain-C+Terrain-D+Terrain-01+Terrain-02+Terrain-03+Terrain-04+Terrain-05+Terrain-06+Terrain-07+Terrain-08+Terrain-09+Terrain-10+Terrain-11+Terrain-12+Terrain-13+Terrain-14+Terrain-16,TabularNgramBC,0,30,30,1,108.5194,108.5194,15.9997,288,225624,288
1212,Terrain-15,Terrain-A+Terrain-B+Terrain-C+Terrain-D+Terrain-01+Terrain-02+Terrain-03+Terrain-04+Terrain-05+Terrain-06+Terrain-07+Terrain-08+Terrain-09+Terrain-10+Terrain-11+Terrain-12+Terrain-13+Terrain-14+Terrain-16,EmptyLTM,0,30,30,1,114.2291,114.2291,16.8415,0,0,0
1313,Terrain-15,Terrain-A+Terrain-B+Terrain-C+Terrain-D+Terrain-01+Terrain-02+Terrain-03+Terrain-04+Terrain-05+Terrain-06+Terrain-07+Terrain-08+Terrain-09+Terrain-10+Terrain-11+Terrain-12+Terrain-13+Terrain-14+Terrain-16,SuccessWeighted,0,30,30,1,24.584,24.584,3.6246,512,897,512
1313,Terrain-15,Terrain-A+Terrain-B+Terrain-C+Terrain-D+Terrain-01+Terrain-02+Terrain-03+Terrain-04+Terrain-05+Terrain-06+Terrain-07+Terrain-08+Terrain-09+Terrain-10+Terrain-11+Terrain-12+Terrain-13+Terrain-14+Terrain-16,TabularNgramBC,0,30,30,1,102.9723,102.9723,15.1818,289,225531,289
1313,Terrain-15,Terrain-A+Terrain-B+Terrain-C+Terrain-D+Terrain-01+Terrain-02+Terrain-03+Terrain-04+Terrain-05+Terrain-06+Terrain-07+Terrain-08+Terrain-09+Terrain-10+Terrain-11+Terrain-12+Terrain-13+Terrain-14+Terrain-16,EmptyLTM,0,30,30,1,184.2955,184.2955,27.1718,0,0,0
1414,Terrain-15,Terrain-A+Terrain-B+Terrain-C+Terrain-D+Terrain-01+Terrain-02+Terrain-03+Terrain-04+Terrain-05+Terrain-06+Terrain-07+Terrain-08+Terrain-09+Terrain-10+Terrain-11+Terrain-12+Terrain-13+Terrain-14+Terrain-16,SuccessWeighted,0,30,30,1,44.7961,44.7961,6.6046,512,887,512
1414,Terrain-15,Terrain-A+Terrain-B+Terrain-C+Terrain-D+Terrain-01+Terrain-02+Terrain-03+Terrain-04+Terrain-05+Terrain-06+Terrain-07+Terrain-08+Terrain-09+Terrain-10+Terrain-11+Terrain-12+Terrain-13+Terrain-14+Terrain-16,TabularNgramBC,0,30,30,1,84.0661,84.0661,12.3944,292,225441,292
1414,Terrain-15,Terrain-A+Terrain-B+Terrain-C+Terrain-D+Terrain-01+Terrain-02+Terrain-03+Terrain-04+Terrain-05+Terrain-06+Terrain-07+Terrain-08+Terrain-09+Terrain-10+Terrain-11+Terrain-12+Terrain-13+Terrain-14+Terrain-16,EmptyLTM,0,30,30,1,137.1535,137.1535,20.2214,0,0,0
1515,Terrain-15,Terrain-A+Terrain-B+Terrain-C+Terrain-D+Terrain-01+Terrain-02+Terrain-03+Terrain-04+Terrain-05+Terrain-06+Terrain-07+Terrain-08+Terrain-09+Terrain-10+Terrain-11+Terrain-12+Terrain-13+Terrain-14+Terrain-16,SuccessWeighted,0,30,30,1,48.9964,48.9964,7.2238,512,901,512
1515,Terrain-15,Terrain-A+Terrain-B+Terrain-C+Terrain-D+Terrain-01+Terrain-02+Terrain-03+Terrain-04+Terrain-05+Terrain-06+Terrain-07+Terrain-08+Terrain-09+Terrain-10+Terrain-11+Terrain-12+Terrain-13+Terrain-14+Terrain-16,TabularNgramBC,0,30,30,1,110.735,110.735,16.3263,289,225636,289
1515,Terrain-15,Terrain-A+Terrain-B+Terrain-C+Terrain-D+Terrain-01+Terrain-02+Terrain-03+Terrain-04+Terrain-05+Terrain-06+Terrain-07+Terrain-08+Terrain-09+Terrain-10+Terrain-11+Terrain-12+Terrain-13+Terrain-14+Terrain-16,EmptyLTM,0,30,30,1,143.2763,143.2763,21.1241,0,0,0
1616,Terrain-15,Terrain-A+Terrain-B+Terrain-C+Terrain-D+Terrain-01+Terrain-02+Terrain-03+Terrain-04+Terrain-05+Terrain-06+Terrain-07+Terrain-08+Terrain-09+Terrain-10+Terrain-11+Terrain-12+Terrain-13+Terrain-14+Terrain-16,SuccessWeighted,0,30,30,1,24.7587,24.7587,3.6503,512,903,512
1616,Terrain-15,Terrain-A+Terrain-B+Terrain-C+Terrain-D+Terrain-01+Terrain-02+Terrain-03+Terrain-04+Terrain-05+Terrain-06+Terrain-07+Terrain-08+Terrain-09+Terrain-10+Terrain-11+Terrain-12+Terrain-13+Terrain-14+Terrain-16,TabularNgramBC,0,30,30,1,89.2409,89.2409,13.1573,289,225351,289
1616,Terrain-15,Terrain-A+Terrain-B+Terrain-C+Terrain-D+Terrain-01+Terrain-02+Terrain-03+Terrain-04+Terrain-05+Terrain-06+Terrain-07+Terrain-08+Terrain-09+Terrain-10+Terrain-11+Terrain-12+Terrain-13+Terrain-14+Terrain-16,EmptyLTM,0,30,30,1,148.5562,148.5562,21.9026,0,0,0
1717,Terrain-15,Terrain-A+Terrain-B+Terrain-C+Terrain-D+Terrain-01+Terrain-02+Terrain-03+Terrain-04+Terrain-05+Terrain-06+Terrain-07+Terrain-08+Terrain-09+Terrain-10+Terrain-11+Terrain-12+Terrain-13+Terrain-14+Terrain-16,SuccessWeighted,0,30,30,1,25.6503,25.6503,3.7818,512,890,512
1717,Terrain-15,Terrain-A+Terrain-B+Terrain-C+Terrain-D+Terrain-01+Terrain-02+Terrain-03+Terrain-04+Terrain-05+Terrain-06+Terrain-07+Terrain-08+Terrain-09+Terrain-10+Terrain-11+Terrain-12+Terrain-13+Terrain-14+Terrain-16,TabularNgramBC,0,30,30,1,83.3409,83.3409,12.2875,291,225432,291
1717,Terrain-15,Terrain-A+Terrain-B+Terrain-C+Terrain-D+Terrain-01+Terrain-02+Terrain-03+Terrain-04+Terrain-05+Terrain-06+Terrain-07+Terrain-08+Terrain-09+Terrain-10+Terrain-11+Terrain-12+Terrain-13+Terrain-14+Terrain-16,EmptyLTM,0,30,30,1,132.2701,132.2701,19.5014,0,0,0
1818,Terrain-15,Terrain-A+Terrain-B+Terrain-C+Terrain-D+Terrain-01+Terrain-02+Terrain-03+Terrain-04+Terrain-05+Terrain-06+Terrain-07+Terrain-08+Terrain-09+Terrain-10+Terrain-11+Terrain-12+Terrain-13+Terrain-14+Terrain-16,SuccessWeighted,0,30,30,1,35.9758,35.9758,5.3041,512,901,512
1818,Terrain-15,Terrain-A+Terrain-B+Terrain-C+Terrain-D+Terrain-01+Terrain-02+Terrain-03+Terrain-04+Terrain-05+Terrain-06+Terrain-07+Terrain-08+Terrain-09+Terrain-10+Terrain-11+Terrain-12+Terrain-13+Terrain-14+Terrain-16,TabularNgramBC,0,30,30,1,101.082,101.082,14.9031,289,225324,289
1818,Terrain-15,Terrain-A+Terrain-B+Terrain-C+Terrain-D+Terrain-01+Terrain-02+Terrain-03+Terrain-04+Terrain-05+Terrain-06+Terrain-07+Terrain-08+Terrain-09+Terrain-10+Terrain-11+Terrain-12+Terrain-13+Terrain-14+Terrain-16,EmptyLTM,0,30,30,1,128.0202,128.0202,18.8748,0,0,0
1919,Terrain-15,Terrain-A+Terrain-B+Terrain-C+Terrain-D+Terrain-01+Terrain-02+Terrain-03+Terrain-04+Terrain-05+Terrain-06+Terrain-07+Terrain-08+Terrain-09+Terrain-10+Terrain-11+Terrain-12+Terrain-13+Terrain-14+Terrain-16,SuccessWeighted,0,30,30,1,27.0885,27.0885,3.9938,512,885,512
1919,Terrain-15,Terrain-A+Terrain-B+Terrain-C+Terrain-D+Terrain-01+Terrain-02+Terrain-03+Terrain-04+Terrain-05+Terrain-06+Terrain-07+Terrain-08+Terrain-09+Terrain-10+Terrain-11+Terrain-12+Terrain-13+Terrain-14+Terrain-16,TabularNgramBC,0,30,30,1,99.6313,99.6313,14.6892,289,225411,289
1919,Terrain-15,Terrain-A+Terrain-B+Terrain-C+Terrain-D+Terrain-01+Terrain-02+Terrain-03+Terrain-04+Terrain-05+Terrain-06+Terrain-07+Terrain-08+Terrain-09+Terrain-10+Terrain-11+Terrain-12+Terrain-13+Terrain-14+Terrain-16,EmptyLTM,0,30,30,1,136.6065,136.6065,20.1407,0,0,0
2020,Terrain-15,Terrain-A+Terrain-B+Terrain-C+Terrain-D+Terrain-01+Terrain-02+Terrain-03+Terrain-04+Terrain-05+Terrain-06+Terrain-07+Terrain-08+Terrain-09+Terrain-10+Terrain-11+Terrain-12+Terrain-13+Terrain-14+Terrain-16,SuccessWeighted,0,30,30,1,26.1562,26.1562,3.8564,512,884,512
2020,Terrain-15,Terrain-A+Terrain-B+Terrain-C+Terrain-D+Terrain-01+Terrain-02+Terrain-03+Terrain-04+Terrain-05+Terrain-06+Terrain-07+Terrain-08+Terrain-09+Terrain-10+Terrain-11+Terrain-12+Terrain-13+Terrain-14+Terrain-16,TabularNgramBC,0,30,30,1,134.3403,134.3403,19.8066,294,225453,294
2020,Terrain-15,Terrain-A+Terrain-B+Terrain-C+Terrain-D+Terrain-01+Terrain-02+Terrain-03+Terrain-04+Terrain-05+Terrain-06+Terrain-07+Terrain-08+Terrain-09+Terrain-10+Terrain-11+Terrain-12+Terrain-13+Terrain-14+Terrain-16,EmptyLTM,0,30,30,1,152.7887,152.7887,22.5266,0,0,0
2121,Terrain-15,Terrain-A+Terrain-B+Terrain-C+Terrain-D+Terrain-01+Terrain-02+Terrain-03+Terrain-04+Terrain-05+Terrain-06+Terrain-07+Terrain-08+Terrain-09+Terrain-10+Terrain-11+Terrain-12+Terrain-13+Terrain-14+Terrain-16,SuccessWeighted,0,30,30,1,28.4131,28.4131,4.1891,512,902,512
2121,Terrain-15,Terrain-A+Terrain-B+Terrain-C+Terrain-D+Terrain-01+Terrain-02+Terrain-03+Terrain-04+Terrain-05+Terrain-06+Terrain-07+Terrain-08+Terrain-09+Terrain-10+Terrain-11+Terrain-12+Terrain-13+Terrain-14+Terrain-16,TabularNgramBC,0,30,30,1,95.9121,95.9121,14.1409,287,225393,287
2121,Terrain-15,Terrain-A+Terrain-B+Terrain-C+Terrain-D+Terrain-01+Terrain-02+Terrain-03+Terrain-04+Terrain-05+Terrain-06+Terrain-07+Terrain-08+Terrain-09+Terrain-10+Terrain-11+Terrain-12+Terrain-13+Terrain-14+Terrain-16,EmptyLTM,0,30,30,1,165.5665,165.5665,24.4105,0,0,0
2222,Terrain-15,Terrain-A+Terrain-B+Terrain-C+Terrain-D+Terrain-01+Terrain-02+Terrain-03+Terrain-04+Terrain-05+Terrain-06+Terrain-07+Terrain-08+Terrain-09+Terrain-10+Terrain-11+Terrain-12+Terrain-13+Terrain-14+Terrain-16,SuccessWeighted,0,30,30,1,25.5224,25.5224,3.7629,512,894,512
2222,Terrain-15,Terrain-A+Terrain-B+Terrain-C+Terrain-D+Terrain-01+Terrain-02+Terrain-03+Terrain-04+Terrain-05+Terrain-06+Terrain-07+Terrain-08+Terrain-09+Terrain-10+Terrain-11+Terrain-12+Terrain-13+Terrain-14+Terrain-16,TabularNgramBC,0,30,30,1,111.7613,111.7613,16.4777,287,225609,287
2222,Terrain-15,Terrain-A+Terrain-B+Terrain-C+Terrain-D+Terrain-01+Terrain-02+Terrain-03+Terrain-04+Terrain-05+Terrain-06+Terrain-07+Terrain-08+Terrain-09+Terrain-10+Terrain-11+Terrain-12+Terrain-13+Terrain-14+Terrain-16,EmptyLTM,0,30,30,1,126.3166,126.3166,18.6236,0,0,0
2323,Terrain-15,Terrain-A+Terrain-B+Terrain-C+Terrain-D+Terrain-01+Terrain-02+Terrain-03+Terrain-04+Terrain-05+Terrain-06+Terrain-07+Terrain-08+Terrain-09+Terrain-10+Terrain-11+Terrain-12+Terrain-13+Terrain-14+Terrain-16,SuccessWeighted,0,30,30,1,21.5015,21.5015,3.1701,512,900,512
2323,Terrain-15,Terrain-A+Terrain-B+Terrain-C+Terrain-D+Terrain-01+Terrain-02+Terrain-03+Terrain-04+Terrain-05+Terrain-06+Terrain-07+Terrain-08+Terrain-09+Terrain-10+Terrain-11+Terrain-12+Terrain-13+Terrain-14+Terrain-16,TabularNgramBC,0,30,30,1,86.0711,86.0711,12.69,297,225414,297
2323,Terrain-15,Terrain-A+Terrain-B+Terrain-C+Terrain-D+Terrain-01+Terrain-02+Terrain-03+Terrain-04+Terrain-05+Terrain-06+Terrain-07+Terrain-08+Terrain-09+Terrain-10+Terrain-11+Terrain-12+Terrain-13+Terrain-14+Terrain-16,EmptyLTM,0,30,30,1,171.4689,171.4689,25.2807,0,0,0
2424,Terrain-15,Terrain-A+Terrain-B+Terrain-C+Terrain-D+Terrain-01+Terrain-02+Terrain-03+Terrain-04+Terrain-05+Terrain-06+Terrain-07+Terrain-08+Terrain-09+Terrain-10+Terrain-11+Terrain-12+Terrain-13+Terrain-14+Terrain-16,SuccessWeighted,0,30,30,1,29.907,29.907,4.4094,512,900,512
2424,Terrain-15,Terrain-A+Terrain-B+Terrain-C+Terrain-D+Terrain-01+Terrain-02+Terrain-03+Terrain-04+Terrain-05+Terrain-06+Terrain-07+Terrain-08+Terrain-09+Terrain-10+Terrain-11+Terrain-12+Terrain-13+Terrain-14+Terrain-16,TabularNgramBC,0,30,30,1,81.1976,81.1976,11.9715,295,225360,295
2424,Terrain-15,Terrain-A+Terrain-B+Terrain-C+Terrain-D+Terrain-01+Terrain-02+Terrain-03+Terrain-04+Terrain-05+Terrain-06+Terrain-07+Terrain-08+Terrain-09+Terrain-10+Terrain-11+Terrain-12+Terrain-13+Terrain-14+Terrain-16,EmptyLTM,0,30,29,0.9667,155.5804,146.392,22.9382,0,0,0
2525,Terrain-15,Terrain-A+Terrain-B+Terrain-C+Terrain-D+Terrain-01+Terrain-02+Terrain-03+Terrain-04+Terrain-05+Terrain-06+Terrain-07+Terrain-08+Terrain-09+Terrain-10+Terrain-11+Terrain-12+Terrain-13+Terrain-14+Terrain-16,SuccessWeighted,0,30,30,1,26.1777,26.1777,3.8595,512,902,512
2525,Terrain-15,Terrain-A+Terrain-B+Terrain-C+Terrain-D+Terrain-01+Terrain-02+Terrain-03+Terrain-04+Terrain-05+Terrain-06+Terrain-07+Terrain-08+Terrain-09+Terrain-10+Terrain-11+Terrain-12+Terrain-13+Terrain-14+Terrain-16,TabularNgramBC,0,30,30,1,77.734,77.734,11.4608,289,225630,289
2525,Terrain-15,Terrain-A+Terrain-B+Terrain-C+Terrain-D+Terrain-01+Terrain-02+Terrain-03+Terrain-04+Terrain-05+Terrain-06+Terrain-07+Terrain-08+Terrain-09+Terrain-10+Terrain-11+Terrain-12+Terrain-13+Terrain-14+Terrain-16,EmptyLTM,0,30,29,0.9667,122.8733,111.2358,18.116,0,0,0
101,Terrain-16,Terrain-A+Terrain-B+Terrain-C+Terrain-D+Terrain-01+Terrain-02+Terrain-03+Terrain-04+Terrain-05+Terrain-06+Terrain-07+Terrain-08+Terrain-09+Terrain-10+Terrain-11+Terrain-12+Terrain-13+Terrain-14+Terrain-15,SuccessWeighted,0,30,30,1,25.2862,25.2862,3.9893,512,907,512
101,Terrain-16,Terrain-A+Terrain-B+Terrain-C+Terrain-D+Terrain-01+Terrain-02+Terrain-03+Terrain-04+Terrain-05+Terrain-06+Terrain-07+Terrain-08+Terrain-09+Terrain-10+Terrain-11+Terrain-12+Terrain-13+Terrain-14+Terrain-15,TabularNgramBC,0,30,30,1,79.555,79.555,12.5512,300,226821,300
101,Terrain-16,Terrain-A+Terrain-B+Terrain-C+Terrain-D+Terrain-01+Terrain-02+Terrain-03+Terrain-04+Terrain-05+Terrain-06+Terrain-07+Terrain-08+Terrain-09+Terrain-10+Terrain-11+Terrain-12+Terrain-13+Terrain-14+Terrain-15,EmptyLTM,0,30,27,0.9,276.6011,285.9845,43.6385,0,0,0
202,Terrain-16,Terrain-A+Terrain-B+Terrain-C+Terrain-D+Terrain-01+Terrain-02+Terrain-03+Terrain-04+Terrain-05+Terrain-06+Terrain-07+Terrain-08+Terrain-09+Terrain-10+Terrain-11+Terrain-12+Terrain-13+Terrain-14+Terrain-15,SuccessWeighted,0,30,30,1,26.2047,26.2047,4.1342,512,883,512
202,Terrain-16,Terrain-A+Terrain-B+Terrain-C+Terrain-D+Terrain-01+Terrain-02+Terrain-03+Terrain-04+Terrain-05+Terrain-06+Terrain-07+Terrain-08+Terrain-09+Terrain-10+Terrain-11+Terrain-12+Terrain-13+Terrain-14+Terrain-15,TabularNgramBC,0,30,30,1,80.7606,80.7606,12.7414,295,227103,295
202,Terrain-16,Terrain-A+Terrain-B+Terrain-C+Terrain-D+Terrain-01+Terrain-02+Terrain-03+Terrain-04+Terrain-05+Terrain-06+Terrain-07+Terrain-08+Terrain-09+Terrain-10+Terrain-11+Terrain-12+Terrain-13+Terrain-14+Terrain-15,EmptyLTM,0,30,27,0.9,299.9533,315.929,47.3227,0,0,0
303,Terrain-16,Terrain-A+Terrain-B+Terrain-C+Terrain-D+Terrain-01+Terrain-02+Terrain-03+Terrain-04+Terrain-05+Terrain-06+Terrain-07+Terrain-08+Terrain-09+Terrain-10+Terrain-11+Terrain-12+Terrain-13+Terrain-14+Terrain-15,SuccessWeighted,0,30,30,1,29.4771,29.4771,4.6505,512,892,512
303,Terrain-16,Terrain-A+Terrain-B+Terrain-C+Terrain-D+Terrain-01+Terrain-02+Terrain-03+Terrain-04+Terrain-05+Terrain-06+Terrain-07+Terrain-08+Terrain-09+Terrain-10+Terrain-11+Terrain-12+Terrain-13+Terrain-14+Terrain-15,TabularNgramBC,0,30,30,1,89.9793,89.9793,14.1958,291,226902,291
303,Terrain-16,Terrain-A+Terrain-B+Terrain-C+Terrain-D+Terrain-01+Terrain-02+Terrain-03+Terrain-04+Terrain-05+Terrain-06+Terrain-07+Terrain-08+Terrain-09+Terrain-10+Terrain-11+Terrain-12+Terrain-13+Terrain-14+Terrain-15,EmptyLTM,0,30,26,0.8667,337.7047,373.2652,53.2787,0,0,0
404,Terrain-16,Terrain-A+Terrain-B+Terrain-C+Terrain-D+Terrain-01+Terrain-02+Terrain-03+Terrain-04+Terrain-05+Terrain-06+Terrain-07+Terrain-08+Terrain-09+Terrain-10+Terrain-11+Terrain-12+Terrain-13+Terrain-14+Terrain-15,SuccessWeighted,0,30,30,1,28.2312,28.2312,4.454,512,889,512
404,Terrain-16,Terrain-A+Terrain-B+Terrain-C+Terrain-D+Terrain-01+Terrain-02+Terrain-03+Terrain-04+Terrain-05+Terrain-06+Terrain-07+Terrain-08+Terrain-09+Terrain-10+Terrain-11+Terrain-12+Terrain-13+Terrain-14+Terrain-15,TabularNgramBC,0,30,30,1,95.6079,95.6079,15.0838,298,226746,298
404,Terrain-16,Terrain-A+Terrain-B+Terrain-C+Terrain-D+Terrain-01+Terrain-02+Terrain-03+Terrain-04+Terrain-05+Terrain-06+Terrain-07+Terrain-08+Terrain-09+Terrain-10+Terrain-11+Terrain-12+Terrain-13+Terrain-14+Terrain-15,EmptyLTM,0,30,25,0.8333,336.3551,381.564,53.0658,0,0,0
505,Terrain-16,Terrain-A+Terrain-B+Terrain-C+Terrain-D+Terrain-01+Terrain-02+Terrain-03+Terrain-04+Terrain-05+Terrain-06+Terrain-07+Terrain-08+Terrain-09+Terrain-10+Terrain-11+Terrain-12+Terrain-13+Terrain-14+Terrain-15,SuccessWeighted,0,30,30,1,23.0044,23.0044,3.6293,512,876,512
505,Terrain-16,Terrain-A+Terrain-B+Terrain-C+Terrain-D+Terrain-01+Terrain-02+Terrain-03+Terrain-04+Terrain-05+Terrain-06+Terrain-07+Terrain-08+Terrain-09+Terrain-10+Terrain-11+Terrain-12+Terrain-13+Terrain-14+Terrain-15,TabularNgramBC,0,30,30,1,99.2347,99.2347,15.656,299,226755,299
505,Terrain-16,Terrain-A+Terrain-B+Terrain-C+Terrain-D+Terrain-01+Terrain-02+Terrain-03+Terrain-04+Terrain-05+Terrain-06+Terrain-07+Terrain-08+Terrain-09+Terrain-10+Terrain-11+Terrain-12+Terrain-13+Terrain-14+Terrain-15,EmptyLTM,0,30,28,0.9333,297.7936,306.8895,46.982,0,0,0
606,Terrain-16,Terrain-A+Terrain-B+Terrain-C+Terrain-D+Terrain-01+Terrain-02+Terrain-03+Terrain-04+Terrain-05+Terrain-06+Terrain-07+Terrain-08+Terrain-09+Terrain-10+Terrain-11+Terrain-12+Terrain-13+Terrain-14+Terrain-15,SuccessWeighted,0,30,30,1,27.2475,27.2475,4.2988,512,897,512
606,Terrain-16,Terrain-A+Terrain-B+Terrain-C+Terrain-D+Terrain-01+Terrain-02+Terrain-03+Terrain-04+Terrain-05+Terrain-06+Terrain-07+Terrain-08+Terrain-09+Terrain-10+Terrain-11+Terrain-12+Terrain-13+Terrain-14+Terrain-15,TabularNgramBC,0,30,30,1,105.4397,105.4397,16.6349,298,226893,298
606,Terrain-16,Terrain-A+Terrain-B+Terrain-C+Terrain-D+Terrain-01+Terrain-02+Terrain-03+Terrain-04+Terrain-05+Terrain-06+Terrain-07+Terrain-08+Terrain-09+Terrain-10+Terrain-11+Terrain-12+Terrain-13+Terrain-14+Terrain-15,EmptyLTM,0,30,28,0.9333,337.6788,355.8736,53.2746,0,0,0
707,Terrain-16,Terrain-A+Terrain-B+Terrain-C+Terrain-D+Terrain-01+Terrain-02+Terrain-03+Terrain-04+Terrain-05+Terrain-06+Terrain-07+Terrain-08+Terrain-09+Terrain-10+Terrain-11+Terrain-12+Terrain-13+Terrain-14+Terrain-15,SuccessWeighted,0,30,30,1,27.1958,27.1958,4.2906,512,884,512
707,Terrain-16,Terrain-A+Terrain-B+Terrain-C+Terrain-D+Terrain-01+Terrain-02+Terrain-03+Terrain-04+Terrain-05+Terrain-06+Terrain-07+Terrain-08+Terrain-09+Terrain-10+Terrain-11+Terrain-12+Terrain-13+Terrain-14+Terrain-15,TabularNgramBC,0,30,30,1,91.0261,91.0261,14.3609,287,226914,287
707,Terrain-16,Terrain-A+Terrain-B+Terrain-C+Terrain-D+Terrain-01+Terrain-02+Terrain-03+Terrain-04+Terrain-05+Terrain-06+Terrain-07+Terrain-08+Terrain-09+Terrain-10+Terrain-11+Terrain-12+Terrain-13+Terrain-14+Terrain-15,EmptyLTM,0,30,27,0.9,313.0845,331.7703,49.3944,0,0,0
808,Terrain-16,Terrain-A+Terrain-B+Terrain-C+Terrain-D+Terrain-01+Terrain-02+Terrain-03+Terrain-04+Terrain-05+Terrain-06+Terrain-07+Terrain-08+Terrain-09+Terrain-10+Terrain-11+Terrain-12+Terrain-13+Terrain-14+Terrain-15,SuccessWeighted,0,30,30,1,26.4501,26.4501,4.173,512,899,512
808,Terrain-16,Terrain-A+Terrain-B+Terrain-C+Terrain-D+Terrain-01+Terrain-02+Terrain-03+Terrain-04+Terrain-05+Terrain-06+Terrain-07+Terrain-08+Terrain-09+Terrain-10+Terrain-11+Terrain-12+Terrain-13+Terrain-14+Terrain-15,TabularNgramBC,0,30,30,1,87.6367,87.6367,13.8262,300,226833,300
808,Terrain-16,Terrain-A+Terrain-B+Terrain-C+Terrain-D+Terrain-01+Terrain-02+Terrain-03+Terrain-04+Terrain-05+Terrain-06+Terrain-07+Terrain-08+Terrain-09+Terrain-10+Terrain-11+Terrain-12+Terrain-13+Terrain-14+Terrain-15,EmptyLTM,0,30,25,0.8333,306.8175,335.6411,48.4057,0,0,0
909,Terrain-16,Terrain-A+Terrain-B+Terrain-C+Terrain-D+Terrain-01+Terrain-02+Terrain-03+Terrain-04+Terrain-05+Terrain-06+Terrain-07+Terrain-08+Terrain-09+Terrain-10+Terrain-11+Terrain-12+Terrain-13+Terrain-14+Terrain-15,SuccessWeighted,0,30,30,1,26.3903,26.3903,4.1635,512,902,512
909,Terrain-16,Terrain-A+Terrain-B+Terrain-C+Terrain-D+Terrain-01+Terrain-02+Terrain-03+Terrain-04+Terrain-05+Terrain-06+Terrain-07+Terrain-08+Terrain-09+Terrain-10+Terrain-11+Terrain-12+Terrain-13+Terrain-14+Terrain-15,TabularNgramBC,0,30,30,1,100.7701,100.7701,15.8982,297,226704,297
909,Terrain-16,Terrain-A+Terrain-B+Terrain-C+Terrain-D+Terrain-01+Terrain-02+Terrain-03+Terrain-04+Terrain-05+Terrain-06+Terrain-07+Terrain-08+Terrain-09+Terrain-10+Terrain-11+Terrain-12+Terrain-13+Terrain-14+Terrain-15,EmptyLTM,0,30,28,0.9333,284.3246,291.2955,44.8571,0,0,0
1010,Terrain-16,Terrain-A+Terrain-B+Terrain-C+Terrain-D+Terrain-01+Terrain-02+Terrain-03+Terrain-04+Terrain-05+Terrain-06+Terrain-07+Terrain-08+Terrain-09+Terrain-10+Terrain-11+Terrain-12+Terrain-13+Terrain-14+Terrain-15,SuccessWeighted,0,30,30,1,27.2096,27.2096,4.2928,512,927,512
1010,Terrain-16,Terrain-A+Terrain-B+Terrain-C+Terrain-D+Terrain-01+Terrain-02+Terrain-03+Terrain-04+Terrain-05+Terrain-06+Terrain-07+Terrain-08+Terrain-09+Terrain-10+Terrain-11+Terrain-12+Terrain-13+Terrain-14+Terrain-15,TabularNgramBC,0,30,30,1,74.922,74.922,11.8202,294,227013,294
1010,Terrain-16,Terrain-A+Terrain-B+Terrain-C+Terrain-D+Terrain-01+Terrain-02+Terrain-03+Terrain-04+Terrain-05+Terrain-06+Terrain-07+Terrain-08+Terrain-09+Terrain-10+Terrain-11+Terrain-12+Terrain-13+Terrain-14+Terrain-15,EmptyLTM,0,30,28,0.9333,245.7821,244.9959,38.7763,0,0,0
1111,Terrain-16,Terrain-A+Terrain-B+Terrain-C+Terrain-D+Terrain-01+Terrain-02+Terrain-03+Terrain-04+Terrain-05+Terrain-06+Terrain-07+Terrain-08+Terrain-09+Terrain-10+Terrain-11+Terrain-12+Terrain-13+Terrain-14+Terrain-15,SuccessWeighted,0,30,30,1,31.4826,31.4826,4.9669,512,910,512
1111,Terrain-16,Terrain-A+Terrain-B+Terrain-C+Terrain-D+Terrain-01+Terrain-02+Terrain-03+Terrain-04+Terrain-05+Terrain-06+Terrain-07+Terrain-08+Terrain-09+Terrain-10+Terrain-11+Terrain-12+Terrain-13+Terrain-14+Terrain-15,TabularNgramBC,0,30,30,1,103.1831,103.1831,16.2789,296,226905,296
1111,Terrain-16,Terrain-A+Terrain-B+Terrain-C+Terrain-D+Terrain-01+Terrain-02+Terrain-03+Terrain-04+Terrain-05+Terrain-06+Terrain-07+Terrain-08+Terrain-09+Terrain-10+Terrain-11+Terrain-12+Terrain-13+Terrain-14+Terrain-15,EmptyLTM,0,30,29,0.9667,280.5434,283.4398,44.2605,0,0,0
1212,Terrain-16,Terrain-A+Terrain-B+Terrain-C+Terrain-D+Terrain-01+Terrain-02+Terrain-03+Terrain-04+Terrain-05+Terrain-06+Terrain-07+Terrain-08+Terrain-09+Terrain-10+Terrain-11+Terrain-12+Terrain-13+Terrain-14+Terrain-15,SuccessWeighted,0,30,30,1,25.0074,25.0074,3.9453,512,901,512
1212,Terrain-16,Terrain-A+Terrain-B+Terrain-C+Terrain-D+Terrain-01+Terrain-02+Terrain-03+Terrain-04+Terrain-05+Terrain-06+Terrain-07+Terrain-08+Terrain-09+Terrain-10+Terrain-11+Terrain-12+Terrain-13+Terrain-14+Terrain-15,TabularNgramBC,0,30,30,1,104.5223,104.5223,16.4902,294,227148,294
1212,Terrain-16,Terrain-A+Terrain-B+Terrain-C+Terrain-D+Terrain-01+Terrain-02+Terrain-03+Terrain-04+Terrain-05+Terrain-06+Terrain-07+Terrain-08+Terrain-09+Terrain-10+Terrain-11+Terrain-12+Terrain-13+Terrain-14+Terrain-15,EmptyLTM,0,30,29,0.9667,276.6598,279.7845,43.6478,0,0,0
1313,Terrain-16,Terrain-A+Terrain-B+Terrain-C+Terrain-D+Terrain-01+Terrain-02+Terrain-03+Terrain-04+Terrain-05+Terrain-06+Terrain-07+Terrain-08+Terrain-09+Terrain-10+Terrain-11+Terrain-12+Terrain-13+Terrain-14+Terrain-15,SuccessWeighted,0,30,30,1,21.3652,21.3652,3.3707,512,913,512
1313,Terrain-16,Terrain-A+Terrain-B+Terrain-C+Terrain-D+Terrain-01+Terrain-02+Terrain-03+Terrain-04+Terrain-05+Terrain-06+Terrain-07+Terrain-08+Terrain-09+Terrain-10+Terrain-11+Terrain-12+Terrain-13+Terrain-14+Terrain-15,TabularNgramBC,0,30,30,1,97.8784,97.8784,15.442,295,227061,295
1313,Terrain-16,Terrain-A+Terrain-B+Terrain-C+Terrain-D+Terrain-01+Terrain-02+Terrain-03+Terrain-04+Terrain-05+Terrain-06+Terrain-07+Terrain-08+Terrain-09+Terrain-10+Terrain-11+Terrain-12+Terrain-13+Terrain-14+Terrain-15,EmptyLTM,0,30,27,0.9,290.1808,304.0319,45.781,0,0,0
1414,Terrain-16,Terrain-A+Terrain-B+Terrain-C+Terrain-D+Terrain-01+Terrain-02+Terrain-03+Terrain-04+Terrain-05+Terrain-06+Terrain-07+Terrain-08+Terrain-09+Terrain-10+Terrain-11+Terrain-12+Terrain-13+Terrain-14+Terrain-15,SuccessWeighted,0,30,30,1,30.8551,30.8551,4.8679,512,899,512
1414,Terrain-16,Terrain-A+Terrain-B+Terrain-C+Terrain-D+Terrain-01+Terrain-02+Terrain-03+Terrain-04+Terrain-05+Terrain-06+Terrain-07+Terrain-08+Terrain-09+Terrain-10+Terrain-11+Terrain-12+Terrain-13+Terrain-14+Terrain-15,TabularNgramBC,0,30,30,1,85.4875,85.4875,13.4871,298,227001,298
1414,Terrain-16,Terrain-A+Terrain-B+Terrain-C+Terrain-D+Terrain-01+Terrain-02+Terrain-03+Terrain-04+Terrain-05+Terrain-06+Terrain-07+Terrain-08+Terrain-09+Terrain-10+Terrain-11+Terrain-12+Terrain-13+Terrain-14+Terrain-15,EmptyLTM,0,30,28,0.9333,238.6185,236.249,37.6461,0,0,0
1515,Terrain-16,Terrain-A+Terrain-B+Terrain-C+Terrain-D+Terrain-01+Terrain-02+Terrain-03+Terrain-04+Terrain-05+Terrain-06+Terrain-07+Terrain-08+Terrain-09+Terrain-10+Terrain-11+Terrain-12+Terrain-13+Terrain-14+Terrain-15,SuccessWeighted,0,30,30,1,50.7494,50.7494,8.0066,512,915,512
1515,Terrain-16,Terrain-A+Terrain-B+Terrain-C+Terrain-D+Terrain-01+Terrain-02+Terrain-03+Terrain-04+Terrain-05+Terrain-06+Terrain-07+Terrain-08+Terrain-09+Terrain-10+Terrain-11+Terrain-12+Terrain-13+Terrain-14+Terrain-15,TabularNgramBC,0,30,30,1,121.3537,121.3537,19.1456,293,227196,293
1515,Terrain-16,Terrain-A+Terrain-B+Terrain-C+Terrain-D+Terrain-01+Terrain-02+Terrain-03+Terrain-04+Terrain-05+Terrain-06+Terrain-07+Terrain-08+Terrain-09+Terrain-10+Terrain-11+Terrain-12+Terrain-13+Terrain-14+Terrain-15,EmptyLTM,0,30,26,0.8667,263.5784,272.5659,41.584,0,0,0
1616,Terrain-16,Terrain-A+Terrain-B+Terrain-C+Terrain-D+Terrain-01+Terrain-02+Terrain-03+Terrain-04+Terrain-05+Terrain-06+Terrain-07+Terrain-08+Terrain-09+Terrain-10+Terrain-11+Terrain-12+Terrain-13+Terrain-14+Terrain-15,SuccessWeighted,0,30,30,1,27.888,27.888,4.3998,512,912,512
1616,Terrain-16,Terrain-A+Terrain-B+Terrain-C+Terrain-D+Terrain-01+Terrain-02+Terrain-03+Terrain-04+Terrain-05+Terrain-06+Terrain-07+Terrain-08+Terrain-09+Terrain-10+Terrain-11+Terrain-12+Terrain-13+Terrain-14+Terrain-15,TabularNgramBC,0,30,30,1,66.2772,66.2772,10.4564,295,226854,295
1616,Terrain-16,Terrain-A+Terrain-B+Terrain-C+Terrain-D+Terrain-01+Terrain-02+Terrain-03+Terrain-04+Terrain-05+Terrain-06+Terrain-07+Terrain-08+Terrain-09+Terrain-10+Terrain-11+Terrain-12+Terrain-13+Terrain-14+Terrain-15,EmptyLTM,0,30,26,0.8667,315.8341,342.6893,49.8282,0,0,0
1717,Terrain-16,Terrain-A+Terrain-B+Terrain-C+Terrain-D+Terrain-01+Terrain-02+Terrain-03+Terrain-04+Terrain-05+Terrain-06+Terrain-07+Terrain-08+Terrain-09+Terrain-10+Terrain-11+Terrain-12+Terrain-13+Terrain-14+Terrain-15,SuccessWeighted,0,30,30,1,27.169,27.169,4.2864,512,900,512
1717,Terrain-16,Terrain-A+Terrain-B+Terrain-C+Terrain-D+Terrain-01+Terrain-02+Terrain-03+Terrain-04+Terrain-05+Terrain-06+Terrain-07+Terrain-08+Terrain-09+Terrain-10+Terrain-11+Terrain-12+Terrain-13+Terrain-14+Terrain-15,TabularNgramBC,0,30,30,1,85.0061,85.0061,13.4112,296,226953,296
1717,Terrain-16,Terrain-A+Terrain-B+Terrain-C+Terrain-D+Terrain-01+Terrain-02+Terrain-03+Terrain-04+Terrain-05+Terrain-06+Terrain-07+Terrain-08+Terrain-09+Terrain-10+Terrain-11+Terrain-12+Terrain-13+Terrain-14+Terrain-15,EmptyLTM,0,30,25,0.8333,372.635,434.8837,58.7895,0,0,0
1818,Terrain-16,Terrain-A+Terrain-B+Terrain-C+Terrain-D+Terrain-01+Terrain-02+Terrain-03+Terrain-04+Terrain-05+Terrain-06+Terrain-07+Terrain-08+Terrain-09+Terrain-10+Terrain-11+Terrain-12+Terrain-13+Terrain-14+Terrain-15,SuccessWeighted,0,30,30,1,30.055,30.055,4.7417,512,910,512
1818,Terrain-16,Terrain-A+Terrain-B+Terrain-C+Terrain-D+Terrain-01+Terrain-02+Terrain-03+Terrain-04+Terrain-05+Terrain-06+Terrain-07+Terrain-08+Terrain-09+Terrain-10+Terrain-11+Terrain-12+Terrain-13+Terrain-14+Terrain-15,TabularNgramBC,0,30,30,1,75.2187,75.2187,11.867,296,226842,296
1818,Terrain-16,Terrain-A+Terrain-B+Terrain-C+Terrain-D+Terrain-01+Terrain-02+Terrain-03+Terrain-04+Terrain-05+Terrain-06+Terrain-07+Terrain-08+Terrain-09+Terrain-10+Terrain-11+Terrain-12+Terrain-13+Terrain-14+Terrain-15,EmptyLTM,0,30,26,0.8667,332.0739,362.7757,52.3903,0,0,0
1919,Terrain-16,Terrain-A+Terrain-B+Terrain-C+Terrain-D+Terrain-01+Terrain-02+Terrain-03+Terrain-04+Terrain-05+Terrain-06+Terrain-07+Terrain-08+Terrain-09+Terrain-10+Terrain-11+Terrain-12+Terrain-13+Terrain-14+Terrain-15,SuccessWeighted,0,30,30,1,25.0739,25.0739,3.9558,512,896,512
1919,Terrain-16,Terrain-A+Terrain-B+Terrain-C+Terrain-D+Terrain-01+Terrain-02+Terrain-03+Terrain-04+Terrain-05+Terrain-06+Terrain-07+Terrain-08+Terrain-09+Terrain-10+Terrain-11+Terrain-12+Terrain-13+Terrain-14+Terrain-15,TabularNgramBC,0,30,30,1,88.9447,88.9447,14.0326,294,226950,294
1919,Terrain-16,Terrain-A+Terrain-B+Terrain-C+Terrain-D+Terrain-01+Terrain-02+Terrain-03+Terrain-04+Terrain-05+Terrain-06+Terrain-07+Terrain-08+Terrain-09+Terrain-10+Terrain-11+Terrain-12+Terrain-13+Terrain-14+Terrain-15,EmptyLTM,0,30,24,0.8,329.8807,380.634,52.0443,0,0,0
2020,Terrain-16,Terrain-A+Terrain-B+Terrain-C+Terrain-D+Terrain-01+Terrain-02+Terrain-03+Terrain-04+Terrain-05+Terrain-06+Terrain-07+Terrain-08+Terrain-09+Terrain-10+Terrain-11+Terrain-12+Terrain-13+Terrain-14+Terrain-15,SuccessWeighted,0,30,30,1,30.457,30.457,4.8051,512,899,512
2020,Terrain-16,Terrain-A+Terrain-B+Terrain-C+Terrain-D+Terrain-01+Terrain-02+Terrain-03+Terrain-04+Terrain-05+Terrain-06+Terrain-07+Terrain-08+Terrain-09+Terrain-10+Terrain-11+Terrain-12+Terrain-13+Terrain-14+Terrain-15,TabularNgramBC,0,30,30,1,94.8794,94.8794,14.9688,295,227058,295
2020,Terrain-16,Terrain-A+Terrain-B+Terrain-C+Terrain-D+Terrain-01+Terrain-02+Terrain-03+Terrain-04+Terrain-05+Terrain-06+Terrain-07+Terrain-08+Terrain-09+Terrain-10+Terrain-11+Terrain-12+Terrain-13+Terrain-14+Terrain-15,EmptyLTM,0,30,22,0.7333,427.6077,572.0038,67.4624,0,0,0
2121,Terrain-16,Terrain-A+Terrain-B+Terrain-C+Terrain-D+Terrain-01+Terrain-02+Terrain-03+Terrain-04+Terrain-05+Terrain-06+Terrain-07+Terrain-08+Terrain-09+Terrain-10+Terrain-11+Terrain-12+Terrain-13+Terrain-14+Terrain-15,SuccessWeighted,0,30,30,1,29.2208,29.2208,4.6101,512,913,512
2121,Terrain-16,Terrain-A+Terrain-B+Terrain-C+Terrain-D+Terrain-01+Terrain-02+Terrain-03+Terrain-04+Terrain-05+Terrain-06+Terrain-07+Terrain-08+Terrain-09+Terrain-10+Terrain-11+Terrain-12+Terrain-13+Terrain-14+Terrain-15,TabularNgramBC,0,30,30,1,133.0615,133.0615,20.9927,293,226935,293
2121,Terrain-16,Terrain-A+Terrain-B+Terrain-C+Terrain-D+Terrain-01+Terrain-02+Terrain-03+Terrain-04+Terrain-05+Terrain-06+Terrain-07+Terrain-08+Terrain-09+Terrain-10+Terrain-11+Terrain-12+Terrain-13+Terrain-14+Terrain-15,EmptyLTM,0,30,26,0.8667,270.2545,279.1228,42.6373,0,0,0
2222,Terrain-16,Terrain-A+Terrain-B+Terrain-C+Terrain-D+Terrain-01+Terrain-02+Terrain-03+Terrain-04+Terrain-05+Terrain-06+Terrain-07+Terrain-08+Terrain-09+Terrain-10+Terrain-11+Terrain-12+Terrain-13+Terrain-14+Terrain-15,SuccessWeighted,0,30,30,1,21.3151,21.3151,3.3628,512,902,512
2222,Terrain-16,Terrain-A+Terrain-B+Terrain-C+Terrain-D+Terrain-01+Terrain-02+Terrain-03+Terrain-04+Terrain-05+Terrain-06+Terrain-07+Terrain-08+Terrain-09+Terrain-10+Terrain-11+Terrain-12+Terrain-13+Terrain-14+Terrain-15,TabularNgramBC,0,30,30,1,88.722,88.722,13.9974,296,227163,296
2222,Terrain-16,Terrain-A+Terrain-B+Terrain-C+Terrain-D+Terrain-01+Terrain-02+Terrain-03+Terrain-04+Terrain-05+Terrain-06+Terrain-07+Terrain-08+Terrain-09+Terrain-10+Terrain-11+Terrain-12+Terrain-13+Terrain-14+Terrain-15,EmptyLTM,0,30,27,0.9,389.4677,432.8692,61.4452,0,0,0
2323,Terrain-16,Terrain-A+Terrain-B+Terrain-C+Terrain-D+Terrain-01+Terrain-02+Terrain-03+Terrain-04+Terrain-05+Terrain-06+Terrain-07+Terrain-08+Terrain-09+Terrain-10+Terrain-11+Terrain-12+Terrain-13+Terrain-14+Terrain-15,SuccessWeighted,0,30,30,1,25.3798,25.3798,4.0041,512,914,512
2323,Terrain-16,Terrain-A+Terrain-B+Terrain-C+Terrain-D+Terrain-01+Terrain-02+Terrain-03+Terrain-04+Terrain-05+Terrain-06+Terrain-07+Terrain-08+Terrain-09+Terrain-10+Terrain-11+Terrain-12+Terrain-13+Terrain-14+Terrain-15,TabularNgramBC,0,30,30,1,98.5287,98.5287,15.5446,303,226947,303
2323,Terrain-16,Terrain-A+Terrain-B+Terrain-C+Terrain-D+Terrain-01+Terrain-02+Terrain-03+Terrain-04+Terrain-05+Terrain-06+Terrain-07+Terrain-08+Terrain-09+Terrain-10+Terrain-11+Terrain-12+Terrain-13+Terrain-14+Terrain-15,EmptyLTM,0,30,26,0.8667,313.5524,339.1325,49.4682,0,0,0
2424,Terrain-16,Terrain-A+Terrain-B+Terrain-C+Terrain-D+Terrain-01+Terrain-02+Terrain-03+Terrain-04+Terrain-05+Terrain-06+Terrain-07+Terrain-08+Terrain-09+Terrain-10+Terrain-11+Terrain-12+Terrain-13+Terrain-14+Terrain-15,SuccessWeighted,0,30,30,1,25.2075,25.2075,3.9769,512,918,512
2424,Terrain-16,Terrain-A+Terrain-B+Terrain-C+Terrain-D+Terrain-01+Terrain-02+Terrain-03+Terrain-04+Terrain-05+Terrain-06+Terrain-07+Terrain-08+Terrain-09+Terrain-10+Terrain-11+Terrain-12+Terrain-13+Terrain-14+Terrain-15,TabularNgramBC,0,30,30,1,101.203,101.203,15.9665,298,226947,298
2424,Terrain-16,Terrain-A+Terrain-B+Terrain-C+Terrain-D+Terrain-01+Terrain-02+Terrain-03+Terrain-04+Terrain-05+Terrain-06+Terrain-07+Terrain-08+Terrain-09+Terrain-10+Terrain-11+Terrain-12+Terrain-13+Terrain-14+Terrain-15,EmptyLTM,0,30,29,0.9667,242.6382,242.4611,38.2803,0,0,0
2525,Terrain-16,Terrain-A+Terrain-B+Terrain-C+Terrain-D+Terrain-01+Terrain-02+Terrain-03+Terrain-04+Terrain-05+Terrain-06+Terrain-07+Terrain-08+Terrain-09+Terrain-10+Terrain-11+Terrain-12+Terrain-13+Terrain-14+Terrain-15,SuccessWeighted,0,30,30,1,24.7616,24.7616,3.9066,512,922,512
2525,Terrain-16,Terrain-A+Terrain-B+Terrain-C+Terrain-D+Terrain-01+Terrain-02+Terrain-03+Terrain-04+Terrain-05+Terrain-06+Terrain-07+Terrain-08+Terrain-09+Terrain-10+Terrain-11+Terrain-12+Terrain-13+Terrain-14+Terrain-15,TabularNgramBC,0,30,30,1,92.8684,92.8684,14.6516,294,227220,294
2525,Terrain-16,Terrain-A+Terrain-B+Terrain-C+Terrain-D+Terrain-01+Terrain-02+Terrain-03+Terrain-04+Terrain-05+Terrain-06+Terrain-07+Terrain-08+Terrain-09+Terrain-10+Terrain-11+Terrain-12+Terrain-13+Terrain-14+Terrain-15,EmptyLTM,0,30,26,0.8667,298.2863,318.0891,47.0597,0,0,0
